date,sku_id,category,demand
2023-01-02,SKU-001,Electronics,3
2023-01-03,SKU-001,Electronics,2
2023-01-04,SKU-001,Electronics,3
2023-01-05,SKU-001,Electronics,3
2023-01-06,SKU-001,Electronics,3
2023-01-07,SKU-001,Electronics,2
2023-01-08,SKU-001,Electronics,2
2023-01-09,SKU-001,Electronics,3
2023-01-10,SKU-001,Electronics,2
2023-01-11,SKU-001,Electronics,3
2023-01-12,SKU-001,Electronics,2
2023-01-13,SKU-001,Electronics,2
2023-01-14,SKU-001,Electronics,2
2023-01-15,SKU-001,Electronics,2
2023-01-16,SKU-001,Electronics,3
2023-01-17,SKU-001,Electronics,3
2023-01-18,SKU-001,Electronics,3
2023-01-19,SKU-001,Electronics,3
2023-01-20,SKU-001,Electronics,2
2023-01-21,SKU-001,Electronics,2
2023-01-22,SKU-001,Electronics,3
2023-01-23,SKU-001,Electronics,3
2023-01-24,SKU-001,Electronics,3
2023-01-25,SKU-001,Electronics,2
2023-01-26,SKU-001,Electronics,3
2023-01-27,SKU-001,Electronics,2
2023-01-28,SKU-001,Electronics,3
2023-01-29,SKU-001,Electronics,2
2023-01-30,SKU-001,Electronics,2
2023-01-31,SKU-001,Electronics,3
2023-02-01,SKU-001,Electronics,2
2023-02-02,SKU-001,Electronics,4
2023-02-03,SKU-001,Electronics,4
2023-02-04,SKU-001,Electronics,3
2023-02-05,SKU-001,Electronics,3
2023-02-06,SKU-001,Electronics,2
2023-02-07,SKU-001,Electronics,2
2023-02-08,SKU-001,Electronics,3
2023-02-09,SKU-001,Electronics,2
2023-02-10,SKU-001,Electronics,2
2023-02-11,SKU-001,Electronics,2
2023-02-12,SKU-001,Electronics,2
2023-02-13,SKU-001,Electronics,2
2023-02-14,SKU-001,Electronics,2
2023-02-15,SKU-001,Electronics,2
2023-02-16,SKU-001,Electronics,2
2023-02-17,SKU-001,Electronics,2
2023-02-18,SKU-001,Electronics,2
2023-02-19,SKU-001,Electronics,2
2023-02-20,SKU-001,Electronics,2
2023-02-21,SKU-001,Electronics,3
2023-02-22,SKU-001,Electronics,2
2023-02-23,SKU-001,Electronics,2
2023-02-24,SKU-001,Electronics,2
2023-02-25,SKU-001,Electronics,2
2023-02-26,SKU-001,Electronics,3
2023-02-27,SKU-001,Electronics,3
2023-02-28,SKU-001,Electronics,2
2023-03-01,SKU-001,Electronics,3
2023-03-02,SKU-001,Electronics,2
2023-03-03,SKU-001,Electronics,2
2023-03-04,SKU-001,Electronics,2
2023-03-05,SKU-001,Electronics,2
2023-03-06,SKU-001,Electronics,3
2023-03-07,SKU-001,Electronics,3
2023-03-08,SKU-001,Electronics,3
2023-03-09,SKU-001,Electronics,2
2023-03-10,SKU-001,Electronics,2
2023-03-11,SKU-001,Electronics,2
2023-03-12,SKU-001,Electronics,2
2023-03-13,SKU-001,Electronics,4
2023-03-14,SKU-001,Electronics,3
2023-03-15,SKU-001,Electronics,3
2023-03-16,SKU-001,Electronics,3
2023-03-17,SKU-001,Electronics,2
2023-03-18,SKU-001,Electronics,2
2023-03-19,SKU-001,Electronics,2
2023-03-20,SKU-001,Electronics,3
2023-03-21,SKU-001,Electronics,2
2023-03-22,SKU-001,Electronics,3
2023-03-23,SKU-001,Electronics,2
2023-03-24,SKU-001,Electronics,3
2023-03-25,SKU-001,Electronics,2
2023-03-26,SKU-001,Electronics,2
2023-03-27,SKU-001,Electronics,3
2023-03-28,SKU-001,Electronics,2
2023-03-29,SKU-001,Electronics,3
2023-03-30,SKU-001,Electronics,5
2023-03-31,SKU-001,Electronics,2
2023-04-01,SKU-001,Electronics,2
2023-04-02,SKU-001,Electronics,2
2023-04-03,SKU-001,Electronics,4
2023-04-04,SKU-001,Electronics,2
2023-04-05,SKU-001,Electronics,3
2023-04-06,SKU-001,Electronics,4
2023-04-07,SKU-001,Electronics,2
2023-04-08,SKU-001,Electronics,2
2023-04-09,SKU-001,Electronics,2
2023-04-10,SKU-001,Electronics,2
2023-04-11,SKU-001,Electronics,2
2023-04-12,SKU-001,Electronics,2
2023-04-13,SKU-001,Electronics,2
2023-04-14,SKU-001,Electronics,2
2023-04-15,SKU-001,Electronics,2
2023-04-16,SKU-001,Electronics,2
2023-04-17,SKU-001,Electronics,3
2023-04-18,SKU-001,Electronics,3
2023-04-19,SKU-001,Electronics,3
2023-04-20,SKU-001,Electronics,3
2023-04-21,SKU-001,Electronics,3
2023-04-22,SKU-001,Electronics,2
2023-04-23,SKU-001,Electronics,2
2023-04-24,SKU-001,Electronics,3
2023-04-25,SKU-001,Electronics,3
2023-04-26,SKU-001,Electronics,3
2023-04-27,SKU-001,Electronics,2
2023-04-28,SKU-001,Electronics,3
2023-04-29,SKU-001,Electronics,2
2023-04-30,SKU-001,Electronics,2
2023-05-01,SKU-001,Electronics,2
2023-05-02,SKU-001,Electronics,3
2023-05-03,SKU-001,Electronics,2
2023-05-04,SKU-001,Electronics,3
2023-05-05,SKU-001,Electronics,3
2023-05-06,SKU-001,Electronics,2
2023-05-07,SKU-001,Electronics,2
2023-05-08,SKU-001,Electronics,3
2023-05-09,SKU-001,Electronics,3
2023-05-10,SKU-001,Electronics,3
2023-05-11,SKU-001,Electronics,3
2023-05-12,SKU-001,Electronics,2
2023-05-13,SKU-001,Electronics,2
2023-05-14,SKU-001,Electronics,2
2023-05-15,SKU-001,Electronics,2
2023-05-16,SKU-001,Electronics,2
2023-05-17,SKU-001,Electronics,3
2023-05-18,SKU-001,Electronics,3
2023-05-19,SKU-001,Electronics,4
2023-05-20,SKU-001,Electronics,3
2023-05-21,SKU-001,Electronics,2
2023-05-22,SKU-001,Electronics,2
2023-05-23,SKU-001,Electronics,3
2023-05-24,SKU-001,Electronics,2
2023-05-25,SKU-001,Electronics,4
2023-05-26,SKU-001,Electronics,2
2023-05-27,SKU-001,Electronics,3
2023-05-28,SKU-001,Electronics,2
2023-05-29,SKU-001,Electronics,3
2023-05-30,SKU-001,Electronics,3
2023-05-31,SKU-001,Electronics,3
2023-06-01,SKU-001,Electronics,2
2023-06-02,SKU-001,Electronics,2
2023-06-03,SKU-001,Electronics,4
2023-06-04,SKU-001,Electronics,2
2023-06-05,SKU-001,Electronics,3
2023-06-06,SKU-001,Electronics,2
2023-06-07,SKU-001,Electronics,3
2023-06-08,SKU-001,Electronics,2
2023-06-09,SKU-001,Electronics,2
2023-06-10,SKU-001,Electronics,2
2023-06-11,SKU-001,Electronics,2
2023-06-12,SKU-001,Electronics,2
2023-06-13,SKU-001,Electronics,3
2023-06-14,SKU-001,Electronics,3
2023-06-15,SKU-001,Electronics,2
2023-06-16,SKU-001,Electronics,3
2023-06-17,SKU-001,Electronics,3
2023-06-18,SKU-001,Electronics,3
2023-06-19,SKU-001,Electronics,3
2023-06-20,SKU-001,Electronics,3
2023-06-21,SKU-001,Electronics,3
2023-06-22,SKU-001,Electronics,2
2023-06-23,SKU-001,Electronics,3
2023-06-24,SKU-001,Electronics,2
2023-06-25,SKU-001,Electronics,2
2023-06-26,SKU-001,Electronics,3
2023-06-27,SKU-001,Electronics,4
2023-06-28,SKU-001,Electronics,3
2023-06-29,SKU-001,Electronics,2
2023-06-30,SKU-001,Electronics,2
2023-07-01,SKU-001,Electronics,2
2023-07-02,SKU-001,Electronics,3
2023-07-03,SKU-001,Electronics,2
2023-07-04,SKU-001,Electronics,2
2023-07-05,SKU-001,Electronics,2
2023-07-06,SKU-001,Electronics,2
2023-07-07,SKU-001,Electronics,2
2023-07-08,SKU-001,Electronics,2
2023-07-09,SKU-001,Electronics,3
2023-07-10,SKU-001,Electronics,2
2023-07-11,SKU-001,Electronics,3
2023-07-12,SKU-001,Electronics,4
2023-07-13,SKU-001,Electronics,2
2023-07-14,SKU-001,Electronics,2
2023-07-15,SKU-001,Electronics,2
2023-07-16,SKU-001,Electronics,2
2023-07-17,SKU-001,Electronics,2
2023-07-18,SKU-001,Electronics,3
2023-07-19,SKU-001,Electronics,2
2023-07-20,SKU-001,Electronics,3
2023-07-21,SKU-001,Electronics,3
2023-07-22,SKU-001,Electronics,2
2023-07-23,SKU-001,Electronics,2
2023-07-24,SKU-001,Electronics,3
2023-07-25,SKU-001,Electronics,3
2023-07-26,SKU-001,Electronics,3
2023-07-27,SKU-001,Electronics,3
2023-07-28,SKU-001,Electronics,2
2023-07-29,SKU-001,Electronics,2
2023-07-30,SKU-001,Electronics,3
2023-07-31,SKU-001,Electronics,4
2023-08-01,SKU-001,Electronics,3
2023-08-02,SKU-001,Electronics,3
2023-08-03,SKU-001,Electronics,3
2023-08-04,SKU-001,Electronics,2
2023-08-05,SKU-001,Electronics,2
2023-08-06,SKU-001,Electronics,2
2023-08-07,SKU-001,Electronics,3
2023-08-08,SKU-001,Electronics,2
2023-08-09,SKU-001,Electronics,3
2023-08-10,SKU-001,Electronics,3
2023-08-11,SKU-001,Electronics,2
2023-08-12,SKU-001,Electronics,2
2023-08-13,SKU-001,Electronics,2
2023-08-14,SKU-001,Electronics,2
2023-08-15,SKU-001,Electronics,3
2023-08-16,SKU-001,Electronics,2
2023-08-17,SKU-001,Electronics,2
2023-08-18,SKU-001,Electronics,2
2023-08-19,SKU-001,Electronics,2
2023-08-20,SKU-001,Electronics,3
2023-08-21,SKU-001,Electronics,2
2023-08-22,SKU-001,Electronics,3
2023-08-23,SKU-001,Electronics,2
2023-08-24,SKU-001,Electronics,3
2023-08-25,SKU-001,Electronics,2
2023-08-26,SKU-001,Electronics,2
2023-08-27,SKU-001,Electronics,2
2023-08-28,SKU-001,Electronics,3
2023-08-29,SKU-001,Electronics,3
2023-08-30,SKU-001,Electronics,2
2023-08-31,SKU-001,Electronics,3
2023-09-01,SKU-001,Electronics,2
2023-09-02,SKU-001,Electronics,2
2023-09-03,SKU-001,Electronics,2
2023-09-04,SKU-001,Electronics,2
2023-09-05,SKU-001,Electronics,3
2023-09-06,SKU-001,Electronics,3
2023-09-07,SKU-001,Electronics,3
2023-09-08,SKU-001,Electronics,3
2023-09-09,SKU-001,Electronics,2
2023-09-10,SKU-001,Electronics,2
2023-09-11,SKU-001,Electronics,3
2023-09-12,SKU-001,Electronics,3
2023-09-13,SKU-001,Electronics,2
2023-09-14,SKU-001,Electronics,3
2023-09-15,SKU-001,Electronics,3
2023-09-16,SKU-001,Electronics,2
2023-09-17,SKU-001,Electronics,3
2023-09-18,SKU-001,Electronics,3
2023-09-19,SKU-001,Electronics,2
2023-09-20,SKU-001,Electronics,3
2023-09-21,SKU-001,Electronics,3
2023-09-22,SKU-001,Electronics,2
2023-09-23,SKU-001,Electronics,2
2023-09-24,SKU-001,Electronics,2
2023-09-25,SKU-001,Electronics,3
2023-09-26,SKU-001,Electronics,3
2023-09-27,SKU-001,Electronics,4
2023-09-28,SKU-001,Electronics,3
2023-09-29,SKU-001,Electronics,3
2023-09-30,SKU-001,Electronics,2
2023-10-01,SKU-001,Electronics,2
2023-10-02,SKU-001,Electronics,3
2023-10-03,SKU-001,Electronics,3
2023-10-04,SKU-001,Electronics,2
2023-10-05,SKU-001,Electronics,3
2023-10-06,SKU-001,Electronics,2
2023-10-07,SKU-001,Electronics,2
2023-10-08,SKU-001,Electronics,2
2023-10-09,SKU-001,Electronics,3
2023-10-10,SKU-001,Electronics,2
2023-10-11,SKU-001,Electronics,4
2023-10-12,SKU-001,Electronics,3
2023-10-13,SKU-001,Electronics,2
2023-10-14,SKU-001,Electronics,2
2023-10-15,SKU-001,Electronics,2
2023-10-16,SKU-001,Electronics,2
2023-10-17,SKU-001,Electronics,4
2023-10-18,SKU-001,Electronics,2
2023-10-19,SKU-001,Electronics,3
2023-10-20,SKU-001,Electronics,2
2023-10-21,SKU-001,Electronics,2
2023-10-22,SKU-001,Electronics,2
2023-10-23,SKU-001,Electronics,2
2023-10-24,SKU-001,Electronics,3
2023-10-25,SKU-001,Electronics,3
2023-10-26,SKU-001,Electronics,3
2023-10-27,SKU-001,Electronics,3
2023-10-28,SKU-001,Electronics,2
2023-10-29,SKU-001,Electronics,2
2023-10-30,SKU-001,Electronics,3
2023-10-31,SKU-001,Electronics,3
2023-11-01,SKU-001,Electronics,3
2023-11-02,SKU-001,Electronics,2
2023-11-03,SKU-001,Electronics,2
2023-11-04,SKU-001,Electronics,2
2023-11-05,SKU-001,Electronics,2
2023-11-06,SKU-001,Electronics,3
2023-11-07,SKU-001,Electronics,3
2023-11-08,SKU-001,Electronics,3
2023-11-09,SKU-001,Electronics,3
2023-11-10,SKU-001,Electronics,2
2023-11-11,SKU-001,Electronics,2
2023-11-12,SKU-001,Electronics,3
2023-11-13,SKU-001,Electronics,2
2023-11-14,SKU-001,Electronics,3
2023-11-15,SKU-001,Electronics,3
2023-11-16,SKU-001,Electronics,3
2023-11-17,SKU-001,Electronics,3
2023-11-18,SKU-001,Electronics,3
2023-11-19,SKU-001,Electronics,2
2023-11-20,SKU-001,Electronics,2
2023-11-21,SKU-001,Electronics,4
2023-11-22,SKU-001,Electronics,3
2023-11-23,SKU-001,Electronics,3
2023-11-24,SKU-001,Electronics,3
2023-11-25,SKU-001,Electronics,2
2023-11-26,SKU-001,Electronics,2
2023-11-27,SKU-001,Electronics,2
2023-11-28,SKU-001,Electronics,4
2023-11-29,SKU-001,Electronics,4
2023-11-30,SKU-001,Electronics,2
2023-12-01,SKU-001,Electronics,2
2023-12-02,SKU-001,Electronics,3
2023-12-03,SKU-001,Electronics,3
2023-12-04,SKU-001,Electronics,2
2023-12-05,SKU-001,Electronics,2
2023-12-06,SKU-001,Electronics,4
2023-12-07,SKU-001,Electronics,3
2023-12-08,SKU-001,Electronics,3
2023-12-09,SKU-001,Electronics,3
2023-12-10,SKU-001,Electronics,3
2023-12-11,SKU-001,Electronics,2
2023-12-12,SKU-001,Electronics,4
2023-12-13,SKU-001,Electronics,3
2023-12-14,SKU-001,Electronics,2
2023-12-15,SKU-001,Electronics,2
2023-12-16,SKU-001,Electronics,2
2023-12-17,SKU-001,Electronics,2
2023-12-18,SKU-001,Electronics,4
2023-12-19,SKU-001,Electronics,3
2023-12-20,SKU-001,Electronics,4
2023-12-21,SKU-001,Electronics,2
2023-12-22,SKU-001,Electronics,2
2023-12-23,SKU-001,Electronics,2
2023-12-24,SKU-001,Electronics,3
2023-12-25,SKU-001,Electronics,3
2023-12-26,SKU-001,Electronics,4
2023-12-27,SKU-001,Electronics,3
2023-12-28,SKU-001,Electronics,3
2023-12-29,SKU-001,Electronics,5
2023-12-30,SKU-001,Electronics,2
2023-12-31,SKU-001,Electronics,3
2024-01-01,SKU-001,Electronics,2
2024-01-02,SKU-001,Electronics,3
2024-01-03,SKU-001,Electronics,3
2024-01-04,SKU-001,Electronics,3
2024-01-05,SKU-001,Electronics,3
2024-01-06,SKU-001,Electronics,2
2024-01-07,SKU-001,Electronics,3
2024-01-08,SKU-001,Electronics,4
2024-01-09,SKU-001,Electronics,5
2024-01-10,SKU-001,Electronics,4
2024-01-11,SKU-001,Electronics,4
2024-01-12,SKU-001,Electronics,2
2024-01-13,SKU-001,Electronics,3
2024-01-14,SKU-001,Electronics,2
2024-01-15,SKU-001,Electronics,3
2024-01-16,SKU-001,Electronics,3
2024-01-17,SKU-001,Electronics,3
2024-01-18,SKU-001,Electronics,4
2024-01-19,SKU-001,Electronics,2
2024-01-20,SKU-001,Electronics,3
2024-01-21,SKU-001,Electronics,2
2024-01-22,SKU-001,Electronics,3
2024-01-23,SKU-001,Electronics,4
2024-01-24,SKU-001,Electronics,3
2024-01-25,SKU-001,Electronics,3
2024-01-26,SKU-001,Electronics,3
2024-01-27,SKU-001,Electronics,3
2024-01-28,SKU-001,Electronics,3
2024-01-29,SKU-001,Electronics,2
2024-01-30,SKU-001,Electronics,4
2024-01-31,SKU-001,Electronics,4
2024-02-01,SKU-001,Electronics,3
2024-02-02,SKU-001,Electronics,3
2024-02-03,SKU-001,Electronics,3
2024-02-04,SKU-001,Electronics,2
2024-02-05,SKU-001,Electronics,3
2024-02-06,SKU-001,Electronics,2
2024-02-07,SKU-001,Electronics,4
2024-02-08,SKU-001,Electronics,3
2024-02-09,SKU-001,Electronics,3
2024-02-10,SKU-001,Electronics,2
2024-02-11,SKU-001,Electronics,2
2024-02-12,SKU-001,Electronics,2
2024-02-13,SKU-001,Electronics,3
2024-02-14,SKU-001,Electronics,3
2024-02-15,SKU-001,Electronics,3
2024-02-16,SKU-001,Electronics,3
2024-02-17,SKU-001,Electronics,2
2024-02-18,SKU-001,Electronics,2
2024-02-19,SKU-001,Electronics,3
2024-02-20,SKU-001,Electronics,3
2024-02-21,SKU-001,Electronics,3
2024-02-22,SKU-001,Electronics,3
2024-02-23,SKU-001,Electronics,3
2024-02-24,SKU-001,Electronics,2
2024-02-25,SKU-001,Electronics,2
2024-02-26,SKU-001,Electronics,3
2024-02-27,SKU-001,Electronics,4
2024-02-28,SKU-001,Electronics,3
2024-02-29,SKU-001,Electronics,3
2024-03-01,SKU-001,Electronics,3
2024-03-02,SKU-001,Electronics,3
2024-03-03,SKU-001,Electronics,3
2024-03-04,SKU-001,Electronics,3
2024-03-05,SKU-001,Electronics,3
2024-03-06,SKU-001,Electronics,4
2024-03-07,SKU-001,Electronics,4
2024-03-08,SKU-001,Electronics,3
2024-03-09,SKU-001,Electronics,3
2024-03-10,SKU-001,Electronics,2
2024-03-11,SKU-001,Electronics,3
2024-03-12,SKU-001,Electronics,3
2024-03-13,SKU-001,Electronics,3
2024-03-14,SKU-001,Electronics,3
2024-03-15,SKU-001,Electronics,3
2024-03-16,SKU-001,Electronics,3
2024-03-17,SKU-001,Electronics,2
2024-03-18,SKU-001,Electronics,3
2024-03-19,SKU-001,Electronics,3
2024-03-20,SKU-001,Electronics,3
2024-03-21,SKU-001,Electronics,3
2024-03-22,SKU-001,Electronics,3
2024-03-23,SKU-001,Electronics,2
2024-03-24,SKU-001,Electronics,2
2024-03-25,SKU-001,Electronics,3
2024-03-26,SKU-001,Electronics,3
2024-03-27,SKU-001,Electronics,4
2024-03-28,SKU-001,Electronics,4
2024-03-29,SKU-001,Electronics,2
2024-03-30,SKU-001,Electronics,2
2024-03-31,SKU-001,Electronics,2
2024-04-01,SKU-001,Electronics,3
2024-04-02,SKU-001,Electronics,3
2024-04-03,SKU-001,Electronics,3
2024-04-04,SKU-001,Electronics,3
2024-04-05,SKU-001,Electronics,3
2024-04-06,SKU-001,Electronics,3
2024-04-07,SKU-001,Electronics,3
2024-04-08,SKU-001,Electronics,3
2024-04-09,SKU-001,Electronics,4
2024-04-10,SKU-001,Electronics,4
2024-04-11,SKU-001,Electronics,4
2024-04-12,SKU-001,Electronics,3
2024-04-13,SKU-001,Electronics,3
2024-04-14,SKU-001,Electronics,2
2024-04-15,SKU-001,Electronics,3
2024-04-16,SKU-001,Electronics,3
2024-04-17,SKU-001,Electronics,3
2024-04-18,SKU-001,Electronics,3
2024-04-19,SKU-001,Electronics,3
2024-04-20,SKU-001,Electronics,3
2024-04-21,SKU-001,Electronics,4
2024-04-22,SKU-001,Electronics,3
2024-04-23,SKU-001,Electronics,4
2024-04-24,SKU-001,Electronics,3
2024-04-25,SKU-001,Electronics,3
2024-04-26,SKU-001,Electronics,4
2024-04-27,SKU-001,Electronics,3
2024-04-28,SKU-001,Electronics,2
2024-04-29,SKU-001,Electronics,3
2024-04-30,SKU-001,Electronics,3
2024-05-01,SKU-001,Electronics,3
2024-05-02,SKU-001,Electronics,3
2024-05-03,SKU-001,Electronics,3
2024-05-04,SKU-001,Electronics,3
2024-05-05,SKU-001,Electronics,3
2024-05-06,SKU-001,Electronics,3
2024-05-07,SKU-001,Electronics,3
2024-05-08,SKU-001,Electronics,3
2024-05-09,SKU-001,Electronics,3
2024-05-10,SKU-001,Electronics,3
2024-05-11,SKU-001,Electronics,3
2024-05-12,SKU-001,Electronics,3
2024-05-13,SKU-001,Electronics,3
2024-05-14,SKU-001,Electronics,3
2024-05-15,SKU-001,Electronics,3
2024-05-16,SKU-001,Electronics,4
2024-05-17,SKU-001,Electronics,3
2024-05-18,SKU-001,Electronics,3
2024-05-19,SKU-001,Electronics,2
2024-05-20,SKU-001,Electronics,4
2024-05-21,SKU-001,Electronics,4
2024-05-22,SKU-001,Electronics,3
2024-05-23,SKU-001,Electronics,3
2024-05-24,SKU-001,Electronics,3
2024-05-25,SKU-001,Electronics,2
2024-05-26,SKU-001,Electronics,5
2024-05-27,SKU-001,Electronics,3
2024-05-28,SKU-001,Electronics,3
2024-05-29,SKU-001,Electronics,3
2024-05-30,SKU-001,Electronics,4
2024-05-31,SKU-001,Electronics,3
2024-06-01,SKU-001,Electronics,3
2024-06-02,SKU-001,Electronics,3
2024-06-03,SKU-001,Electronics,3
2024-06-04,SKU-001,Electronics,4
2024-06-05,SKU-001,Electronics,3
2024-06-06,SKU-001,Electronics,3
2024-06-07,SKU-001,Electronics,3
2024-06-08,SKU-001,Electronics,3
2024-06-09,SKU-001,Electronics,3
2024-06-10,SKU-001,Electronics,3
2024-06-11,SKU-001,Electronics,3
2024-06-12,SKU-001,Electronics,4
2024-06-13,SKU-001,Electronics,4
2024-06-14,SKU-001,Electronics,3
2024-06-15,SKU-001,Electronics,3
2024-06-16,SKU-001,Electronics,2
2024-06-17,SKU-001,Electronics,3
2024-06-18,SKU-001,Electronics,5
2024-06-19,SKU-001,Electronics,4
2024-06-20,SKU-001,Electronics,4
2024-06-21,SKU-001,Electronics,3
2024-06-22,SKU-001,Electronics,4
2024-06-23,SKU-001,Electronics,3
2024-06-24,SKU-001,Electronics,2
2024-06-25,SKU-001,Electronics,3
2024-06-26,SKU-001,Electronics,3
2024-06-27,SKU-001,Electronics,3
2024-06-28,SKU-001,Electronics,3
2024-06-29,SKU-001,Electronics,2
2024-06-30,SKU-001,Electronics,2
2024-07-01,SKU-001,Electronics,3
2024-07-02,SKU-001,Electronics,3
2024-07-03,SKU-001,Electronics,4
2024-07-04,SKU-001,Electronics,4
2024-07-05,SKU-001,Electronics,3
2024-07-06,SKU-001,Electronics,4
2024-07-07,SKU-001,Electronics,3
2024-07-08,SKU-001,Electronics,3
2024-07-09,SKU-001,Electronics,3
2024-07-10,SKU-001,Electronics,3
2024-07-11,SKU-001,Electronics,3
2024-07-12,SKU-001,Electronics,3
2024-07-13,SKU-001,Electronics,2
2024-07-14,SKU-001,Electronics,3
2024-07-15,SKU-001,Electronics,3
2024-07-16,SKU-001,Electronics,3
2024-07-17,SKU-001,Electronics,3
2024-07-18,SKU-001,Electronics,3
2024-07-19,SKU-001,Electronics,3
2024-07-20,SKU-001,Electronics,2
2024-07-21,SKU-001,Electronics,3
2024-07-22,SKU-001,Electronics,2
2024-07-23,SKU-001,Electronics,3
2024-07-24,SKU-001,Electronics,3
2024-07-25,SKU-001,Electronics,4
2024-07-26,SKU-001,Electronics,3
2024-07-27,SKU-001,Electronics,2
2024-07-28,SKU-001,Electronics,3
2024-07-29,SKU-001,Electronics,3
2024-07-30,SKU-001,Electronics,2
2024-07-31,SKU-001,Electronics,3
2024-08-01,SKU-001,Electronics,3
2024-08-02,SKU-001,Electronics,3
2024-08-03,SKU-001,Electronics,3
2024-08-04,SKU-001,Electronics,3
2024-08-05,SKU-001,Electronics,2
2024-08-06,SKU-001,Electronics,4
2024-08-07,SKU-001,Electronics,3
2024-08-08,SKU-001,Electronics,4
2024-08-09,SKU-001,Electronics,2
2024-08-10,SKU-001,Electronics,4
2024-08-11,SKU-001,Electronics,4
2024-08-12,SKU-001,Electronics,3
2024-08-13,SKU-001,Electronics,3
2024-08-14,SKU-001,Electronics,3
2024-08-15,SKU-001,Electronics,3
2024-08-16,SKU-001,Electronics,2
2024-08-17,SKU-001,Electronics,2
2024-08-18,SKU-001,Electronics,2
2024-08-19,SKU-001,Electronics,4
2024-08-20,SKU-001,Electronics,5
2024-08-21,SKU-001,Electronics,3
2024-08-22,SKU-001,Electronics,4
2024-08-23,SKU-001,Electronics,3
2024-08-24,SKU-001,Electronics,2
2024-08-25,SKU-001,Electronics,3
2024-08-26,SKU-001,Electronics,3
2024-08-27,SKU-001,Electronics,4
2024-08-28,SKU-001,Electronics,3
2024-08-29,SKU-001,Electronics,5
2024-08-30,SKU-001,Electronics,2
2024-08-31,SKU-001,Electronics,3
2024-09-01,SKU-001,Electronics,2
2024-09-02,SKU-001,Electronics,3
2024-09-03,SKU-001,Electronics,3
2024-09-04,SKU-001,Electronics,4
2024-09-05,SKU-001,Electronics,3
2024-09-06,SKU-001,Electronics,3
2024-09-07,SKU-001,Electronics,3
2024-09-08,SKU-001,Electronics,3
2024-09-09,SKU-001,Electronics,2
2024-09-10,SKU-001,Electronics,3
2024-09-11,SKU-001,Electronics,3
2024-09-12,SKU-001,Electronics,3
2024-09-13,SKU-001,Electronics,2
2024-09-14,SKU-001,Electronics,3
2024-09-15,SKU-001,Electronics,4
2024-09-16,SKU-001,Electronics,3
2024-09-17,SKU-001,Electronics,4
2024-09-18,SKU-001,Electronics,3
2024-09-19,SKU-001,Electronics,2
2024-09-20,SKU-001,Electronics,2
2024-09-21,SKU-001,Electronics,3
2024-09-22,SKU-001,Electronics,2
2024-09-23,SKU-001,Electronics,3
2024-09-24,SKU-001,Electronics,4
2024-09-25,SKU-001,Electronics,3
2024-09-26,SKU-001,Electronics,4
2024-09-27,SKU-001,Electronics,2
2024-09-28,SKU-001,Electronics,2
2024-09-29,SKU-001,Electronics,3
2024-09-30,SKU-001,Electronics,2
2024-10-01,SKU-001,Electronics,3
2024-10-02,SKU-001,Electronics,3
2024-10-03,SKU-001,Electronics,3
2024-10-04,SKU-001,Electronics,4
2024-10-05,SKU-001,Electronics,4
2024-10-06,SKU-001,Electronics,2
2024-10-07,SKU-001,Electronics,2
2024-10-08,SKU-001,Electronics,3
2024-10-09,SKU-001,Electronics,3
2024-10-10,SKU-001,Electronics,3
2024-10-11,SKU-001,Electronics,2
2024-10-12,SKU-001,Electronics,3
2024-10-13,SKU-001,Electronics,3
2024-10-14,SKU-001,Electronics,3
2024-10-15,SKU-001,Electronics,3
2024-10-16,SKU-001,Electronics,4
2024-10-17,SKU-001,Electronics,4
2024-10-18,SKU-001,Electronics,3
2024-10-19,SKU-001,Electronics,2
2024-10-20,SKU-001,Electronics,3
2024-10-21,SKU-001,Electronics,3
2024-10-22,SKU-001,Electronics,4
2024-10-23,SKU-001,Electronics,3
2024-10-24,SKU-001,Electronics,3
2024-10-25,SKU-001,Electronics,3
2024-10-26,SKU-001,Electronics,4
2024-10-27,SKU-001,Electronics,2
2024-10-28,SKU-001,Electronics,3
2024-10-29,SKU-001,Electronics,3
2024-10-30,SKU-001,Electronics,3
2024-10-31,SKU-001,Electronics,3
2024-11-01,SKU-001,Electronics,3
2024-11-02,SKU-001,Electronics,2
2024-11-03,SKU-001,Electronics,3
2024-11-04,SKU-001,Electronics,3
2024-11-05,SKU-001,Electronics,4
2024-11-06,SKU-001,Electronics,4
2024-11-07,SKU-001,Electronics,4
2024-11-08,SKU-001,Electronics,3
2024-11-09,SKU-001,Electronics,3
2024-11-10,SKU-001,Electronics,4
2024-11-11,SKU-001,Electronics,3
2024-11-12,SKU-001,Electronics,3
2024-11-13,SKU-001,Electronics,3
2024-11-14,SKU-001,Electronics,3
2024-11-15,SKU-001,Electronics,3
2024-11-16,SKU-001,Electronics,3
2024-11-17,SKU-001,Electronics,2
2024-11-18,SKU-001,Electronics,3
2024-11-19,SKU-001,Electronics,3
2024-11-20,SKU-001,Electronics,4
2024-11-21,SKU-001,Electronics,3
2024-11-22,SKU-001,Electronics,3
2024-11-23,SKU-001,Electronics,2
2024-11-24,SKU-001,Electronics,3
2024-11-25,SKU-001,Electronics,3
2024-11-26,SKU-001,Electronics,3
2024-11-27,SKU-001,Electronics,4
2024-11-28,SKU-001,Electronics,4
2024-11-29,SKU-001,Electronics,3
2024-11-30,SKU-001,Electronics,4
2024-12-01,SKU-001,Electronics,3
2024-12-02,SKU-001,Electronics,3
2024-12-03,SKU-001,Electronics,3
2024-12-04,SKU-001,Electronics,3
2024-12-05,SKU-001,Electronics,4
2024-12-06,SKU-001,Electronics,2
2024-12-07,SKU-001,Electronics,2
2024-12-08,SKU-001,Electronics,3
2024-12-09,SKU-001,Electronics,3
2024-12-10,SKU-001,Electronics,4
2024-12-11,SKU-001,Electronics,5
2024-12-12,SKU-001,Electronics,3
2024-12-13,SKU-001,Electronics,3
2024-12-14,SKU-001,Electronics,2
2024-12-15,SKU-001,Electronics,3
2024-12-16,SKU-001,Electronics,3
2024-12-17,SKU-001,Electronics,4
2024-12-18,SKU-001,Electronics,3
2024-12-19,SKU-001,Electronics,3
2024-12-20,SKU-001,Electronics,3
2024-12-21,SKU-001,Electronics,3
2024-12-22,SKU-001,Electronics,2
2024-12-23,SKU-001,Electronics,3
2024-12-24,SKU-001,Electronics,4
2024-12-25,SKU-001,Electronics,4
2024-12-26,SKU-001,Electronics,3
2024-12-27,SKU-001,Electronics,4
2024-12-28,SKU-001,Electronics,3
2024-12-29,SKU-001,Electronics,4
2023-01-02,SKU-002,Grocery,3
2023-01-03,SKU-002,Grocery,2
2023-01-04,SKU-002,Grocery,3
2023-01-05,SKU-002,Grocery,3
2023-01-06,SKU-002,Grocery,3
2023-01-07,SKU-002,Grocery,2
2023-01-08,SKU-002,Grocery,3
2023-01-09,SKU-002,Grocery,3
2023-01-10,SKU-002,Grocery,3
2023-01-11,SKU-002,Grocery,3
2023-01-12,SKU-002,Grocery,3
2023-01-13,SKU-002,Grocery,3
2023-01-14,SKU-002,Grocery,2
2023-01-15,SKU-002,Grocery,2
2023-01-16,SKU-002,Grocery,3
2023-01-17,SKU-002,Grocery,3
2023-01-18,SKU-002,Grocery,4
2023-01-19,SKU-002,Grocery,4
2023-01-20,SKU-002,Grocery,2
2023-01-21,SKU-002,Grocery,2
2023-01-22,SKU-002,Grocery,3
2023-01-23,SKU-002,Grocery,3
2023-01-24,SKU-002,Grocery,3
2023-01-25,SKU-002,Grocery,3
2023-01-26,SKU-002,Grocery,4
2023-01-27,SKU-002,Grocery,3
2023-01-28,SKU-002,Grocery,4
2023-01-29,SKU-002,Grocery,3
2023-01-30,SKU-002,Grocery,3
2023-01-31,SKU-002,Grocery,3
2023-02-01,SKU-002,Grocery,3
2023-02-02,SKU-002,Grocery,4
2023-02-03,SKU-002,Grocery,5
2023-02-04,SKU-002,Grocery,3
2023-02-05,SKU-002,Grocery,4
2023-02-06,SKU-002,Grocery,3
2023-02-07,SKU-002,Grocery,3
2023-02-08,SKU-002,Grocery,4
2023-02-09,SKU-002,Grocery,3
2023-02-10,SKU-002,Grocery,3
2023-02-11,SKU-002,Grocery,2
2023-02-12,SKU-002,Grocery,3
2023-02-13,SKU-002,Grocery,3
2023-02-14,SKU-002,Grocery,3
2023-02-15,SKU-002,Grocery,3
2023-02-16,SKU-002,Grocery,3
2023-02-17,SKU-002,Grocery,3
2023-02-18,SKU-002,Grocery,3
2023-02-19,SKU-002,Grocery,2
2023-02-20,SKU-002,Grocery,3
2023-02-21,SKU-002,Grocery,3
2023-02-22,SKU-002,Grocery,3
2023-02-23,SKU-002,Grocery,3
2023-02-24,SKU-002,Grocery,2
2023-02-25,SKU-002,Grocery,3
2023-02-26,SKU-002,Grocery,3
2023-02-27,SKU-002,Grocery,3
2023-02-28,SKU-002,Grocery,3
2023-03-01,SKU-002,Grocery,4
2023-03-02,SKU-002,Grocery,3
2023-03-03,SKU-002,Grocery,3
2023-03-04,SKU-002,Grocery,2
2023-03-05,SKU-002,Grocery,2
2023-03-06,SKU-002,Grocery,3
2023-03-07,SKU-002,Grocery,4
2023-03-08,SKU-002,Grocery,3
2023-03-09,SKU-002,Grocery,3
2023-03-10,SKU-002,Grocery,3
2023-03-11,SKU-002,Grocery,2
2023-03-12,SKU-002,Grocery,3
2023-03-13,SKU-002,Grocery,5
2023-03-14,SKU-002,Grocery,3
2023-03-15,SKU-002,Grocery,4
2023-03-16,SKU-002,Grocery,3
2023-03-17,SKU-002,Grocery,3
2023-03-18,SKU-002,Grocery,2
2023-03-19,SKU-002,Grocery,2
2023-03-20,SKU-002,Grocery,3
2023-03-21,SKU-002,Grocery,3
2023-03-22,SKU-002,Grocery,4
2023-03-23,SKU-002,Grocery,3
2023-03-24,SKU-002,Grocery,3
2023-03-25,SKU-002,Grocery,2
2023-03-26,SKU-002,Grocery,2
2023-03-27,SKU-002,Grocery,4
2023-03-28,SKU-002,Grocery,3
2023-03-29,SKU-002,Grocery,4
2023-03-30,SKU-002,Grocery,5
2023-03-31,SKU-002,Grocery,3
2023-04-01,SKU-002,Grocery,3
2023-04-02,SKU-002,Grocery,3
2023-04-03,SKU-002,Grocery,5
2023-04-04,SKU-002,Grocery,3
2023-04-05,SKU-002,Grocery,4
2023-04-06,SKU-002,Grocery,5
2023-04-07,SKU-002,Grocery,3
2023-04-08,SKU-002,Grocery,2
2023-04-09,SKU-002,Grocery,3
2023-04-10,SKU-002,Grocery,3
2023-04-11,SKU-002,Grocery,3
2023-04-12,SKU-002,Grocery,3
2023-04-13,SKU-002,Grocery,3
2023-04-14,SKU-002,Grocery,2
2023-04-15,SKU-002,Grocery,2
2023-04-16,SKU-002,Grocery,3
2023-04-17,SKU-002,Grocery,4
2023-04-18,SKU-002,Grocery,4
2023-04-19,SKU-002,Grocery,3
2023-04-20,SKU-002,Grocery,4
2023-04-21,SKU-002,Grocery,3
2023-04-22,SKU-002,Grocery,3
2023-04-23,SKU-002,Grocery,3
2023-04-24,SKU-002,Grocery,3
2023-04-25,SKU-002,Grocery,4
2023-04-26,SKU-002,Grocery,4
2023-04-27,SKU-002,Grocery,3
2023-04-28,SKU-002,Grocery,3
2023-04-29,SKU-002,Grocery,3
2023-04-30,SKU-002,Grocery,3
2023-05-01,SKU-002,Grocery,3
2023-05-02,SKU-002,Grocery,4
2023-05-03,SKU-002,Grocery,3
2023-05-04,SKU-002,Grocery,4
2023-05-05,SKU-002,Grocery,4
2023-05-06,SKU-002,Grocery,2
2023-05-07,SKU-002,Grocery,3
2023-05-08,SKU-002,Grocery,4
2023-05-09,SKU-002,Grocery,4
2023-05-10,SKU-002,Grocery,3
2023-05-11,SKU-002,Grocery,4
2023-05-12,SKU-002,Grocery,3
2023-05-13,SKU-002,Grocery,3
2023-05-14,SKU-002,Grocery,3
2023-05-15,SKU-002,Grocery,3
2023-05-16,SKU-002,Grocery,3
2023-05-17,SKU-002,Grocery,4
2023-05-18,SKU-002,Grocery,4
2023-05-19,SKU-002,Grocery,4
2023-05-20,SKU-002,Grocery,3
2023-05-21,SKU-002,Grocery,3
2023-05-22,SKU-002,Grocery,3
2023-05-23,SKU-002,Grocery,4
2023-05-24,SKU-002,Grocery,3
2023-05-25,SKU-002,Grocery,5
2023-05-26,SKU-002,Grocery,2
2023-05-27,SKU-002,Grocery,3
2023-05-28,SKU-002,Grocery,3
2023-05-29,SKU-002,Grocery,4
2023-05-30,SKU-002,Grocery,3
2023-05-31,SKU-002,Grocery,3
2023-06-01,SKU-002,Grocery,3
2023-06-02,SKU-002,Grocery,3
2023-06-03,SKU-002,Grocery,5
2023-06-04,SKU-002,Grocery,2
2023-06-05,SKU-002,Grocery,3
2023-06-06,SKU-002,Grocery,3
2023-06-07,SKU-002,Grocery,4
2023-06-08,SKU-002,Grocery,3
2023-06-09,SKU-002,Grocery,3
2023-06-10,SKU-002,Grocery,2
2023-06-11,SKU-002,Grocery,3
2023-06-12,SKU-002,Grocery,3
2023-06-13,SKU-002,Grocery,4
2023-06-14,SKU-002,Grocery,4
2023-06-15,SKU-002,Grocery,3
2023-06-16,SKU-002,Grocery,3
2023-06-17,SKU-002,Grocery,3
2023-06-18,SKU-002,Grocery,4
2023-06-19,SKU-002,Grocery,3
2023-06-20,SKU-002,Grocery,4
2023-06-21,SKU-002,Grocery,5
2023-06-22,SKU-002,Grocery,3
2023-06-23,SKU-002,Grocery,4
2023-06-24,SKU-002,Grocery,2
2023-06-25,SKU-002,Grocery,3
2023-06-26,SKU-002,Grocery,4
2023-06-27,SKU-002,Grocery,5
2023-06-28,SKU-002,Grocery,4
2023-06-29,SKU-002,Grocery,3
2023-06-30,SKU-002,Grocery,3
2023-07-01,SKU-002,Grocery,3
2023-07-02,SKU-002,Grocery,4
2023-07-03,SKU-002,Grocery,3
2023-07-04,SKU-002,Grocery,3
2023-07-05,SKU-002,Grocery,3
2023-07-06,SKU-002,Grocery,3
2023-07-07,SKU-002,Grocery,3
2023-07-08,SKU-002,Grocery,3
2023-07-09,SKU-002,Grocery,4
2023-07-10,SKU-002,Grocery,3
2023-07-11,SKU-002,Grocery,4
2023-07-12,SKU-002,Grocery,5
2023-07-13,SKU-002,Grocery,3
2023-07-14,SKU-002,Grocery,3
2023-07-15,SKU-002,Grocery,2
2023-07-16,SKU-002,Grocery,3
2023-07-17,SKU-002,Grocery,3
2023-07-18,SKU-002,Grocery,4
2023-07-19,SKU-002,Grocery,3
2023-07-20,SKU-002,Grocery,4
2023-07-21,SKU-002,Grocery,3
2023-07-22,SKU-002,Grocery,3
2023-07-23,SKU-002,Grocery,2
2023-07-24,SKU-002,Grocery,4
2023-07-25,SKU-002,Grocery,4
2023-07-26,SKU-002,Grocery,4
2023-07-27,SKU-002,Grocery,4
2023-07-28,SKU-002,Grocery,3
2023-07-29,SKU-002,Grocery,3
2023-07-30,SKU-002,Grocery,3
2023-07-31,SKU-002,Grocery,5
2023-08-01,SKU-002,Grocery,4
2023-08-02,SKU-002,Grocery,3
2023-08-03,SKU-002,Grocery,4
2023-08-04,SKU-002,Grocery,3
2023-08-05,SKU-002,Grocery,2
2023-08-06,SKU-002,Grocery,3
2023-08-07,SKU-002,Grocery,3
2023-08-08,SKU-002,Grocery,3
2023-08-09,SKU-002,Grocery,4
2023-08-10,SKU-002,Grocery,3
2023-08-11,SKU-002,Grocery,3
2023-08-12,SKU-002,Grocery,3
2023-08-13,SKU-002,Grocery,3
2023-08-14,SKU-002,Grocery,3
2023-08-15,SKU-002,Grocery,3
2023-08-16,SKU-002,Grocery,3
2023-08-17,SKU-002,Grocery,3
2023-08-18,SKU-002,Grocery,3
2023-08-19,SKU-002,Grocery,3
2023-08-20,SKU-002,Grocery,4
2023-08-21,SKU-002,Grocery,3
2023-08-22,SKU-002,Grocery,4
2023-08-23,SKU-002,Grocery,3
2023-08-24,SKU-002,Grocery,3
2023-08-25,SKU-002,Grocery,3
2023-08-26,SKU-002,Grocery,3
2023-08-27,SKU-002,Grocery,3
2023-08-28,SKU-002,Grocery,4
2023-08-29,SKU-002,Grocery,4
2023-08-30,SKU-002,Grocery,3
2023-08-31,SKU-002,Grocery,3
2023-09-01,SKU-002,Grocery,3
2023-09-02,SKU-002,Grocery,2
2023-09-03,SKU-002,Grocery,3
2023-09-04,SKU-002,Grocery,3
2023-09-05,SKU-002,Grocery,4
2023-09-06,SKU-002,Grocery,4
2023-09-07,SKU-002,Grocery,3
2023-09-08,SKU-002,Grocery,3
2023-09-09,SKU-002,Grocery,2
2023-09-10,SKU-002,Grocery,3
2023-09-11,SKU-002,Grocery,4
2023-09-12,SKU-002,Grocery,4
2023-09-13,SKU-002,Grocery,3
2023-09-14,SKU-002,Grocery,4
2023-09-15,SKU-002,Grocery,3
2023-09-16,SKU-002,Grocery,2
2023-09-17,SKU-002,Grocery,4
2023-09-18,SKU-002,Grocery,4
2023-09-19,SKU-002,Grocery,3
2023-09-20,SKU-002,Grocery,4
2023-09-21,SKU-002,Grocery,4
2023-09-22,SKU-002,Grocery,3
2023-09-23,SKU-002,Grocery,2
2023-09-24,SKU-002,Grocery,2
2023-09-25,SKU-002,Grocery,4
2023-09-26,SKU-002,Grocery,4
2023-09-27,SKU-002,Grocery,6
2023-09-28,SKU-002,Grocery,4
2023-09-29,SKU-002,Grocery,3
2023-09-30,SKU-002,Grocery,3
2023-10-01,SKU-002,Grocery,3
2023-10-02,SKU-002,Grocery,4
2023-10-03,SKU-002,Grocery,4
2023-10-04,SKU-002,Grocery,3
2023-10-05,SKU-002,Grocery,4
2023-10-06,SKU-002,Grocery,3
2023-10-07,SKU-002,Grocery,3
2023-10-08,SKU-002,Grocery,3
2023-10-09,SKU-002,Grocery,4
2023-10-10,SKU-002,Grocery,3
2023-10-11,SKU-002,Grocery,5
2023-10-12,SKU-002,Grocery,4
2023-10-13,SKU-002,Grocery,3
2023-10-14,SKU-002,Grocery,3
2023-10-15,SKU-002,Grocery,3
2023-10-16,SKU-002,Grocery,3
2023-10-17,SKU-002,Grocery,5
2023-10-18,SKU-002,Grocery,3
2023-10-19,SKU-002,Grocery,4
2023-10-20,SKU-002,Grocery,3
2023-10-21,SKU-002,Grocery,3
2023-10-22,SKU-002,Grocery,3
2023-10-23,SKU-002,Grocery,3
2023-10-24,SKU-002,Grocery,4
2023-10-25,SKU-002,Grocery,4
2023-10-26,SKU-002,Grocery,4
2023-10-27,SKU-002,Grocery,3
2023-10-28,SKU-002,Grocery,3
2023-10-29,SKU-002,Grocery,3
2023-10-30,SKU-002,Grocery,4
2023-10-31,SKU-002,Grocery,3
2023-11-01,SKU-002,Grocery,4
2023-11-02,SKU-002,Grocery,3
2023-11-03,SKU-002,Grocery,3
2023-11-04,SKU-002,Grocery,3
2023-11-05,SKU-002,Grocery,4
2023-11-06,SKU-002,Grocery,3
2023-11-07,SKU-002,Grocery,4
2023-11-08,SKU-002,Grocery,4
2023-11-09,SKU-002,Grocery,4
2023-11-10,SKU-002,Grocery,3
2023-11-11,SKU-002,Grocery,3
2023-11-12,SKU-002,Grocery,3
2023-11-13,SKU-002,Grocery,3
2023-11-14,SKU-002,Grocery,3
2023-11-15,SKU-002,Grocery,4
2023-11-16,SKU-002,Grocery,4
2023-11-17,SKU-002,Grocery,4
2023-11-18,SKU-002,Grocery,5
2023-11-19,SKU-002,Grocery,3
2023-11-20,SKU-002,Grocery,3
2023-11-21,SKU-002,Grocery,6
2023-11-22,SKU-002,Grocery,4
2023-11-23,SKU-002,Grocery,4
2023-11-24,SKU-002,Grocery,3
2023-11-25,SKU-002,Grocery,3
2023-11-26,SKU-002,Grocery,3
2023-11-27,SKU-002,Grocery,3
2023-11-28,SKU-002,Grocery,5
2023-11-29,SKU-002,Grocery,5
2023-11-30,SKU-002,Grocery,3
2023-12-01,SKU-002,Grocery,2
2023-12-02,SKU-002,Grocery,4
2023-12-03,SKU-002,Grocery,4
2023-12-04,SKU-002,Grocery,3
2023-12-05,SKU-002,Grocery,3
2023-12-06,SKU-002,Grocery,6
2023-12-07,SKU-002,Grocery,5
2023-12-08,SKU-002,Grocery,4
2023-12-09,SKU-002,Grocery,5
2023-12-10,SKU-002,Grocery,4
2023-12-11,SKU-002,Grocery,3
2023-12-12,SKU-002,Grocery,5
2023-12-13,SKU-002,Grocery,4
2023-12-14,SKU-002,Grocery,3
2023-12-15,SKU-002,Grocery,3
2023-12-16,SKU-002,Grocery,3
2023-12-17,SKU-002,Grocery,3
2023-12-18,SKU-002,Grocery,6
2023-12-19,SKU-002,Grocery,4
2023-12-20,SKU-002,Grocery,5
2023-12-21,SKU-002,Grocery,3
2023-12-22,SKU-002,Grocery,3
2023-12-23,SKU-002,Grocery,3
2023-12-24,SKU-002,Grocery,4
2023-12-25,SKU-002,Grocery,4
2023-12-26,SKU-002,Grocery,5
2023-12-27,SKU-002,Grocery,4
2023-12-28,SKU-002,Grocery,3
2023-12-29,SKU-002,Grocery,6
2023-12-30,SKU-002,Grocery,3
2023-12-31,SKU-002,Grocery,4
2024-01-01,SKU-002,Grocery,3
2024-01-02,SKU-002,Grocery,4
2024-01-03,SKU-002,Grocery,5
2024-01-04,SKU-002,Grocery,3
2024-01-05,SKU-002,Grocery,4
2024-01-06,SKU-002,Grocery,3
2024-01-07,SKU-002,Grocery,4
2024-01-08,SKU-002,Grocery,5
2024-01-09,SKU-002,Grocery,6
2024-01-10,SKU-002,Grocery,5
2024-01-11,SKU-002,Grocery,5
2024-01-12,SKU-002,Grocery,3
2024-01-13,SKU-002,Grocery,4
2024-01-14,SKU-002,Grocery,3
2024-01-15,SKU-002,Grocery,3
2024-01-16,SKU-002,Grocery,4
2024-01-17,SKU-002,Grocery,4
2024-01-18,SKU-002,Grocery,5
2024-01-19,SKU-002,Grocery,3
2024-01-20,SKU-002,Grocery,4
2024-01-21,SKU-002,Grocery,3
2024-01-22,SKU-002,Grocery,4
2024-01-23,SKU-002,Grocery,5
2024-01-24,SKU-002,Grocery,4
2024-01-25,SKU-002,Grocery,4
2024-01-26,SKU-002,Grocery,5
2024-01-27,SKU-002,Grocery,4
2024-01-28,SKU-002,Grocery,4
2024-01-29,SKU-002,Grocery,4
2024-01-30,SKU-002,Grocery,5
2024-01-31,SKU-002,Grocery,6
2024-02-01,SKU-002,Grocery,3
2024-02-02,SKU-002,Grocery,5
2024-02-03,SKU-002,Grocery,4
2024-02-04,SKU-002,Grocery,3
2024-02-05,SKU-002,Grocery,3
2024-02-06,SKU-002,Grocery,4
2024-02-07,SKU-002,Grocery,6
2024-02-08,SKU-002,Grocery,4
2024-02-09,SKU-002,Grocery,4
2024-02-10,SKU-002,Grocery,3
2024-02-11,SKU-002,Grocery,3
2024-02-12,SKU-002,Grocery,3
2024-02-13,SKU-002,Grocery,4
2024-02-14,SKU-002,Grocery,5
2024-02-15,SKU-002,Grocery,4
2024-02-16,SKU-002,Grocery,3
2024-02-17,SKU-002,Grocery,3
2024-02-18,SKU-002,Grocery,3
2024-02-19,SKU-002,Grocery,5
2024-02-20,SKU-002,Grocery,4
2024-02-21,SKU-002,Grocery,5
2024-02-22,SKU-002,Grocery,4
2024-02-23,SKU-002,Grocery,4
2024-02-24,SKU-002,Grocery,3
2024-02-25,SKU-002,Grocery,3
2024-02-26,SKU-002,Grocery,5
2024-02-27,SKU-002,Grocery,6
2024-02-28,SKU-002,Grocery,5
2024-02-29,SKU-002,Grocery,4
2024-03-01,SKU-002,Grocery,4
2024-03-02,SKU-002,Grocery,4
2024-03-03,SKU-002,Grocery,5
2024-03-04,SKU-002,Grocery,5
2024-03-05,SKU-002,Grocery,4
2024-03-06,SKU-002,Grocery,6
2024-03-07,SKU-002,Grocery,6
2024-03-08,SKU-002,Grocery,5
2024-03-09,SKU-002,Grocery,4
2024-03-10,SKU-002,Grocery,4
2024-03-11,SKU-002,Grocery,3
2024-03-12,SKU-002,Grocery,4
2024-03-13,SKU-002,Grocery,4
2024-03-14,SKU-002,Grocery,5
2024-03-15,SKU-002,Grocery,4
2024-03-16,SKU-002,Grocery,4
2024-03-17,SKU-002,Grocery,3
2024-03-18,SKU-002,Grocery,4
2024-03-19,SKU-002,Grocery,4
2024-03-20,SKU-002,Grocery,4
2024-03-21,SKU-002,Grocery,5
2024-03-22,SKU-002,Grocery,4
2024-03-23,SKU-002,Grocery,3
2024-03-24,SKU-002,Grocery,3
2024-03-25,SKU-002,Grocery,3
2024-03-26,SKU-002,Grocery,5
2024-03-27,SKU-002,Grocery,6
2024-03-28,SKU-002,Grocery,5
2024-03-29,SKU-002,Grocery,4
2024-03-30,SKU-002,Grocery,3
2024-03-31,SKU-002,Grocery,3
2024-04-01,SKU-002,Grocery,3
2024-04-02,SKU-002,Grocery,4
2024-04-03,SKU-002,Grocery,4
2024-04-04,SKU-002,Grocery,4
2024-04-05,SKU-002,Grocery,5
2024-04-06,SKU-002,Grocery,4
2024-04-07,SKU-002,Grocery,4
2024-04-08,SKU-002,Grocery,5
2024-04-09,SKU-002,Grocery,5
2024-04-10,SKU-002,Grocery,5
2024-04-11,SKU-002,Grocery,6
2024-04-12,SKU-002,Grocery,3
2024-04-13,SKU-002,Grocery,5
2024-04-14,SKU-002,Grocery,3
2024-04-15,SKU-002,Grocery,5
2024-04-16,SKU-002,Grocery,5
2024-04-17,SKU-002,Grocery,4
2024-04-18,SKU-002,Grocery,5
2024-04-19,SKU-002,Grocery,4
2024-04-20,SKU-002,Grocery,3
2024-04-21,SKU-002,Grocery,6
2024-04-22,SKU-002,Grocery,4
2024-04-23,SKU-002,Grocery,5
2024-04-24,SKU-002,Grocery,4
2024-04-25,SKU-002,Grocery,4
2024-04-26,SKU-002,Grocery,6
2024-04-27,SKU-002,Grocery,4
2024-04-28,SKU-002,Grocery,3
2024-04-29,SKU-002,Grocery,4
2024-04-30,SKU-002,Grocery,4
2024-05-01,SKU-002,Grocery,4
2024-05-02,SKU-002,Grocery,4
2024-05-03,SKU-002,Grocery,5
2024-05-04,SKU-002,Grocery,4
2024-05-05,SKU-002,Grocery,4
2024-05-06,SKU-002,Grocery,4
2024-05-07,SKU-002,Grocery,4
2024-05-08,SKU-002,Grocery,4
2024-05-09,SKU-002,Grocery,4
2024-05-10,SKU-002,Grocery,4
2024-05-11,SKU-002,Grocery,4
2024-05-12,SKU-002,Grocery,5
2024-05-13,SKU-002,Grocery,4
2024-05-14,SKU-002,Grocery,5
2024-05-15,SKU-002,Grocery,4
2024-05-16,SKU-002,Grocery,5
2024-05-17,SKU-002,Grocery,4
2024-05-18,SKU-002,Grocery,4
2024-05-19,SKU-002,Grocery,3
2024-05-20,SKU-002,Grocery,5
2024-05-21,SKU-002,Grocery,6
2024-05-22,SKU-002,Grocery,5
2024-05-23,SKU-002,Grocery,5
2024-05-24,SKU-002,Grocery,5
2024-05-25,SKU-002,Grocery,3
2024-05-26,SKU-002,Grocery,7
2024-05-27,SKU-002,Grocery,5
2024-05-28,SKU-002,Grocery,4
2024-05-29,SKU-002,Grocery,4
2024-05-30,SKU-002,Grocery,6
2024-05-31,SKU-002,Grocery,3
2024-06-01,SKU-002,Grocery,5
2024-06-02,SKU-002,Grocery,4
2024-06-03,SKU-002,Grocery,4
2024-06-04,SKU-002,Grocery,6
2024-06-05,SKU-002,Grocery,4
2024-06-06,SKU-002,Grocery,5
2024-06-07,SKU-002,Grocery,5
2024-06-08,SKU-002,Grocery,4
2024-06-09,SKU-002,Grocery,4
2024-06-10,SKU-002,Grocery,5
2024-06-11,SKU-002,Grocery,5
2024-06-12,SKU-002,Grocery,5
2024-06-13,SKU-002,Grocery,6
2024-06-14,SKU-002,Grocery,4
2024-06-15,SKU-002,Grocery,4
2024-06-16,SKU-002,Grocery,3
2024-06-17,SKU-002,Grocery,5
2024-06-18,SKU-002,Grocery,7
2024-06-19,SKU-002,Grocery,6
2024-06-20,SKU-002,Grocery,6
2024-06-21,SKU-002,Grocery,4
2024-06-22,SKU-002,Grocery,5
2024-06-23,SKU-002,Grocery,3
2024-06-24,SKU-002,Grocery,4
2024-06-25,SKU-002,Grocery,4
2024-06-26,SKU-002,Grocery,4
2024-06-27,SKU-002,Grocery,4
2024-06-28,SKU-002,Grocery,4
2024-06-29,SKU-002,Grocery,4
2024-06-30,SKU-002,Grocery,3
2024-07-01,SKU-002,Grocery,4
2024-07-02,SKU-002,Grocery,4
2024-07-03,SKU-002,Grocery,5
2024-07-04,SKU-002,Grocery,6
2024-07-05,SKU-002,Grocery,4
2024-07-06,SKU-002,Grocery,5
2024-07-07,SKU-002,Grocery,4
2024-07-08,SKU-002,Grocery,4
2024-07-09,SKU-002,Grocery,5
2024-07-10,SKU-002,Grocery,5
2024-07-11,SKU-002,Grocery,5
2024-07-12,SKU-002,Grocery,4
2024-07-13,SKU-002,Grocery,3
2024-07-14,SKU-002,Grocery,4
2024-07-15,SKU-002,Grocery,3
2024-07-16,SKU-002,Grocery,4
2024-07-17,SKU-002,Grocery,4
2024-07-18,SKU-002,Grocery,5
2024-07-19,SKU-002,Grocery,3
2024-07-20,SKU-002,Grocery,3
2024-07-21,SKU-002,Grocery,4
2024-07-22,SKU-002,Grocery,4
2024-07-23,SKU-002,Grocery,5
2024-07-24,SKU-002,Grocery,5
2024-07-25,SKU-002,Grocery,6
2024-07-26,SKU-002,Grocery,3
2024-07-27,SKU-002,Grocery,3
2024-07-28,SKU-002,Grocery,4
2024-07-29,SKU-002,Grocery,4
2024-07-30,SKU-002,Grocery,4
2024-07-31,SKU-002,Grocery,5
2024-08-01,SKU-002,Grocery,5
2024-08-02,SKU-002,Grocery,4
2024-08-03,SKU-002,Grocery,5
2024-08-04,SKU-002,Grocery,4
2024-08-05,SKU-002,Grocery,4
2024-08-06,SKU-002,Grocery,6
2024-08-07,SKU-002,Grocery,4
2024-08-08,SKU-002,Grocery,6
2024-08-09,SKU-002,Grocery,4
2024-08-10,SKU-002,Grocery,5
2024-08-11,SKU-002,Grocery,5
2024-08-12,SKU-002,Grocery,3
2024-08-13,SKU-002,Grocery,4
2024-08-14,SKU-002,Grocery,4
2024-08-15,SKU-002,Grocery,4
2024-08-16,SKU-002,Grocery,3
2024-08-17,SKU-002,Grocery,3
2024-08-18,SKU-002,Grocery,3
2024-08-19,SKU-002,Grocery,5
2024-08-20,SKU-002,Grocery,7
2024-08-21,SKU-002,Grocery,5
2024-08-22,SKU-002,Grocery,5
2024-08-23,SKU-002,Grocery,4
2024-08-24,SKU-002,Grocery,3
2024-08-25,SKU-002,Grocery,4
2024-08-26,SKU-002,Grocery,4
2024-08-27,SKU-002,Grocery,5
2024-08-28,SKU-002,Grocery,5
2024-08-29,SKU-002,Grocery,7
2024-08-30,SKU-002,Grocery,3
2024-08-31,SKU-002,Grocery,4
2024-09-01,SKU-002,Grocery,4
2024-09-02,SKU-002,Grocery,4
2024-09-03,SKU-002,Grocery,4
2024-09-04,SKU-002,Grocery,6
2024-09-05,SKU-002,Grocery,4
2024-09-06,SKU-002,Grocery,5
2024-09-07,SKU-002,Grocery,3
2024-09-08,SKU-002,Grocery,4
2024-09-09,SKU-002,Grocery,4
2024-09-10,SKU-002,Grocery,5
2024-09-11,SKU-002,Grocery,5
2024-09-12,SKU-002,Grocery,5
2024-09-13,SKU-002,Grocery,3
2024-09-14,SKU-002,Grocery,5
2024-09-15,SKU-002,Grocery,5
2024-09-16,SKU-002,Grocery,4
2024-09-17,SKU-002,Grocery,5
2024-09-18,SKU-002,Grocery,5
2024-09-19,SKU-002,Grocery,4
2024-09-20,SKU-002,Grocery,3
2024-09-21,SKU-002,Grocery,5
2024-09-22,SKU-002,Grocery,3
2024-09-23,SKU-002,Grocery,4
2024-09-24,SKU-002,Grocery,5
2024-09-25,SKU-002,Grocery,5
2024-09-26,SKU-002,Grocery,6
2024-09-27,SKU-002,Grocery,3
2024-09-28,SKU-002,Grocery,4
2024-09-29,SKU-002,Grocery,4
2024-09-30,SKU-002,Grocery,4
2024-10-01,SKU-002,Grocery,4
2024-10-02,SKU-002,Grocery,4
2024-10-03,SKU-002,Grocery,4
2024-10-04,SKU-002,Grocery,5
2024-10-05,SKU-002,Grocery,5
2024-10-06,SKU-002,Grocery,4
2024-10-07,SKU-002,Grocery,3
2024-10-08,SKU-002,Grocery,4
2024-10-09,SKU-002,Grocery,5
2024-10-10,SKU-002,Grocery,5
2024-10-11,SKU-002,Grocery,3
2024-10-12,SKU-002,Grocery,5
2024-10-13,SKU-002,Grocery,3
2024-10-14,SKU-002,Grocery,4
2024-10-15,SKU-002,Grocery,4
2024-10-16,SKU-002,Grocery,6
2024-10-17,SKU-002,Grocery,5
2024-10-18,SKU-002,Grocery,4
2024-10-19,SKU-002,Grocery,3
2024-10-20,SKU-002,Grocery,5
2024-10-21,SKU-002,Grocery,5
2024-10-22,SKU-002,Grocery,6
2024-10-23,SKU-002,Grocery,4
2024-10-24,SKU-002,Grocery,4
2024-10-25,SKU-002,Grocery,4
2024-10-26,SKU-002,Grocery,5
2024-10-27,SKU-002,Grocery,4
2024-10-28,SKU-002,Grocery,4
2024-10-29,SKU-002,Grocery,4
2024-10-30,SKU-002,Grocery,4
2024-10-31,SKU-002,Grocery,5
2024-11-01,SKU-002,Grocery,4
2024-11-02,SKU-002,Grocery,3
2024-11-03,SKU-002,Grocery,4
2024-11-04,SKU-002,Grocery,4
2024-11-05,SKU-002,Grocery,6
2024-11-06,SKU-002,Grocery,6
2024-11-07,SKU-002,Grocery,6
2024-11-08,SKU-002,Grocery,5
2024-11-09,SKU-002,Grocery,4
2024-11-10,SKU-002,Grocery,5
2024-11-11,SKU-002,Grocery,4
2024-11-12,SKU-002,Grocery,4
2024-11-13,SKU-002,Grocery,5
2024-11-14,SKU-002,Grocery,4
2024-11-15,SKU-002,Grocery,4
2024-11-16,SKU-002,Grocery,4
2024-11-17,SKU-002,Grocery,4
2024-11-18,SKU-002,Grocery,5
2024-11-19,SKU-002,Grocery,4
2024-11-20,SKU-002,Grocery,5
2024-11-21,SKU-002,Grocery,4
2024-11-22,SKU-002,Grocery,5
2024-11-23,SKU-002,Grocery,3
2024-11-24,SKU-002,Grocery,5
2024-11-25,SKU-002,Grocery,5
2024-11-26,SKU-002,Grocery,4
2024-11-27,SKU-002,Grocery,5
2024-11-28,SKU-002,Grocery,6
2024-11-29,SKU-002,Grocery,4
2024-11-30,SKU-002,Grocery,6
2024-12-01,SKU-002,Grocery,4
2024-12-02,SKU-002,Grocery,4
2024-12-03,SKU-002,Grocery,4
2024-12-04,SKU-002,Grocery,4
2024-12-05,SKU-002,Grocery,7
2024-12-06,SKU-002,Grocery,4
2024-12-07,SKU-002,Grocery,3
2024-12-08,SKU-002,Grocery,4
2024-12-09,SKU-002,Grocery,4
2024-12-10,SKU-002,Grocery,6
2024-12-11,SKU-002,Grocery,7
2024-12-12,SKU-002,Grocery,4
2024-12-13,SKU-002,Grocery,5
2024-12-14,SKU-002,Grocery,4
2024-12-15,SKU-002,Grocery,5
2024-12-16,SKU-002,Grocery,4
2024-12-17,SKU-002,Grocery,5
2024-12-18,SKU-002,Grocery,5
2024-12-19,SKU-002,Grocery,5
2024-12-20,SKU-002,Grocery,5
2024-12-21,SKU-002,Grocery,5
2024-12-22,SKU-002,Grocery,4
2024-12-23,SKU-002,Grocery,5
2024-12-24,SKU-002,Grocery,7
2024-12-25,SKU-002,Grocery,6
2024-12-26,SKU-002,Grocery,4
2024-12-27,SKU-002,Grocery,6
2024-12-28,SKU-002,Grocery,4
2024-12-29,SKU-002,Grocery,5
2023-01-02,SKU-003,Beauty,3
2023-01-03,SKU-003,Beauty,3
2023-01-04,SKU-003,Beauty,4
2023-01-05,SKU-003,Beauty,4
2023-01-06,SKU-003,Beauty,4
2023-01-07,SKU-003,Beauty,2
2023-01-08,SKU-003,Beauty,3
2023-01-09,SKU-003,Beauty,3
2023-01-10,SKU-003,Beauty,3
2023-01-11,SKU-003,Beauty,4
2023-01-12,SKU-003,Beauty,3
2023-01-13,SKU-003,Beauty,3
2023-01-14,SKU-003,Beauty,3
2023-01-15,SKU-003,Beauty,3
2023-01-16,SKU-003,Beauty,4
2023-01-17,SKU-003,Beauty,4
2023-01-18,SKU-003,Beauty,5
2023-01-19,SKU-003,Beauty,4
2023-01-20,SKU-003,Beauty,3
2023-01-21,SKU-003,Beauty,3
2023-01-22,SKU-003,Beauty,4
2023-01-23,SKU-003,Beauty,4
2023-01-24,SKU-003,Beauty,4
2023-01-25,SKU-003,Beauty,3
2023-01-26,SKU-003,Beauty,5
2023-01-27,SKU-003,Beauty,3
2023-01-28,SKU-003,Beauty,5
2023-01-29,SKU-003,Beauty,3
2023-01-30,SKU-003,Beauty,3
2023-01-31,SKU-003,Beauty,4
2023-02-01,SKU-003,Beauty,3
2023-02-02,SKU-003,Beauty,4
2023-02-03,SKU-003,Beauty,5
2023-02-04,SKU-003,Beauty,4
2023-02-05,SKU-003,Beauty,4
2023-02-06,SKU-003,Beauty,3
2023-02-07,SKU-003,Beauty,3
2023-02-08,SKU-003,Beauty,5
2023-02-09,SKU-003,Beauty,3
2023-02-10,SKU-003,Beauty,3
2023-02-11,SKU-003,Beauty,3
2023-02-12,SKU-003,Beauty,3
2023-02-13,SKU-003,Beauty,3
2023-02-14,SKU-003,Beauty,3
2023-02-15,SKU-003,Beauty,3
2023-02-16,SKU-003,Beauty,3
2023-02-17,SKU-003,Beauty,3
2023-02-18,SKU-003,Beauty,3
2023-02-19,SKU-003,Beauty,3
2023-02-20,SKU-003,Beauty,3
2023-02-21,SKU-003,Beauty,4
2023-02-22,SKU-003,Beauty,4
2023-02-23,SKU-003,Beauty,3
2023-02-24,SKU-003,Beauty,3
2023-02-25,SKU-003,Beauty,3
2023-02-26,SKU-003,Beauty,3
2023-02-27,SKU-003,Beauty,4
2023-02-28,SKU-003,Beauty,3
2023-03-01,SKU-003,Beauty,4
2023-03-02,SKU-003,Beauty,3
2023-03-03,SKU-003,Beauty,3
2023-03-04,SKU-003,Beauty,3
2023-03-05,SKU-003,Beauty,3
2023-03-06,SKU-003,Beauty,4
2023-03-07,SKU-003,Beauty,4
2023-03-08,SKU-003,Beauty,4
2023-03-09,SKU-003,Beauty,3
2023-03-10,SKU-003,Beauty,3
2023-03-11,SKU-003,Beauty,3
2023-03-12,SKU-003,Beauty,3
2023-03-13,SKU-003,Beauty,6
2023-03-14,SKU-003,Beauty,4
2023-03-15,SKU-003,Beauty,4
2023-03-16,SKU-003,Beauty,3
2023-03-17,SKU-003,Beauty,4
2023-03-18,SKU-003,Beauty,3
2023-03-19,SKU-003,Beauty,3
2023-03-20,SKU-003,Beauty,4
2023-03-21,SKU-003,Beauty,3
2023-03-22,SKU-003,Beauty,4
2023-03-23,SKU-003,Beauty,3
2023-03-24,SKU-003,Beauty,4
2023-03-25,SKU-003,Beauty,3
2023-03-26,SKU-003,Beauty,3
2023-03-27,SKU-003,Beauty,4
2023-03-28,SKU-003,Beauty,4
2023-03-29,SKU-003,Beauty,5
2023-03-30,SKU-003,Beauty,7
2023-03-31,SKU-003,Beauty,3
2023-04-01,SKU-003,Beauty,3
2023-04-02,SKU-003,Beauty,4
2023-04-03,SKU-003,Beauty,6
2023-04-04,SKU-003,Beauty,4
2023-04-05,SKU-003,Beauty,5
2023-04-06,SKU-003,Beauty,6
2023-04-07,SKU-003,Beauty,4
2023-04-08,SKU-003,Beauty,3
2023-04-09,SKU-003,Beauty,3
2023-04-10,SKU-003,Beauty,3
2023-04-11,SKU-003,Beauty,4
2023-04-12,SKU-003,Beauty,4
2023-04-13,SKU-003,Beauty,3
2023-04-14,SKU-003,Beauty,3
2023-04-15,SKU-003,Beauty,3
2023-04-16,SKU-003,Beauty,4
2023-04-17,SKU-003,Beauty,5
2023-04-18,SKU-003,Beauty,4
2023-04-19,SKU-003,Beauty,4
2023-04-20,SKU-003,Beauty,5
2023-04-21,SKU-003,Beauty,4
2023-04-22,SKU-003,Beauty,4
2023-04-23,SKU-003,Beauty,4
2023-04-24,SKU-003,Beauty,4
2023-04-25,SKU-003,Beauty,4
2023-04-26,SKU-003,Beauty,5
2023-04-27,SKU-003,Beauty,3
2023-04-28,SKU-003,Beauty,4
2023-04-29,SKU-003,Beauty,3
2023-04-30,SKU-003,Beauty,3
2023-05-01,SKU-003,Beauty,3
2023-05-02,SKU-003,Beauty,4
2023-05-03,SKU-003,Beauty,4
2023-05-04,SKU-003,Beauty,4
2023-05-05,SKU-003,Beauty,5
2023-05-06,SKU-003,Beauty,3
2023-05-07,SKU-003,Beauty,3
2023-05-08,SKU-003,Beauty,5
2023-05-09,SKU-003,Beauty,5
2023-05-10,SKU-003,Beauty,4
2023-05-11,SKU-003,Beauty,5
2023-05-12,SKU-003,Beauty,3
2023-05-13,SKU-003,Beauty,3
2023-05-14,SKU-003,Beauty,3
2023-05-15,SKU-003,Beauty,3
2023-05-16,SKU-003,Beauty,4
2023-05-17,SKU-003,Beauty,4
2023-05-18,SKU-003,Beauty,5
2023-05-19,SKU-003,Beauty,6
2023-05-20,SKU-003,Beauty,3
2023-05-21,SKU-003,Beauty,4
2023-05-22,SKU-003,Beauty,4
2023-05-23,SKU-003,Beauty,5
2023-05-24,SKU-003,Beauty,4
2023-05-25,SKU-003,Beauty,6
2023-05-26,SKU-003,Beauty,3
2023-05-27,SKU-003,Beauty,4
2023-05-28,SKU-003,Beauty,4
2023-05-29,SKU-003,Beauty,4
2023-05-30,SKU-003,Beauty,4
2023-05-31,SKU-003,Beauty,4
2023-06-01,SKU-003,Beauty,4
2023-06-02,SKU-003,Beauty,4
2023-06-03,SKU-003,Beauty,6
2023-06-04,SKU-003,Beauty,3
2023-06-05,SKU-003,Beauty,4
2023-06-06,SKU-003,Beauty,4
2023-06-07,SKU-003,Beauty,5
2023-06-08,SKU-003,Beauty,4
2023-06-09,SKU-003,Beauty,4
2023-06-10,SKU-003,Beauty,4
2023-06-11,SKU-003,Beauty,3
2023-06-12,SKU-003,Beauty,3
2023-06-13,SKU-003,Beauty,5
2023-06-14,SKU-003,Beauty,5
2023-06-15,SKU-003,Beauty,4
2023-06-16,SKU-003,Beauty,4
2023-06-17,SKU-003,Beauty,4
2023-06-18,SKU-003,Beauty,4
2023-06-19,SKU-003,Beauty,5
2023-06-20,SKU-003,Beauty,5
2023-06-21,SKU-003,Beauty,6
2023-06-22,SKU-003,Beauty,4
2023-06-23,SKU-003,Beauty,5
2023-06-24,SKU-003,Beauty,3
2023-06-25,SKU-003,Beauty,4
2023-06-26,SKU-003,Beauty,5
2023-06-27,SKU-003,Beauty,5
2023-06-28,SKU-003,Beauty,5
2023-06-29,SKU-003,Beauty,4
2023-06-30,SKU-003,Beauty,3
2023-07-01,SKU-003,Beauty,4
2023-07-02,SKU-003,Beauty,5
2023-07-03,SKU-003,Beauty,4
2023-07-04,SKU-003,Beauty,4
2023-07-05,SKU-003,Beauty,4
2023-07-06,SKU-003,Beauty,4
2023-07-07,SKU-003,Beauty,3
2023-07-08,SKU-003,Beauty,4
2023-07-09,SKU-003,Beauty,4
2023-07-10,SKU-003,Beauty,4
2023-07-11,SKU-003,Beauty,6
2023-07-12,SKU-003,Beauty,7
2023-07-13,SKU-003,Beauty,4
2023-07-14,SKU-003,Beauty,4
2023-07-15,SKU-003,Beauty,3
2023-07-16,SKU-003,Beauty,4
2023-07-17,SKU-003,Beauty,4
2023-07-18,SKU-003,Beauty,5
2023-07-19,SKU-003,Beauty,4
2023-07-20,SKU-003,Beauty,4
2023-07-21,SKU-003,Beauty,4
2023-07-22,SKU-003,Beauty,4
2023-07-23,SKU-003,Beauty,3
2023-07-24,SKU-003,Beauty,5
2023-07-25,SKU-003,Beauty,5
2023-07-26,SKU-003,Beauty,5
2023-07-27,SKU-003,Beauty,4
2023-07-28,SKU-003,Beauty,3
2023-07-29,SKU-003,Beauty,4
2023-07-30,SKU-003,Beauty,4
2023-07-31,SKU-003,Beauty,6
2023-08-01,SKU-003,Beauty,5
2023-08-02,SKU-003,Beauty,4
2023-08-03,SKU-003,Beauty,5
2023-08-04,SKU-003,Beauty,3
2023-08-05,SKU-003,Beauty,3
2023-08-06,SKU-003,Beauty,4
2023-08-07,SKU-003,Beauty,4
2023-08-08,SKU-003,Beauty,4
2023-08-09,SKU-003,Beauty,5
2023-08-10,SKU-003,Beauty,4
2023-08-11,SKU-003,Beauty,4
2023-08-12,SKU-003,Beauty,4
2023-08-13,SKU-003,Beauty,4
2023-08-14,SKU-003,Beauty,4
2023-08-15,SKU-003,Beauty,4
2023-08-16,SKU-003,Beauty,4
2023-08-17,SKU-003,Beauty,4
2023-08-18,SKU-003,Beauty,3
2023-08-19,SKU-003,Beauty,4
2023-08-20,SKU-003,Beauty,5
2023-08-21,SKU-003,Beauty,4
2023-08-22,SKU-003,Beauty,5
2023-08-23,SKU-003,Beauty,4
2023-08-24,SKU-003,Beauty,4
2023-08-25,SKU-003,Beauty,3
2023-08-26,SKU-003,Beauty,4
2023-08-27,SKU-003,Beauty,3
2023-08-28,SKU-003,Beauty,5
2023-08-29,SKU-003,Beauty,5
2023-08-30,SKU-003,Beauty,4
2023-08-31,SKU-003,Beauty,4
2023-09-01,SKU-003,Beauty,3
2023-09-02,SKU-003,Beauty,3
2023-09-03,SKU-003,Beauty,4
2023-09-04,SKU-003,Beauty,4
2023-09-05,SKU-003,Beauty,6
2023-09-06,SKU-003,Beauty,5
2023-09-07,SKU-003,Beauty,4
2023-09-08,SKU-003,Beauty,4
2023-09-09,SKU-003,Beauty,3
2023-09-10,SKU-003,Beauty,3
2023-09-11,SKU-003,Beauty,4
2023-09-12,SKU-003,Beauty,5
2023-09-13,SKU-003,Beauty,4
2023-09-14,SKU-003,Beauty,5
2023-09-15,SKU-003,Beauty,4
2023-09-16,SKU-003,Beauty,3
2023-09-17,SKU-003,Beauty,5
2023-09-18,SKU-003,Beauty,5
2023-09-19,SKU-003,Beauty,4
2023-09-20,SKU-003,Beauty,5
2023-09-21,SKU-003,Beauty,6
2023-09-22,SKU-003,Beauty,4
2023-09-23,SKU-003,Beauty,3
2023-09-24,SKU-003,Beauty,3
2023-09-25,SKU-003,Beauty,5
2023-09-26,SKU-003,Beauty,5
2023-09-27,SKU-003,Beauty,7
2023-09-28,SKU-003,Beauty,6
2023-09-29,SKU-003,Beauty,4
2023-09-30,SKU-003,Beauty,3
2023-10-01,SKU-003,Beauty,3
2023-10-02,SKU-003,Beauty,5
2023-10-03,SKU-003,Beauty,5
2023-10-04,SKU-003,Beauty,4
2023-10-05,SKU-003,Beauty,6
2023-10-06,SKU-003,Beauty,4
2023-10-07,SKU-003,Beauty,3
2023-10-08,SKU-003,Beauty,4
2023-10-09,SKU-003,Beauty,5
2023-10-10,SKU-003,Beauty,4
2023-10-11,SKU-003,Beauty,6
2023-10-12,SKU-003,Beauty,5
2023-10-13,SKU-003,Beauty,3
2023-10-14,SKU-003,Beauty,4
2023-10-15,SKU-003,Beauty,4
2023-10-16,SKU-003,Beauty,4
2023-10-17,SKU-003,Beauty,7
2023-10-18,SKU-003,Beauty,4
2023-10-19,SKU-003,Beauty,5
2023-10-20,SKU-003,Beauty,4
2023-10-21,SKU-003,Beauty,3
2023-10-22,SKU-003,Beauty,4
2023-10-23,SKU-003,Beauty,3
2023-10-24,SKU-003,Beauty,5
2023-10-25,SKU-003,Beauty,5
2023-10-26,SKU-003,Beauty,5
2023-10-27,SKU-003,Beauty,4
2023-10-28,SKU-003,Beauty,3
2023-10-29,SKU-003,Beauty,3
2023-10-30,SKU-003,Beauty,6
2023-10-31,SKU-003,Beauty,4
2023-11-01,SKU-003,Beauty,5
2023-11-02,SKU-003,Beauty,4
2023-11-03,SKU-003,Beauty,4
2023-11-04,SKU-003,Beauty,3
2023-11-05,SKU-003,Beauty,4
2023-11-06,SKU-003,Beauty,5
2023-11-07,SKU-003,Beauty,6
2023-11-08,SKU-003,Beauty,6
2023-11-09,SKU-003,Beauty,5
2023-11-10,SKU-003,Beauty,4
2023-11-11,SKU-003,Beauty,3
2023-11-12,SKU-003,Beauty,4
2023-11-13,SKU-003,Beauty,4
2023-11-14,SKU-003,Beauty,4
2023-11-15,SKU-003,Beauty,5
2023-11-16,SKU-003,Beauty,5
2023-11-17,SKU-003,Beauty,5
2023-11-18,SKU-003,Beauty,6
2023-11-19,SKU-003,Beauty,3
2023-11-20,SKU-003,Beauty,4
2023-11-21,SKU-003,Beauty,7
2023-11-22,SKU-003,Beauty,5
2023-11-23,SKU-003,Beauty,5
2023-11-24,SKU-003,Beauty,4
2023-11-25,SKU-003,Beauty,4
2023-11-26,SKU-003,Beauty,4
2023-11-27,SKU-003,Beauty,4
2023-11-28,SKU-003,Beauty,6
2023-11-29,SKU-003,Beauty,6
2023-11-30,SKU-003,Beauty,4
2023-12-01,SKU-003,Beauty,4
2023-12-02,SKU-003,Beauty,4
2023-12-03,SKU-003,Beauty,6
2023-12-04,SKU-003,Beauty,4
2023-12-05,SKU-003,Beauty,4
2023-12-06,SKU-003,Beauty,8
2023-12-07,SKU-003,Beauty,6
2023-12-08,SKU-003,Beauty,6
2023-12-09,SKU-003,Beauty,6
2023-12-10,SKU-003,Beauty,5
2023-12-11,SKU-003,Beauty,4
2023-12-12,SKU-003,Beauty,7
2023-12-13,SKU-003,Beauty,6
2023-12-14,SKU-003,Beauty,4
2023-12-15,SKU-003,Beauty,4
2023-12-16,SKU-003,Beauty,4
2023-12-17,SKU-003,Beauty,3
2023-12-18,SKU-003,Beauty,7
2023-12-19,SKU-003,Beauty,5
2023-12-20,SKU-003,Beauty,6
2023-12-21,SKU-003,Beauty,4
2023-12-22,SKU-003,Beauty,4
2023-12-23,SKU-003,Beauty,4
2023-12-24,SKU-003,Beauty,5
2023-12-25,SKU-003,Beauty,5
2023-12-26,SKU-003,Beauty,7
2023-12-27,SKU-003,Beauty,6
2023-12-28,SKU-003,Beauty,4
2023-12-29,SKU-003,Beauty,8
2023-12-30,SKU-003,Beauty,4
2023-12-31,SKU-003,Beauty,5
2024-01-01,SKU-003,Beauty,4
2024-01-02,SKU-003,Beauty,5
2024-01-03,SKU-003,Beauty,6
2024-01-04,SKU-003,Beauty,4
2024-01-05,SKU-003,Beauty,5
2024-01-06,SKU-003,Beauty,4
2024-01-07,SKU-003,Beauty,5
2024-01-08,SKU-003,Beauty,6
2024-01-09,SKU-003,Beauty,8
2024-01-10,SKU-003,Beauty,7
2024-01-11,SKU-003,Beauty,7
2024-01-12,SKU-003,Beauty,4
2024-01-13,SKU-003,Beauty,6
2024-01-14,SKU-003,Beauty,4
2024-01-15,SKU-003,Beauty,4
2024-01-16,SKU-003,Beauty,6
2024-01-17,SKU-003,Beauty,5
2024-01-18,SKU-003,Beauty,7
2024-01-19,SKU-003,Beauty,4
2024-01-20,SKU-003,Beauty,5
2024-01-21,SKU-003,Beauty,4
2024-01-22,SKU-003,Beauty,5
2024-01-23,SKU-003,Beauty,7
2024-01-24,SKU-003,Beauty,5
2024-01-25,SKU-003,Beauty,5
2024-01-26,SKU-003,Beauty,6
2024-01-27,SKU-003,Beauty,6
2024-01-28,SKU-003,Beauty,5
2024-01-29,SKU-003,Beauty,5
2024-01-30,SKU-003,Beauty,6
2024-01-31,SKU-003,Beauty,7
2024-02-01,SKU-003,Beauty,5
2024-02-02,SKU-003,Beauty,6
2024-02-03,SKU-003,Beauty,6
2024-02-04,SKU-003,Beauty,4
2024-02-05,SKU-003,Beauty,4
2024-02-06,SKU-003,Beauty,5
2024-02-07,SKU-003,Beauty,7
2024-02-08,SKU-003,Beauty,5
2024-02-09,SKU-003,Beauty,5
2024-02-10,SKU-003,Beauty,4
2024-02-11,SKU-003,Beauty,4
2024-02-12,SKU-003,Beauty,5
2024-02-13,SKU-003,Beauty,5
2024-02-14,SKU-003,Beauty,6
2024-02-15,SKU-003,Beauty,6
2024-02-16,SKU-003,Beauty,5
2024-02-17,SKU-003,Beauty,4
2024-02-18,SKU-003,Beauty,4
2024-02-19,SKU-003,Beauty,6
2024-02-20,SKU-003,Beauty,5
2024-02-21,SKU-003,Beauty,6
2024-02-22,SKU-003,Beauty,5
2024-02-23,SKU-003,Beauty,6
2024-02-24,SKU-003,Beauty,4
2024-02-25,SKU-003,Beauty,4
2024-02-26,SKU-003,Beauty,6
2024-02-27,SKU-003,Beauty,7
2024-02-28,SKU-003,Beauty,6
2024-02-29,SKU-003,Beauty,6
2024-03-01,SKU-003,Beauty,6
2024-03-02,SKU-003,Beauty,5
2024-03-03,SKU-003,Beauty,6
2024-03-04,SKU-003,Beauty,6
2024-03-05,SKU-003,Beauty,5
2024-03-06,SKU-003,Beauty,8
2024-03-07,SKU-003,Beauty,7
2024-03-08,SKU-003,Beauty,7
2024-03-09,SKU-003,Beauty,6
2024-03-10,SKU-003,Beauty,4
2024-03-11,SKU-003,Beauty,5
2024-03-12,SKU-003,Beauty,5
2024-03-13,SKU-003,Beauty,5
2024-03-14,SKU-003,Beauty,6
2024-03-15,SKU-003,Beauty,6
2024-03-16,SKU-003,Beauty,5
2024-03-17,SKU-003,Beauty,4
2024-03-18,SKU-003,Beauty,5
2024-03-19,SKU-003,Beauty,5
2024-03-20,SKU-003,Beauty,5
2024-03-21,SKU-003,Beauty,6
2024-03-22,SKU-003,Beauty,6
2024-03-23,SKU-003,Beauty,4
2024-03-24,SKU-003,Beauty,4
2024-03-25,SKU-003,Beauty,5
2024-03-26,SKU-003,Beauty,7
2024-03-27,SKU-003,Beauty,8
2024-03-28,SKU-003,Beauty,7
2024-03-29,SKU-003,Beauty,4
2024-03-30,SKU-003,Beauty,4
2024-03-31,SKU-003,Beauty,5
2024-04-01,SKU-003,Beauty,5
2024-04-02,SKU-003,Beauty,5
2024-04-03,SKU-003,Beauty,6
2024-04-04,SKU-003,Beauty,5
2024-04-05,SKU-003,Beauty,7
2024-04-06,SKU-003,Beauty,5
2024-04-07,SKU-003,Beauty,5
2024-04-08,SKU-003,Beauty,6
2024-04-09,SKU-003,Beauty,7
2024-04-10,SKU-003,Beauty,6
2024-04-11,SKU-003,Beauty,8
2024-04-12,SKU-003,Beauty,4
2024-04-13,SKU-003,Beauty,6
2024-04-14,SKU-003,Beauty,5
2024-04-15,SKU-003,Beauty,6
2024-04-16,SKU-003,Beauty,6
2024-04-17,SKU-003,Beauty,5
2024-04-18,SKU-003,Beauty,7
2024-04-19,SKU-003,Beauty,6
2024-04-20,SKU-003,Beauty,4
2024-04-21,SKU-003,Beauty,8
2024-04-22,SKU-003,Beauty,5
2024-04-23,SKU-003,Beauty,7
2024-04-24,SKU-003,Beauty,6
2024-04-25,SKU-003,Beauty,5
2024-04-26,SKU-003,Beauty,8
2024-04-27,SKU-003,Beauty,5
2024-04-28,SKU-003,Beauty,5
2024-04-29,SKU-003,Beauty,5
2024-04-30,SKU-003,Beauty,5
2024-05-01,SKU-003,Beauty,6
2024-05-02,SKU-003,Beauty,5
2024-05-03,SKU-003,Beauty,6
2024-05-04,SKU-003,Beauty,6
2024-05-05,SKU-003,Beauty,5
2024-05-06,SKU-003,Beauty,6
2024-05-07,SKU-003,Beauty,5
2024-05-08,SKU-003,Beauty,6
2024-05-09,SKU-003,Beauty,5
2024-05-10,SKU-003,Beauty,4
2024-05-11,SKU-003,Beauty,6
2024-05-12,SKU-003,Beauty,6
2024-05-13,SKU-003,Beauty,5
2024-05-14,SKU-003,Beauty,7
2024-05-15,SKU-003,Beauty,6
2024-05-16,SKU-003,Beauty,6
2024-05-17,SKU-003,Beauty,5
2024-05-18,SKU-003,Beauty,6
2024-05-19,SKU-003,Beauty,5
2024-05-20,SKU-003,Beauty,7
2024-05-21,SKU-003,Beauty,8
2024-05-22,SKU-003,Beauty,7
2024-05-23,SKU-003,Beauty,7
2024-05-24,SKU-003,Beauty,6
2024-05-25,SKU-003,Beauty,4
2024-05-26,SKU-003,Beauty,9
2024-05-27,SKU-003,Beauty,6
2024-05-28,SKU-003,Beauty,5
2024-05-29,SKU-003,Beauty,6
2024-05-30,SKU-003,Beauty,8
2024-05-31,SKU-003,Beauty,4
2024-06-01,SKU-003,Beauty,7
2024-06-02,SKU-003,Beauty,6
2024-06-03,SKU-003,Beauty,5
2024-06-04,SKU-003,Beauty,8
2024-06-05,SKU-003,Beauty,6
2024-06-06,SKU-003,Beauty,7
2024-06-07,SKU-003,Beauty,7
2024-06-08,SKU-003,Beauty,6
2024-06-09,SKU-003,Beauty,5
2024-06-10,SKU-003,Beauty,6
2024-06-11,SKU-003,Beauty,7
2024-06-12,SKU-003,Beauty,7
2024-06-13,SKU-003,Beauty,8
2024-06-14,SKU-003,Beauty,6
2024-06-15,SKU-003,Beauty,6
2024-06-16,SKU-003,Beauty,5
2024-06-17,SKU-003,Beauty,6
2024-06-18,SKU-003,Beauty,9
2024-06-19,SKU-003,Beauty,8
2024-06-20,SKU-003,Beauty,8
2024-06-21,SKU-003,Beauty,6
2024-06-22,SKU-003,Beauty,8
2024-06-23,SKU-003,Beauty,5
2024-06-24,SKU-003,Beauty,5
2024-06-25,SKU-003,Beauty,5
2024-06-26,SKU-003,Beauty,5
2024-06-27,SKU-003,Beauty,5
2024-06-28,SKU-003,Beauty,5
2024-06-29,SKU-003,Beauty,5
2024-06-30,SKU-003,Beauty,4
2024-07-01,SKU-003,Beauty,5
2024-07-02,SKU-003,Beauty,5
2024-07-03,SKU-003,Beauty,7
2024-07-04,SKU-003,Beauty,8
2024-07-05,SKU-003,Beauty,6
2024-07-06,SKU-003,Beauty,7
2024-07-07,SKU-003,Beauty,6
2024-07-08,SKU-003,Beauty,6
2024-07-09,SKU-003,Beauty,6
2024-07-10,SKU-003,Beauty,7
2024-07-11,SKU-003,Beauty,6
2024-07-12,SKU-003,Beauty,6
2024-07-13,SKU-003,Beauty,5
2024-07-14,SKU-003,Beauty,5
2024-07-15,SKU-003,Beauty,5
2024-07-16,SKU-003,Beauty,5
2024-07-17,SKU-003,Beauty,6
2024-07-18,SKU-003,Beauty,6
2024-07-19,SKU-003,Beauty,5
2024-07-20,SKU-003,Beauty,4
2024-07-21,SKU-003,Beauty,6
2024-07-22,SKU-003,Beauty,5
2024-07-23,SKU-003,Beauty,6
2024-07-24,SKU-003,Beauty,7
2024-07-25,SKU-003,Beauty,8
2024-07-26,SKU-003,Beauty,5
2024-07-27,SKU-003,Beauty,4
2024-07-28,SKU-003,Beauty,5
2024-07-29,SKU-003,Beauty,5
2024-07-30,SKU-003,Beauty,5
2024-07-31,SKU-003,Beauty,7
2024-08-01,SKU-003,Beauty,6
2024-08-02,SKU-003,Beauty,6
2024-08-03,SKU-003,Beauty,7
2024-08-04,SKU-003,Beauty,6
2024-08-05,SKU-003,Beauty,5
2024-08-06,SKU-003,Beauty,8
2024-08-07,SKU-003,Beauty,5
2024-08-08,SKU-003,Beauty,7
2024-08-09,SKU-003,Beauty,5
2024-08-10,SKU-003,Beauty,7
2024-08-11,SKU-003,Beauty,8
2024-08-12,SKU-003,Beauty,5
2024-08-13,SKU-003,Beauty,6
2024-08-14,SKU-003,Beauty,5
2024-08-15,SKU-003,Beauty,5
2024-08-16,SKU-003,Beauty,5
2024-08-17,SKU-003,Beauty,4
2024-08-18,SKU-003,Beauty,5
2024-08-19,SKU-003,Beauty,7
2024-08-20,SKU-003,Beauty,9
2024-08-21,SKU-003,Beauty,7
2024-08-22,SKU-003,Beauty,7
2024-08-23,SKU-003,Beauty,6
2024-08-24,SKU-003,Beauty,4
2024-08-25,SKU-003,Beauty,6
2024-08-26,SKU-003,Beauty,5
2024-08-27,SKU-003,Beauty,7
2024-08-28,SKU-003,Beauty,7
2024-08-29,SKU-003,Beauty,9
2024-08-30,SKU-003,Beauty,5
2024-08-31,SKU-003,Beauty,5
2024-09-01,SKU-003,Beauty,6
2024-09-02,SKU-003,Beauty,6
2024-09-03,SKU-003,Beauty,5
2024-09-04,SKU-003,Beauty,8
2024-09-05,SKU-003,Beauty,5
2024-09-06,SKU-003,Beauty,7
2024-09-07,SKU-003,Beauty,5
2024-09-08,SKU-003,Beauty,6
2024-09-09,SKU-003,Beauty,5
2024-09-10,SKU-003,Beauty,7
2024-09-11,SKU-003,Beauty,7
2024-09-12,SKU-003,Beauty,6
2024-09-13,SKU-003,Beauty,5
2024-09-14,SKU-003,Beauty,7
2024-09-15,SKU-003,Beauty,7
2024-09-16,SKU-003,Beauty,6
2024-09-17,SKU-003,Beauty,7
2024-09-18,SKU-003,Beauty,7
2024-09-19,SKU-003,Beauty,5
2024-09-20,SKU-003,Beauty,4
2024-09-21,SKU-003,Beauty,6
2024-09-22,SKU-003,Beauty,4
2024-09-23,SKU-003,Beauty,6
2024-09-24,SKU-003,Beauty,7
2024-09-25,SKU-003,Beauty,7
2024-09-26,SKU-003,Beauty,8
2024-09-27,SKU-003,Beauty,5
2024-09-28,SKU-003,Beauty,6
2024-09-29,SKU-003,Beauty,6
2024-09-30,SKU-003,Beauty,5
2024-10-01,SKU-003,Beauty,6
2024-10-02,SKU-003,Beauty,6
2024-10-03,SKU-003,Beauty,5
2024-10-04,SKU-003,Beauty,7
2024-10-05,SKU-003,Beauty,7
2024-10-06,SKU-003,Beauty,5
2024-10-07,SKU-003,Beauty,5
2024-10-08,SKU-003,Beauty,5
2024-10-09,SKU-003,Beauty,7
2024-10-10,SKU-003,Beauty,7
2024-10-11,SKU-003,Beauty,5
2024-10-12,SKU-003,Beauty,7
2024-10-13,SKU-003,Beauty,4
2024-10-14,SKU-003,Beauty,5
2024-10-15,SKU-003,Beauty,5
2024-10-16,SKU-003,Beauty,9
2024-10-17,SKU-003,Beauty,6
2024-10-18,SKU-003,Beauty,6
2024-10-19,SKU-003,Beauty,5
2024-10-20,SKU-003,Beauty,7
2024-10-21,SKU-003,Beauty,6
2024-10-22,SKU-003,Beauty,8
2024-10-23,SKU-003,Beauty,6
2024-10-24,SKU-003,Beauty,5
2024-10-25,SKU-003,Beauty,6
2024-10-26,SKU-003,Beauty,8
2024-10-27,SKU-003,Beauty,5
2024-10-28,SKU-003,Beauty,5
2024-10-29,SKU-003,Beauty,6
2024-10-30,SKU-003,Beauty,6
2024-10-31,SKU-003,Beauty,7
2024-11-01,SKU-003,Beauty,6
2024-11-02,SKU-003,Beauty,4
2024-11-03,SKU-003,Beauty,6
2024-11-04,SKU-003,Beauty,7
2024-11-05,SKU-003,Beauty,8
2024-11-06,SKU-003,Beauty,9
2024-11-07,SKU-003,Beauty,8
2024-11-08,SKU-003,Beauty,6
2024-11-09,SKU-003,Beauty,6
2024-11-10,SKU-003,Beauty,7
2024-11-11,SKU-003,Beauty,5
2024-11-12,SKU-003,Beauty,6
2024-11-13,SKU-003,Beauty,8
2024-11-14,SKU-003,Beauty,5
2024-11-15,SKU-003,Beauty,5
2024-11-16,SKU-003,Beauty,6
2024-11-17,SKU-003,Beauty,5
2024-11-18,SKU-003,Beauty,7
2024-11-19,SKU-003,Beauty,6
2024-11-20,SKU-003,Beauty,7
2024-11-21,SKU-003,Beauty,6
2024-11-22,SKU-003,Beauty,6
2024-11-23,SKU-003,Beauty,5
2024-11-24,SKU-003,Beauty,7
2024-11-25,SKU-003,Beauty,6
2024-11-26,SKU-003,Beauty,6
2024-11-27,SKU-003,Beauty,8
2024-11-28,SKU-003,Beauty,8
2024-11-29,SKU-003,Beauty,6
2024-11-30,SKU-003,Beauty,8
2024-12-01,SKU-003,Beauty,6
2024-12-02,SKU-003,Beauty,5
2024-12-03,SKU-003,Beauty,6
2024-12-04,SKU-003,Beauty,6
2024-12-05,SKU-003,Beauty,10
2024-12-06,SKU-003,Beauty,5
2024-12-07,SKU-003,Beauty,5
2024-12-08,SKU-003,Beauty,6
2024-12-09,SKU-003,Beauty,6
2024-12-10,SKU-003,Beauty,9
2024-12-11,SKU-003,Beauty,9
2024-12-12,SKU-003,Beauty,6
2024-12-13,SKU-003,Beauty,6
2024-12-14,SKU-003,Beauty,5
2024-12-15,SKU-003,Beauty,6
2024-12-16,SKU-003,Beauty,6
2024-12-17,SKU-003,Beauty,7
2024-12-18,SKU-003,Beauty,6
2024-12-19,SKU-003,Beauty,7
2024-12-20,SKU-003,Beauty,6
2024-12-21,SKU-003,Beauty,6
2024-12-22,SKU-003,Beauty,5
2024-12-23,SKU-003,Beauty,7
2024-12-24,SKU-003,Beauty,9
2024-12-25,SKU-003,Beauty,8
2024-12-26,SKU-003,Beauty,6
2024-12-27,SKU-003,Beauty,8
2024-12-28,SKU-003,Beauty,6
2024-12-29,SKU-003,Beauty,8
2023-01-02,SKU-004,Fashion,3
2023-01-03,SKU-004,Fashion,4
2023-01-04,SKU-004,Fashion,4
2023-01-05,SKU-004,Fashion,4
2023-01-06,SKU-004,Fashion,4
2023-01-07,SKU-004,Fashion,3
2023-01-08,SKU-004,Fashion,3
2023-01-09,SKU-004,Fashion,4
2023-01-10,SKU-004,Fashion,4
2023-01-11,SKU-004,Fashion,4
2023-01-12,SKU-004,Fashion,3
2023-01-13,SKU-004,Fashion,4
2023-01-14,SKU-004,Fashion,4
2023-01-15,SKU-004,Fashion,3
2023-01-16,SKU-004,Fashion,5
2023-01-17,SKU-004,Fashion,4
2023-01-18,SKU-004,Fashion,6
2023-01-19,SKU-004,Fashion,5
2023-01-20,SKU-004,Fashion,3
2023-01-21,SKU-004,Fashion,3
2023-01-22,SKU-004,Fashion,4
2023-01-23,SKU-004,Fashion,5
2023-01-24,SKU-004,Fashion,5
2023-01-25,SKU-004,Fashion,4
2023-01-26,SKU-004,Fashion,5
2023-01-27,SKU-004,Fashion,3
2023-01-28,SKU-004,Fashion,5
2023-01-29,SKU-004,Fashion,3
2023-01-30,SKU-004,Fashion,4
2023-01-31,SKU-004,Fashion,4
2023-02-01,SKU-004,Fashion,4
2023-02-02,SKU-004,Fashion,5
2023-02-03,SKU-004,Fashion,6
2023-02-04,SKU-004,Fashion,4
2023-02-05,SKU-004,Fashion,5
2023-02-06,SKU-004,Fashion,3
2023-02-07,SKU-004,Fashion,4
2023-02-08,SKU-004,Fashion,6
2023-02-09,SKU-004,Fashion,4
2023-02-10,SKU-004,Fashion,3
2023-02-11,SKU-004,Fashion,3
2023-02-12,SKU-004,Fashion,3
2023-02-13,SKU-004,Fashion,4
2023-02-14,SKU-004,Fashion,4
2023-02-15,SKU-004,Fashion,4
2023-02-16,SKU-004,Fashion,4
2023-02-17,SKU-004,Fashion,3
2023-02-18,SKU-004,Fashion,4
2023-02-19,SKU-004,Fashion,3
2023-02-20,SKU-004,Fashion,4
2023-02-21,SKU-004,Fashion,5
2023-02-22,SKU-004,Fashion,4
2023-02-23,SKU-004,Fashion,4
2023-02-24,SKU-004,Fashion,3
2023-02-25,SKU-004,Fashion,4
2023-02-26,SKU-004,Fashion,4
2023-02-27,SKU-004,Fashion,4
2023-02-28,SKU-004,Fashion,4
2023-03-01,SKU-004,Fashion,5
2023-03-02,SKU-004,Fashion,4
2023-03-03,SKU-004,Fashion,4
2023-03-04,SKU-004,Fashion,3
2023-03-05,SKU-004,Fashion,3
2023-03-06,SKU-004,Fashion,4
2023-03-07,SKU-004,Fashion,5
2023-03-08,SKU-004,Fashion,5
2023-03-09,SKU-004,Fashion,4
2023-03-10,SKU-004,Fashion,4
2023-03-11,SKU-004,Fashion,3
2023-03-12,SKU-004,Fashion,3
2023-03-13,SKU-004,Fashion,6
2023-03-14,SKU-004,Fashion,4
2023-03-15,SKU-004,Fashion,5
2023-03-16,SKU-004,Fashion,4
2023-03-17,SKU-004,Fashion,4
2023-03-18,SKU-004,Fashion,3
2023-03-19,SKU-004,Fashion,3
2023-03-20,SKU-004,Fashion,5
2023-03-21,SKU-004,Fashion,4
2023-03-22,SKU-004,Fashion,5
2023-03-23,SKU-004,Fashion,4
2023-03-24,SKU-004,Fashion,5
2023-03-25,SKU-004,Fashion,3
2023-03-26,SKU-004,Fashion,4
2023-03-27,SKU-004,Fashion,5
2023-03-28,SKU-004,Fashion,4
2023-03-29,SKU-004,Fashion,5
2023-03-30,SKU-004,Fashion,8
2023-03-31,SKU-004,Fashion,4
2023-04-01,SKU-004,Fashion,3
2023-04-02,SKU-004,Fashion,4
2023-04-03,SKU-004,Fashion,6
2023-04-04,SKU-004,Fashion,4
2023-04-05,SKU-004,Fashion,5
2023-04-06,SKU-004,Fashion,7
2023-04-07,SKU-004,Fashion,5
2023-04-08,SKU-004,Fashion,3
2023-04-09,SKU-004,Fashion,3
2023-04-10,SKU-004,Fashion,4
2023-04-11,SKU-004,Fashion,4
2023-04-12,SKU-004,Fashion,4
2023-04-13,SKU-004,Fashion,4
2023-04-14,SKU-004,Fashion,4
2023-04-15,SKU-004,Fashion,3
2023-04-16,SKU-004,Fashion,4
2023-04-17,SKU-004,Fashion,6
2023-04-18,SKU-004,Fashion,6
2023-04-19,SKU-004,Fashion,5
2023-04-20,SKU-004,Fashion,6
2023-04-21,SKU-004,Fashion,5
2023-04-22,SKU-004,Fashion,4
2023-04-23,SKU-004,Fashion,5
2023-04-24,SKU-004,Fashion,5
2023-04-25,SKU-004,Fashion,6
2023-04-26,SKU-004,Fashion,6
2023-04-27,SKU-004,Fashion,4
2023-04-28,SKU-004,Fashion,5
2023-04-29,SKU-004,Fashion,3
2023-04-30,SKU-004,Fashion,4
2023-05-01,SKU-004,Fashion,4
2023-05-02,SKU-004,Fashion,6
2023-05-03,SKU-004,Fashion,5
2023-05-04,SKU-004,Fashion,5
2023-05-05,SKU-004,Fashion,6
2023-05-06,SKU-004,Fashion,4
2023-05-07,SKU-004,Fashion,4
2023-05-08,SKU-004,Fashion,6
2023-05-09,SKU-004,Fashion,7
2023-05-10,SKU-004,Fashion,5
2023-05-11,SKU-004,Fashion,5
2023-05-12,SKU-004,Fashion,4
2023-05-13,SKU-004,Fashion,4
2023-05-14,SKU-004,Fashion,4
2023-05-15,SKU-004,Fashion,4
2023-05-16,SKU-004,Fashion,4
2023-05-17,SKU-004,Fashion,5
2023-05-18,SKU-004,Fashion,6
2023-05-19,SKU-004,Fashion,7
2023-05-20,SKU-004,Fashion,5
2023-05-21,SKU-004,Fashion,5
2023-05-22,SKU-004,Fashion,4
2023-05-23,SKU-004,Fashion,6
2023-05-24,SKU-004,Fashion,4
2023-05-25,SKU-004,Fashion,7
2023-05-26,SKU-004,Fashion,4
2023-05-27,SKU-004,Fashion,5
2023-05-28,SKU-004,Fashion,5
2023-05-29,SKU-004,Fashion,5
2023-05-30,SKU-004,Fashion,4
2023-05-31,SKU-004,Fashion,5
2023-06-01,SKU-004,Fashion,4
2023-06-02,SKU-004,Fashion,4
2023-06-03,SKU-004,Fashion,7
2023-06-04,SKU-004,Fashion,4
2023-06-05,SKU-004,Fashion,5
2023-06-06,SKU-004,Fashion,4
2023-06-07,SKU-004,Fashion,6
2023-06-08,SKU-004,Fashion,4
2023-06-09,SKU-004,Fashion,5
2023-06-10,SKU-004,Fashion,4
2023-06-11,SKU-004,Fashion,4
2023-06-12,SKU-004,Fashion,4
2023-06-13,SKU-004,Fashion,6
2023-06-14,SKU-004,Fashion,6
2023-06-15,SKU-004,Fashion,4
2023-06-16,SKU-004,Fashion,5
2023-06-17,SKU-004,Fashion,5
2023-06-18,SKU-004,Fashion,6
2023-06-19,SKU-004,Fashion,5
2023-06-20,SKU-004,Fashion,5
2023-06-21,SKU-004,Fashion,7
2023-06-22,SKU-004,Fashion,4
2023-06-23,SKU-004,Fashion,6
2023-06-24,SKU-004,Fashion,4
2023-06-25,SKU-004,Fashion,4
2023-06-26,SKU-004,Fashion,6
2023-06-27,SKU-004,Fashion,7
2023-06-28,SKU-004,Fashion,6
2023-06-29,SKU-004,Fashion,4
2023-06-30,SKU-004,Fashion,4
2023-07-01,SKU-004,Fashion,4
2023-07-02,SKU-004,Fashion,6
2023-07-03,SKU-004,Fashion,4
2023-07-04,SKU-004,Fashion,4
2023-07-05,SKU-004,Fashion,5
2023-07-06,SKU-004,Fashion,5
2023-07-07,SKU-004,Fashion,4
2023-07-08,SKU-004,Fashion,5
2023-07-09,SKU-004,Fashion,6
2023-07-10,SKU-004,Fashion,5
2023-07-11,SKU-004,Fashion,7
2023-07-12,SKU-004,Fashion,8
2023-07-13,SKU-004,Fashion,4
2023-07-14,SKU-004,Fashion,5
2023-07-15,SKU-004,Fashion,4
2023-07-16,SKU-004,Fashion,5
2023-07-17,SKU-004,Fashion,4
2023-07-18,SKU-004,Fashion,6
2023-07-19,SKU-004,Fashion,5
2023-07-20,SKU-004,Fashion,5
2023-07-21,SKU-004,Fashion,5
2023-07-22,SKU-004,Fashion,5
2023-07-23,SKU-004,Fashion,4
2023-07-24,SKU-004,Fashion,6
2023-07-25,SKU-004,Fashion,6
2023-07-26,SKU-004,Fashion,6
2023-07-27,SKU-004,Fashion,5
2023-07-28,SKU-004,Fashion,4
2023-07-29,SKU-004,Fashion,4
2023-07-30,SKU-004,Fashion,5
2023-07-31,SKU-004,Fashion,7
2023-08-01,SKU-004,Fashion,6
2023-08-02,SKU-004,Fashion,5
2023-08-03,SKU-004,Fashion,5
2023-08-04,SKU-004,Fashion,4
2023-08-05,SKU-004,Fashion,4
2023-08-06,SKU-004,Fashion,5
2023-08-07,SKU-004,Fashion,5
2023-08-08,SKU-004,Fashion,5
2023-08-09,SKU-004,Fashion,6
2023-08-10,SKU-004,Fashion,5
2023-08-11,SKU-004,Fashion,4
2023-08-12,SKU-004,Fashion,4
2023-08-13,SKU-004,Fashion,5
2023-08-14,SKU-004,Fashion,4
2023-08-15,SKU-004,Fashion,5
2023-08-16,SKU-004,Fashion,5
2023-08-17,SKU-004,Fashion,5
2023-08-18,SKU-004,Fashion,4
2023-08-19,SKU-004,Fashion,5
2023-08-20,SKU-004,Fashion,7
2023-08-21,SKU-004,Fashion,4
2023-08-22,SKU-004,Fashion,6
2023-08-23,SKU-004,Fashion,5
2023-08-24,SKU-004,Fashion,5
2023-08-25,SKU-004,Fashion,4
2023-08-26,SKU-004,Fashion,5
2023-08-27,SKU-004,Fashion,4
2023-08-28,SKU-004,Fashion,6
2023-08-29,SKU-004,Fashion,6
2023-08-30,SKU-004,Fashion,5
2023-08-31,SKU-004,Fashion,6
2023-09-01,SKU-004,Fashion,4
2023-09-02,SKU-004,Fashion,4
2023-09-03,SKU-004,Fashion,5
2023-09-04,SKU-004,Fashion,4
2023-09-05,SKU-004,Fashion,7
2023-09-06,SKU-004,Fashion,6
2023-09-07,SKU-004,Fashion,5
2023-09-08,SKU-004,Fashion,5
2023-09-09,SKU-004,Fashion,4
2023-09-10,SKU-004,Fashion,4
2023-09-11,SKU-004,Fashion,5
2023-09-12,SKU-004,Fashion,6
2023-09-13,SKU-004,Fashion,5
2023-09-14,SKU-004,Fashion,5
2023-09-15,SKU-004,Fashion,5
2023-09-16,SKU-004,Fashion,4
2023-09-17,SKU-004,Fashion,6
2023-09-18,SKU-004,Fashion,7
2023-09-19,SKU-004,Fashion,5
2023-09-20,SKU-004,Fashion,6
2023-09-21,SKU-004,Fashion,7
2023-09-22,SKU-004,Fashion,5
2023-09-23,SKU-004,Fashion,4
2023-09-24,SKU-004,Fashion,4
2023-09-25,SKU-004,Fashion,6
2023-09-26,SKU-004,Fashion,6
2023-09-27,SKU-004,Fashion,8
2023-09-28,SKU-004,Fashion,7
2023-09-29,SKU-004,Fashion,5
2023-09-30,SKU-004,Fashion,4
2023-10-01,SKU-004,Fashion,4
2023-10-02,SKU-004,Fashion,6
2023-10-03,SKU-004,Fashion,6
2023-10-04,SKU-004,Fashion,5
2023-10-05,SKU-004,Fashion,7
2023-10-06,SKU-004,Fashion,5
2023-10-07,SKU-004,Fashion,4
2023-10-08,SKU-004,Fashion,5
2023-10-09,SKU-004,Fashion,7
2023-10-10,SKU-004,Fashion,5
2023-10-11,SKU-004,Fashion,7
2023-10-12,SKU-004,Fashion,6
2023-10-13,SKU-004,Fashion,4
2023-10-14,SKU-004,Fashion,5
2023-10-15,SKU-004,Fashion,5
2023-10-16,SKU-004,Fashion,5
2023-10-17,SKU-004,Fashion,8
2023-10-18,SKU-004,Fashion,5
2023-10-19,SKU-004,Fashion,6
2023-10-20,SKU-004,Fashion,4
2023-10-21,SKU-004,Fashion,4
2023-10-22,SKU-004,Fashion,4
2023-10-23,SKU-004,Fashion,4
2023-10-24,SKU-004,Fashion,6
2023-10-25,SKU-004,Fashion,6
2023-10-26,SKU-004,Fashion,6
2023-10-27,SKU-004,Fashion,6
2023-10-28,SKU-004,Fashion,4
2023-10-29,SKU-004,Fashion,4
2023-10-30,SKU-004,Fashion,7
2023-10-31,SKU-004,Fashion,5
2023-11-01,SKU-004,Fashion,6
2023-11-02,SKU-004,Fashion,5
2023-11-03,SKU-004,Fashion,4
2023-11-04,SKU-004,Fashion,4
2023-11-05,SKU-004,Fashion,5
2023-11-06,SKU-004,Fashion,6
2023-11-07,SKU-004,Fashion,8
2023-11-08,SKU-004,Fashion,6
2023-11-09,SKU-004,Fashion,6
2023-11-10,SKU-004,Fashion,5
2023-11-11,SKU-004,Fashion,4
2023-11-12,SKU-004,Fashion,5
2023-11-13,SKU-004,Fashion,5
2023-11-14,SKU-004,Fashion,5
2023-11-15,SKU-004,Fashion,7
2023-11-16,SKU-004,Fashion,6
2023-11-17,SKU-004,Fashion,7
2023-11-18,SKU-004,Fashion,7
2023-11-19,SKU-004,Fashion,4
2023-11-20,SKU-004,Fashion,5
2023-11-21,SKU-004,Fashion,9
2023-11-22,SKU-004,Fashion,7
2023-11-23,SKU-004,Fashion,6
2023-11-24,SKU-004,Fashion,6
2023-11-25,SKU-004,Fashion,4
2023-11-26,SKU-004,Fashion,5
2023-11-27,SKU-004,Fashion,5
2023-11-28,SKU-004,Fashion,8
2023-11-29,SKU-004,Fashion,8
2023-11-30,SKU-004,Fashion,5
2023-12-01,SKU-004,Fashion,4
2023-12-02,SKU-004,Fashion,5
2023-12-03,SKU-004,Fashion,8
2023-12-04,SKU-004,Fashion,5
2023-12-05,SKU-004,Fashion,6
2023-12-06,SKU-004,Fashion,10
2023-12-07,SKU-004,Fashion,8
2023-12-08,SKU-004,Fashion,7
2023-12-09,SKU-004,Fashion,8
2023-12-10,SKU-004,Fashion,6
2023-12-11,SKU-004,Fashion,5
2023-12-12,SKU-004,Fashion,9
2023-12-13,SKU-004,Fashion,7
2023-12-14,SKU-004,Fashion,5
2023-12-15,SKU-004,Fashion,5
2023-12-16,SKU-004,Fashion,6
2023-12-17,SKU-004,Fashion,5
2023-12-18,SKU-004,Fashion,9
2023-12-19,SKU-004,Fashion,6
2023-12-20,SKU-004,Fashion,9
2023-12-21,SKU-004,Fashion,6
2023-12-22,SKU-004,Fashion,5
2023-12-23,SKU-004,Fashion,5
2023-12-24,SKU-004,Fashion,6
2023-12-25,SKU-004,Fashion,6
2023-12-26,SKU-004,Fashion,8
2023-12-27,SKU-004,Fashion,7
2023-12-28,SKU-004,Fashion,6
2023-12-29,SKU-004,Fashion,10
2023-12-30,SKU-004,Fashion,4
2023-12-31,SKU-004,Fashion,6
2024-01-01,SKU-004,Fashion,6
2024-01-02,SKU-004,Fashion,6
2024-01-03,SKU-004,Fashion,7
2024-01-04,SKU-004,Fashion,5
2024-01-05,SKU-004,Fashion,7
2024-01-06,SKU-004,Fashion,5
2024-01-07,SKU-004,Fashion,6
2024-01-08,SKU-004,Fashion,8
2024-01-09,SKU-004,Fashion,9
2024-01-10,SKU-004,Fashion,9
2024-01-11,SKU-004,Fashion,8
2024-01-12,SKU-004,Fashion,5
2024-01-13,SKU-004,Fashion,7
2024-01-14,SKU-004,Fashion,5
2024-01-15,SKU-004,Fashion,5
2024-01-16,SKU-004,Fashion,7
2024-01-17,SKU-004,Fashion,6
2024-01-18,SKU-004,Fashion,8
2024-01-19,SKU-004,Fashion,5
2024-01-20,SKU-004,Fashion,6
2024-01-21,SKU-004,Fashion,5
2024-01-22,SKU-004,Fashion,7
2024-01-23,SKU-004,Fashion,9
2024-01-24,SKU-004,Fashion,6
2024-01-25,SKU-004,Fashion,6
2024-01-26,SKU-004,Fashion,8
2024-01-27,SKU-004,Fashion,8
2024-01-28,SKU-004,Fashion,6
2024-01-29,SKU-004,Fashion,6
2024-01-30,SKU-004,Fashion,8
2024-01-31,SKU-004,Fashion,9
2024-02-01,SKU-004,Fashion,6
2024-02-02,SKU-004,Fashion,8
2024-02-03,SKU-004,Fashion,7
2024-02-04,SKU-004,Fashion,5
2024-02-05,SKU-004,Fashion,6
2024-02-06,SKU-004,Fashion,6
2024-02-07,SKU-004,Fashion,9
2024-02-08,SKU-004,Fashion,6
2024-02-09,SKU-004,Fashion,7
2024-02-10,SKU-004,Fashion,5
2024-02-11,SKU-004,Fashion,5
2024-02-12,SKU-004,Fashion,6
2024-02-13,SKU-004,Fashion,6
2024-02-14,SKU-004,Fashion,8
2024-02-15,SKU-004,Fashion,8
2024-02-16,SKU-004,Fashion,6
2024-02-17,SKU-004,Fashion,5
2024-02-18,SKU-004,Fashion,5
2024-02-19,SKU-004,Fashion,7
2024-02-20,SKU-004,Fashion,7
2024-02-21,SKU-004,Fashion,8
2024-02-22,SKU-004,Fashion,6
2024-02-23,SKU-004,Fashion,7
2024-02-24,SKU-004,Fashion,5
2024-02-25,SKU-004,Fashion,5
2024-02-26,SKU-004,Fashion,7
2024-02-27,SKU-004,Fashion,9
2024-02-28,SKU-004,Fashion,8
2024-02-29,SKU-004,Fashion,7
2024-03-01,SKU-004,Fashion,7
2024-03-02,SKU-004,Fashion,7
2024-03-03,SKU-004,Fashion,8
2024-03-04,SKU-004,Fashion,7
2024-03-05,SKU-004,Fashion,7
2024-03-06,SKU-004,Fashion,10
2024-03-07,SKU-004,Fashion,9
2024-03-08,SKU-004,Fashion,9
2024-03-09,SKU-004,Fashion,8
2024-03-10,SKU-004,Fashion,6
2024-03-11,SKU-004,Fashion,6
2024-03-12,SKU-004,Fashion,7
2024-03-13,SKU-004,Fashion,7
2024-03-14,SKU-004,Fashion,8
2024-03-15,SKU-004,Fashion,7
2024-03-16,SKU-004,Fashion,7
2024-03-17,SKU-004,Fashion,6
2024-03-18,SKU-004,Fashion,6
2024-03-19,SKU-004,Fashion,7
2024-03-20,SKU-004,Fashion,7
2024-03-21,SKU-004,Fashion,8
2024-03-22,SKU-004,Fashion,7
2024-03-23,SKU-004,Fashion,5
2024-03-24,SKU-004,Fashion,6
2024-03-25,SKU-004,Fashion,6
2024-03-26,SKU-004,Fashion,8
2024-03-27,SKU-004,Fashion,11
2024-03-28,SKU-004,Fashion,10
2024-03-29,SKU-004,Fashion,6
2024-03-30,SKU-004,Fashion,6
2024-03-31,SKU-004,Fashion,5
2024-04-01,SKU-004,Fashion,6
2024-04-02,SKU-004,Fashion,7
2024-04-03,SKU-004,Fashion,7
2024-04-04,SKU-004,Fashion,6
2024-04-05,SKU-004,Fashion,9
2024-04-06,SKU-004,Fashion,7
2024-04-07,SKU-004,Fashion,7
2024-04-08,SKU-004,Fashion,8
2024-04-09,SKU-004,Fashion,8
2024-04-10,SKU-004,Fashion,9
2024-04-11,SKU-004,Fashion,10
2024-04-12,SKU-004,Fashion,6
2024-04-13,SKU-004,Fashion,8
2024-04-14,SKU-004,Fashion,6
2024-04-15,SKU-004,Fashion,8
2024-04-16,SKU-004,Fashion,8
2024-04-17,SKU-004,Fashion,7
2024-04-18,SKU-004,Fashion,8
2024-04-19,SKU-004,Fashion,8
2024-04-20,SKU-004,Fashion,6
2024-04-21,SKU-004,Fashion,10
2024-04-22,SKU-004,Fashion,6
2024-04-23,SKU-004,Fashion,8
2024-04-24,SKU-004,Fashion,7
2024-04-25,SKU-004,Fashion,7
2024-04-26,SKU-004,Fashion,10
2024-04-27,SKU-004,Fashion,7
2024-04-28,SKU-004,Fashion,6
2024-04-29,SKU-004,Fashion,6
2024-04-30,SKU-004,Fashion,7
2024-05-01,SKU-004,Fashion,7
2024-05-02,SKU-004,Fashion,7
2024-05-03,SKU-004,Fashion,8
2024-05-04,SKU-004,Fashion,7
2024-05-05,SKU-004,Fashion,7
2024-05-06,SKU-004,Fashion,8
2024-05-07,SKU-004,Fashion,7
2024-05-08,SKU-004,Fashion,7
2024-05-09,SKU-004,Fashion,6
2024-05-10,SKU-004,Fashion,6
2024-05-11,SKU-004,Fashion,7
2024-05-12,SKU-004,Fashion,9
2024-05-13,SKU-004,Fashion,6
2024-05-14,SKU-004,Fashion,9
2024-05-15,SKU-004,Fashion,7
2024-05-16,SKU-004,Fashion,8
2024-05-17,SKU-004,Fashion,6
2024-05-18,SKU-004,Fashion,7
2024-05-19,SKU-004,Fashion,6
2024-05-20,SKU-004,Fashion,10
2024-05-21,SKU-004,Fashion,10
2024-05-22,SKU-004,Fashion,9
2024-05-23,SKU-004,Fashion,8
2024-05-24,SKU-004,Fashion,8
2024-05-25,SKU-004,Fashion,6
2024-05-26,SKU-004,Fashion,11
2024-05-27,SKU-004,Fashion,8
2024-05-28,SKU-004,Fashion,7
2024-05-29,SKU-004,Fashion,7
2024-05-30,SKU-004,Fashion,10
2024-05-31,SKU-004,Fashion,6
2024-06-01,SKU-004,Fashion,8
2024-06-02,SKU-004,Fashion,7
2024-06-03,SKU-004,Fashion,7
2024-06-04,SKU-004,Fashion,11
2024-06-05,SKU-004,Fashion,7
2024-06-06,SKU-004,Fashion,9
2024-06-07,SKU-004,Fashion,9
2024-06-08,SKU-004,Fashion,7
2024-06-09,SKU-004,Fashion,7
2024-06-10,SKU-004,Fashion,8
2024-06-11,SKU-004,Fashion,9
2024-06-12,SKU-004,Fashion,9
2024-06-13,SKU-004,Fashion,10
2024-06-14,SKU-004,Fashion,7
2024-06-15,SKU-004,Fashion,7
2024-06-16,SKU-004,Fashion,6
2024-06-17,SKU-004,Fashion,8
2024-06-18,SKU-004,Fashion,12
2024-06-19,SKU-004,Fashion,10
2024-06-20,SKU-004,Fashion,10
2024-06-21,SKU-004,Fashion,8
2024-06-22,SKU-004,Fashion,10
2024-06-23,SKU-004,Fashion,6
2024-06-24,SKU-004,Fashion,7
2024-06-25,SKU-004,Fashion,7
2024-06-26,SKU-004,Fashion,7
2024-06-27,SKU-004,Fashion,7
2024-06-28,SKU-004,Fashion,6
2024-06-29,SKU-004,Fashion,7
2024-06-30,SKU-004,Fashion,6
2024-07-01,SKU-004,Fashion,7
2024-07-02,SKU-004,Fashion,7
2024-07-03,SKU-004,Fashion,9
2024-07-04,SKU-004,Fashion,10
2024-07-05,SKU-004,Fashion,8
2024-07-06,SKU-004,Fashion,10
2024-07-07,SKU-004,Fashion,7
2024-07-08,SKU-004,Fashion,8
2024-07-09,SKU-004,Fashion,9
2024-07-10,SKU-004,Fashion,9
2024-07-11,SKU-004,Fashion,8
2024-07-12,SKU-004,Fashion,8
2024-07-13,SKU-004,Fashion,6
2024-07-14,SKU-004,Fashion,7
2024-07-15,SKU-004,Fashion,6
2024-07-16,SKU-004,Fashion,7
2024-07-17,SKU-004,Fashion,7
2024-07-18,SKU-004,Fashion,8
2024-07-19,SKU-004,Fashion,6
2024-07-20,SKU-004,Fashion,6
2024-07-21,SKU-004,Fashion,8
2024-07-22,SKU-004,Fashion,7
2024-07-23,SKU-004,Fashion,9
2024-07-24,SKU-004,Fashion,9
2024-07-25,SKU-004,Fashion,10
2024-07-26,SKU-004,Fashion,6
2024-07-27,SKU-004,Fashion,6
2024-07-28,SKU-004,Fashion,7
2024-07-29,SKU-004,Fashion,6
2024-07-30,SKU-004,Fashion,7
2024-07-31,SKU-004,Fashion,9
2024-08-01,SKU-004,Fashion,8
2024-08-02,SKU-004,Fashion,8
2024-08-03,SKU-004,Fashion,8
2024-08-04,SKU-004,Fashion,7
2024-08-05,SKU-004,Fashion,7
2024-08-06,SKU-004,Fashion,10
2024-08-07,SKU-004,Fashion,7
2024-08-08,SKU-004,Fashion,10
2024-08-09,SKU-004,Fashion,6
2024-08-10,SKU-004,Fashion,10
2024-08-11,SKU-004,Fashion,10
2024-08-12,SKU-004,Fashion,6
2024-08-13,SKU-004,Fashion,7
2024-08-14,SKU-004,Fashion,7
2024-08-15,SKU-004,Fashion,7
2024-08-16,SKU-004,Fashion,6
2024-08-17,SKU-004,Fashion,6
2024-08-18,SKU-004,Fashion,6
2024-08-19,SKU-004,Fashion,10
2024-08-20,SKU-004,Fashion,12
2024-08-21,SKU-004,Fashion,9
2024-08-22,SKU-004,Fashion,10
2024-08-23,SKU-004,Fashion,7
2024-08-24,SKU-004,Fashion,6
2024-08-25,SKU-004,Fashion,7
2024-08-26,SKU-004,Fashion,6
2024-08-27,SKU-004,Fashion,8
2024-08-28,SKU-004,Fashion,9
2024-08-29,SKU-004,Fashion,12
2024-08-30,SKU-004,Fashion,6
2024-08-31,SKU-004,Fashion,7
2024-09-01,SKU-004,Fashion,7
2024-09-02,SKU-004,Fashion,8
2024-09-03,SKU-004,Fashion,7
2024-09-04,SKU-004,Fashion,10
2024-09-05,SKU-004,Fashion,7
2024-09-06,SKU-004,Fashion,9
2024-09-07,SKU-004,Fashion,6
2024-09-08,SKU-004,Fashion,7
2024-09-09,SKU-004,Fashion,7
2024-09-10,SKU-004,Fashion,9
2024-09-11,SKU-004,Fashion,9
2024-09-12,SKU-004,Fashion,8
2024-09-13,SKU-004,Fashion,6
2024-09-14,SKU-004,Fashion,8
2024-09-15,SKU-004,Fashion,9
2024-09-16,SKU-004,Fashion,8
2024-09-17,SKU-004,Fashion,9
2024-09-18,SKU-004,Fashion,9
2024-09-19,SKU-004,Fashion,7
2024-09-20,SKU-004,Fashion,6
2024-09-21,SKU-004,Fashion,9
2024-09-22,SKU-004,Fashion,6
2024-09-23,SKU-004,Fashion,8
2024-09-24,SKU-004,Fashion,9
2024-09-25,SKU-004,Fashion,9
2024-09-26,SKU-004,Fashion,10
2024-09-27,SKU-004,Fashion,6
2024-09-28,SKU-004,Fashion,7
2024-09-29,SKU-004,Fashion,7
2024-09-30,SKU-004,Fashion,7
2024-10-01,SKU-004,Fashion,7
2024-10-02,SKU-004,Fashion,7
2024-10-03,SKU-004,Fashion,7
2024-10-04,SKU-004,Fashion,10
2024-10-05,SKU-004,Fashion,10
2024-10-06,SKU-004,Fashion,6
2024-10-07,SKU-004,Fashion,7
2024-10-08,SKU-004,Fashion,7
2024-10-09,SKU-004,Fashion,9
2024-10-10,SKU-004,Fashion,8
2024-10-11,SKU-004,Fashion,7
2024-10-12,SKU-004,Fashion,9
2024-10-13,SKU-004,Fashion,6
2024-10-14,SKU-004,Fashion,7
2024-10-15,SKU-004,Fashion,8
2024-10-16,SKU-004,Fashion,12
2024-10-17,SKU-004,Fashion,9
2024-10-18,SKU-004,Fashion,8
2024-10-19,SKU-004,Fashion,6
2024-10-20,SKU-004,Fashion,9
2024-10-21,SKU-004,Fashion,9
2024-10-22,SKU-004,Fashion,11
2024-10-23,SKU-004,Fashion,8
2024-10-24,SKU-004,Fashion,7
2024-10-25,SKU-004,Fashion,8
2024-10-26,SKU-004,Fashion,10
2024-10-27,SKU-004,Fashion,6
2024-10-28,SKU-004,Fashion,7
2024-10-29,SKU-004,Fashion,7
2024-10-30,SKU-004,Fashion,8
2024-10-31,SKU-004,Fashion,9
2024-11-01,SKU-004,Fashion,8
2024-11-02,SKU-004,Fashion,6
2024-11-03,SKU-004,Fashion,8
2024-11-04,SKU-004,Fashion,8
2024-11-05,SKU-004,Fashion,11
2024-11-06,SKU-004,Fashion,12
2024-11-07,SKU-004,Fashion,11
2024-11-08,SKU-004,Fashion,8
2024-11-09,SKU-004,Fashion,8
2024-11-10,SKU-004,Fashion,9
2024-11-11,SKU-004,Fashion,7
2024-11-12,SKU-004,Fashion,8
2024-11-13,SKU-004,Fashion,9
2024-11-14,SKU-004,Fashion,7
2024-11-15,SKU-004,Fashion,6
2024-11-16,SKU-004,Fashion,8
2024-11-17,SKU-004,Fashion,7
2024-11-18,SKU-004,Fashion,8
2024-11-19,SKU-004,Fashion,8
2024-11-20,SKU-004,Fashion,9
2024-11-21,SKU-004,Fashion,7
2024-11-22,SKU-004,Fashion,8
2024-11-23,SKU-004,Fashion,6
2024-11-24,SKU-004,Fashion,9
2024-11-25,SKU-004,Fashion,9
2024-11-26,SKU-004,Fashion,8
2024-11-27,SKU-004,Fashion,10
2024-11-28,SKU-004,Fashion,10
2024-11-29,SKU-004,Fashion,8
2024-11-30,SKU-004,Fashion,11
2024-12-01,SKU-004,Fashion,8
2024-12-02,SKU-004,Fashion,7
2024-12-03,SKU-004,Fashion,8
2024-12-04,SKU-004,Fashion,8
2024-12-05,SKU-004,Fashion,13
2024-12-06,SKU-004,Fashion,7
2024-12-07,SKU-004,Fashion,6
2024-12-08,SKU-004,Fashion,8
2024-12-09,SKU-004,Fashion,7
2024-12-10,SKU-004,Fashion,12
2024-12-11,SKU-004,Fashion,12
2024-12-12,SKU-004,Fashion,8
2024-12-13,SKU-004,Fashion,9
2024-12-14,SKU-004,Fashion,6
2024-12-15,SKU-004,Fashion,9
2024-12-16,SKU-004,Fashion,7
2024-12-17,SKU-004,Fashion,10
2024-12-18,SKU-004,Fashion,8
2024-12-19,SKU-004,Fashion,9
2024-12-20,SKU-004,Fashion,9
2024-12-21,SKU-004,Fashion,8
2024-12-22,SKU-004,Fashion,6
2024-12-23,SKU-004,Fashion,9
2024-12-24,SKU-004,Fashion,12
2024-12-25,SKU-004,Fashion,10
2024-12-26,SKU-004,Fashion,8
2024-12-27,SKU-004,Fashion,11
2024-12-28,SKU-004,Fashion,8
2024-12-29,SKU-004,Fashion,10
2023-01-02,SKU-005,Home,4
2023-01-03,SKU-005,Home,4
2023-01-04,SKU-005,Home,5
2023-01-05,SKU-005,Home,5
2023-01-06,SKU-005,Home,5
2023-01-07,SKU-005,Home,3
2023-01-08,SKU-005,Home,4
2023-01-09,SKU-005,Home,5
2023-01-10,SKU-005,Home,4
2023-01-11,SKU-005,Home,5
2023-01-12,SKU-005,Home,4
2023-01-13,SKU-005,Home,4
2023-01-14,SKU-005,Home,4
2023-01-15,SKU-005,Home,3
2023-01-16,SKU-005,Home,5
2023-01-17,SKU-005,Home,5
2023-01-18,SKU-005,Home,6
2023-01-19,SKU-005,Home,6
2023-01-20,SKU-005,Home,4
2023-01-21,SKU-005,Home,3
2023-01-22,SKU-005,Home,5
2023-01-23,SKU-005,Home,6
2023-01-24,SKU-005,Home,5
2023-01-25,SKU-005,Home,4
2023-01-26,SKU-005,Home,6
2023-01-27,SKU-005,Home,4
2023-01-28,SKU-005,Home,5
2023-01-29,SKU-005,Home,3
2023-01-30,SKU-005,Home,4
2023-01-31,SKU-005,Home,5
2023-02-01,SKU-005,Home,4
2023-02-02,SKU-005,Home,6
2023-02-03,SKU-005,Home,7
2023-02-04,SKU-005,Home,5
2023-02-05,SKU-005,Home,5
2023-02-06,SKU-005,Home,3
2023-02-07,SKU-005,Home,4
2023-02-08,SKU-005,Home,6
2023-02-09,SKU-005,Home,4
2023-02-10,SKU-005,Home,4
2023-02-11,SKU-005,Home,4
2023-02-12,SKU-005,Home,4
2023-02-13,SKU-005,Home,4
2023-02-14,SKU-005,Home,5
2023-02-15,SKU-005,Home,5
2023-02-16,SKU-005,Home,4
2023-02-17,SKU-005,Home,4
2023-02-18,SKU-005,Home,4
2023-02-19,SKU-005,Home,4
2023-02-20,SKU-005,Home,4
2023-02-21,SKU-005,Home,5
2023-02-22,SKU-005,Home,4
2023-02-23,SKU-005,Home,4
2023-02-24,SKU-005,Home,4
2023-02-25,SKU-005,Home,5
2023-02-26,SKU-005,Home,4
2023-02-27,SKU-005,Home,5
2023-02-28,SKU-005,Home,5
2023-03-01,SKU-005,Home,5
2023-03-02,SKU-005,Home,4
2023-03-03,SKU-005,Home,4
2023-03-04,SKU-005,Home,4
2023-03-05,SKU-005,Home,4
2023-03-06,SKU-005,Home,5
2023-03-07,SKU-005,Home,6
2023-03-08,SKU-005,Home,6
2023-03-09,SKU-005,Home,5
2023-03-10,SKU-005,Home,4
2023-03-11,SKU-005,Home,4
2023-03-12,SKU-005,Home,4
2023-03-13,SKU-005,Home,7
2023-03-14,SKU-005,Home,5
2023-03-15,SKU-005,Home,6
2023-03-16,SKU-005,Home,4
2023-03-17,SKU-005,Home,5
2023-03-18,SKU-005,Home,4
2023-03-19,SKU-005,Home,4
2023-03-20,SKU-005,Home,6
2023-03-21,SKU-005,Home,5
2023-03-22,SKU-005,Home,6
2023-03-23,SKU-005,Home,5
2023-03-24,SKU-005,Home,5
2023-03-25,SKU-005,Home,4
2023-03-26,SKU-005,Home,4
2023-03-27,SKU-005,Home,6
2023-03-28,SKU-005,Home,5
2023-03-29,SKU-005,Home,6
2023-03-30,SKU-005,Home,9
2023-03-31,SKU-005,Home,4
2023-04-01,SKU-005,Home,4
2023-04-02,SKU-005,Home,5
2023-04-03,SKU-005,Home,8
2023-04-04,SKU-005,Home,5
2023-04-05,SKU-005,Home,6
2023-04-06,SKU-005,Home,8
2023-04-07,SKU-005,Home,5
2023-04-08,SKU-005,Home,4
2023-04-09,SKU-005,Home,4
2023-04-10,SKU-005,Home,5
2023-04-11,SKU-005,Home,5
2023-04-12,SKU-005,Home,5
2023-04-13,SKU-005,Home,5
2023-04-14,SKU-005,Home,4
2023-04-15,SKU-005,Home,4
2023-04-16,SKU-005,Home,5
2023-04-17,SKU-005,Home,6
2023-04-18,SKU-005,Home,6
2023-04-19,SKU-005,Home,5
2023-04-20,SKU-005,Home,7
2023-04-21,SKU-005,Home,5
2023-04-22,SKU-005,Home,5
2023-04-23,SKU-005,Home,5
2023-04-24,SKU-005,Home,5
2023-04-25,SKU-005,Home,6
2023-04-26,SKU-005,Home,6
2023-04-27,SKU-005,Home,5
2023-04-28,SKU-005,Home,5
2023-04-29,SKU-005,Home,4
2023-04-30,SKU-005,Home,4
2023-05-01,SKU-005,Home,5
2023-05-02,SKU-005,Home,6
2023-05-03,SKU-005,Home,5
2023-05-04,SKU-005,Home,6
2023-05-05,SKU-005,Home,7
2023-05-06,SKU-005,Home,4
2023-05-07,SKU-005,Home,4
2023-05-08,SKU-005,Home,7
2023-05-09,SKU-005,Home,8
2023-05-10,SKU-005,Home,5
2023-05-11,SKU-005,Home,6
2023-05-12,SKU-005,Home,4
2023-05-13,SKU-005,Home,4
2023-05-14,SKU-005,Home,4
2023-05-15,SKU-005,Home,5
2023-05-16,SKU-005,Home,5
2023-05-17,SKU-005,Home,7
2023-05-18,SKU-005,Home,7
2023-05-19,SKU-005,Home,8
2023-05-20,SKU-005,Home,5
2023-05-21,SKU-005,Home,5
2023-05-22,SKU-005,Home,5
2023-05-23,SKU-005,Home,6
2023-05-24,SKU-005,Home,6
2023-05-25,SKU-005,Home,9
2023-05-26,SKU-005,Home,5
2023-05-27,SKU-005,Home,5
2023-05-28,SKU-005,Home,5
2023-05-29,SKU-005,Home,6
2023-05-30,SKU-005,Home,5
2023-05-31,SKU-005,Home,5
2023-06-01,SKU-005,Home,5
2023-06-02,SKU-005,Home,5
2023-06-03,SKU-005,Home,8
2023-06-04,SKU-005,Home,4
2023-06-05,SKU-005,Home,6
2023-06-06,SKU-005,Home,5
2023-06-07,SKU-005,Home,7
2023-06-08,SKU-005,Home,5
2023-06-09,SKU-005,Home,6
2023-06-10,SKU-005,Home,5
2023-06-11,SKU-005,Home,5
2023-06-12,SKU-005,Home,5
2023-06-13,SKU-005,Home,7
2023-06-14,SKU-005,Home,7
2023-06-15,SKU-005,Home,5
2023-06-16,SKU-005,Home,6
2023-06-17,SKU-005,Home,5
2023-06-18,SKU-005,Home,7
2023-06-19,SKU-005,Home,6
2023-06-20,SKU-005,Home,7
2023-06-21,SKU-005,Home,8
2023-06-22,SKU-005,Home,5
2023-06-23,SKU-005,Home,7
2023-06-24,SKU-005,Home,4
2023-06-25,SKU-005,Home,6
2023-06-26,SKU-005,Home,8
2023-06-27,SKU-005,Home,8
2023-06-28,SKU-005,Home,7
2023-06-29,SKU-005,Home,5
2023-06-30,SKU-005,Home,5
2023-07-01,SKU-005,Home,5
2023-07-02,SKU-005,Home,7
2023-07-03,SKU-005,Home,5
2023-07-04,SKU-005,Home,6
2023-07-05,SKU-005,Home,6
2023-07-06,SKU-005,Home,5
2023-07-07,SKU-005,Home,5
2023-07-08,SKU-005,Home,6
2023-07-09,SKU-005,Home,7
2023-07-10,SKU-005,Home,6
2023-07-11,SKU-005,Home,8
2023-07-12,SKU-005,Home,10
2023-07-13,SKU-005,Home,5
2023-07-14,SKU-005,Home,6
2023-07-15,SKU-005,Home,4
2023-07-16,SKU-005,Home,6
2023-07-17,SKU-005,Home,5
2023-07-18,SKU-005,Home,7
2023-07-19,SKU-005,Home,5
2023-07-20,SKU-005,Home,7
2023-07-21,SKU-005,Home,6
2023-07-22,SKU-005,Home,5
2023-07-23,SKU-005,Home,5
2023-07-24,SKU-005,Home,8
2023-07-25,SKU-005,Home,7
2023-07-26,SKU-005,Home,7
2023-07-27,SKU-005,Home,7
2023-07-28,SKU-005,Home,5
2023-07-29,SKU-005,Home,6
2023-07-30,SKU-005,Home,6
2023-07-31,SKU-005,Home,9
2023-08-01,SKU-005,Home,7
2023-08-02,SKU-005,Home,6
2023-08-03,SKU-005,Home,7
2023-08-04,SKU-005,Home,5
2023-08-05,SKU-005,Home,5
2023-08-06,SKU-005,Home,6
2023-08-07,SKU-005,Home,6
2023-08-08,SKU-005,Home,6
2023-08-09,SKU-005,Home,7
2023-08-10,SKU-005,Home,5
2023-08-11,SKU-005,Home,5
2023-08-12,SKU-005,Home,6
2023-08-13,SKU-005,Home,6
2023-08-14,SKU-005,Home,5
2023-08-15,SKU-005,Home,6
2023-08-16,SKU-005,Home,6
2023-08-17,SKU-005,Home,5
2023-08-18,SKU-005,Home,5
2023-08-19,SKU-005,Home,5
2023-08-20,SKU-005,Home,8
2023-08-21,SKU-005,Home,5
2023-08-22,SKU-005,Home,7
2023-08-23,SKU-005,Home,6
2023-08-24,SKU-005,Home,5
2023-08-25,SKU-005,Home,5
2023-08-26,SKU-005,Home,6
2023-08-27,SKU-005,Home,5
2023-08-28,SKU-005,Home,8
2023-08-29,SKU-005,Home,7
2023-08-30,SKU-005,Home,5
2023-08-31,SKU-005,Home,7
2023-09-01,SKU-005,Home,5
2023-09-02,SKU-005,Home,4
2023-09-03,SKU-005,Home,6
2023-09-04,SKU-005,Home,5
2023-09-05,SKU-005,Home,9
2023-09-06,SKU-005,Home,7
2023-09-07,SKU-005,Home,5
2023-09-08,SKU-005,Home,6
2023-09-09,SKU-005,Home,5
2023-09-10,SKU-005,Home,5
2023-09-11,SKU-005,Home,6
2023-09-12,SKU-005,Home,7
2023-09-13,SKU-005,Home,6
2023-09-14,SKU-005,Home,7
2023-09-15,SKU-005,Home,6
2023-09-16,SKU-005,Home,5
2023-09-17,SKU-005,Home,7
2023-09-18,SKU-005,Home,8
2023-09-19,SKU-005,Home,6
2023-09-20,SKU-005,Home,8
2023-09-21,SKU-005,Home,8
2023-09-22,SKU-005,Home,6
2023-09-23,SKU-005,Home,5
2023-09-24,SKU-005,Home,5
2023-09-25,SKU-005,Home,8
2023-09-26,SKU-005,Home,7
2023-09-27,SKU-005,Home,10
2023-09-28,SKU-005,Home,8
2023-09-29,SKU-005,Home,6
2023-09-30,SKU-005,Home,5
2023-10-01,SKU-005,Home,5
2023-10-02,SKU-005,Home,7
2023-10-03,SKU-005,Home,7
2023-10-04,SKU-005,Home,6
2023-10-05,SKU-005,Home,9
2023-10-06,SKU-005,Home,7
2023-10-07,SKU-005,Home,5
2023-10-08,SKU-005,Home,6
2023-10-09,SKU-005,Home,9
2023-10-10,SKU-005,Home,6
2023-10-11,SKU-005,Home,9
2023-10-12,SKU-005,Home,7
2023-10-13,SKU-005,Home,5
2023-10-14,SKU-005,Home,6
2023-10-15,SKU-005,Home,6
2023-10-16,SKU-005,Home,6
2023-10-17,SKU-005,Home,10
2023-10-18,SKU-005,Home,6
2023-10-19,SKU-005,Home,7
2023-10-20,SKU-005,Home,6
2023-10-21,SKU-005,Home,5
2023-10-22,SKU-005,Home,5
2023-10-23,SKU-005,Home,6
2023-10-24,SKU-005,Home,8
2023-10-25,SKU-005,Home,8
2023-10-26,SKU-005,Home,7
2023-10-27,SKU-005,Home,7
2023-10-28,SKU-005,Home,5
2023-10-29,SKU-005,Home,5
2023-10-30,SKU-005,Home,9
2023-10-31,SKU-005,Home,6
2023-11-01,SKU-005,Home,8
2023-11-02,SKU-005,Home,6
2023-11-03,SKU-005,Home,5
2023-11-04,SKU-005,Home,5
2023-11-05,SKU-005,Home,7
2023-11-06,SKU-005,Home,7
2023-11-07,SKU-005,Home,9
2023-11-08,SKU-005,Home,8
2023-11-09,SKU-005,Home,8
2023-11-10,SKU-005,Home,6
2023-11-11,SKU-005,Home,5
2023-11-12,SKU-005,Home,6
2023-11-13,SKU-005,Home,6
2023-11-14,SKU-005,Home,7
2023-11-15,SKU-005,Home,8
2023-11-16,SKU-005,Home,8
2023-11-17,SKU-005,Home,8
2023-11-18,SKU-005,Home,9
2023-11-19,SKU-005,Home,6
2023-11-20,SKU-005,Home,6
2023-11-21,SKU-005,Home,11
2023-11-22,SKU-005,Home,8
2023-11-23,SKU-005,Home,8
2023-11-24,SKU-005,Home,7
2023-11-25,SKU-005,Home,5
2023-11-26,SKU-005,Home,5
2023-11-27,SKU-005,Home,7
2023-11-28,SKU-005,Home,9
2023-11-29,SKU-005,Home,10
2023-11-30,SKU-005,Home,6
2023-12-01,SKU-005,Home,6
2023-12-02,SKU-005,Home,7
2023-12-03,SKU-005,Home,9
2023-12-04,SKU-005,Home,6
2023-12-05,SKU-005,Home,6
2023-12-06,SKU-005,Home,12
2023-12-07,SKU-005,Home,10
2023-12-08,SKU-005,Home,9
2023-12-09,SKU-005,Home,10
2023-12-10,SKU-005,Home,7
2023-12-11,SKU-005,Home,6
2023-12-12,SKU-005,Home,10
2023-12-13,SKU-005,Home,8
2023-12-14,SKU-005,Home,7
2023-12-15,SKU-005,Home,6
2023-12-16,SKU-005,Home,7
2023-12-17,SKU-005,Home,6
2023-12-18,SKU-005,Home,11
2023-12-19,SKU-005,Home,7
2023-12-20,SKU-005,Home,11
2023-12-21,SKU-005,Home,7
2023-12-22,SKU-005,Home,6
2023-12-23,SKU-005,Home,6
2023-12-24,SKU-005,Home,7
2023-12-25,SKU-005,Home,8
2023-12-26,SKU-005,Home,10
2023-12-27,SKU-005,Home,9
2023-12-28,SKU-005,Home,7
2023-12-29,SKU-005,Home,12
2023-12-30,SKU-005,Home,6
2023-12-31,SKU-005,Home,8
2024-01-01,SKU-005,Home,7
2024-01-02,SKU-005,Home,7
2024-01-03,SKU-005,Home,9
2024-01-04,SKU-005,Home,7
2024-01-05,SKU-005,Home,8
2024-01-06,SKU-005,Home,6
2024-01-07,SKU-005,Home,7
2024-01-08,SKU-005,Home,10
2024-01-09,SKU-005,Home,12
2024-01-10,SKU-005,Home,11
2024-01-11,SKU-005,Home,10
2024-01-12,SKU-005,Home,6
2024-01-13,SKU-005,Home,9
2024-01-14,SKU-005,Home,6
2024-01-15,SKU-005,Home,7
2024-01-16,SKU-005,Home,9
2024-01-17,SKU-005,Home,8
2024-01-18,SKU-005,Home,11
2024-01-19,SKU-005,Home,6
2024-01-20,SKU-005,Home,7
2024-01-21,SKU-005,Home,7
2024-01-22,SKU-005,Home,8
2024-01-23,SKU-005,Home,11
2024-01-24,SKU-005,Home,8
2024-01-25,SKU-005,Home,7
2024-01-26,SKU-005,Home,9
2024-01-27,SKU-005,Home,9
2024-01-28,SKU-005,Home,8
2024-01-29,SKU-005,Home,7
2024-01-30,SKU-005,Home,10
2024-01-31,SKU-005,Home,12
2024-02-01,SKU-005,Home,8
2024-02-02,SKU-005,Home,10
2024-02-03,SKU-005,Home,9
2024-02-04,SKU-005,Home,6
2024-02-05,SKU-005,Home,7
2024-02-06,SKU-005,Home,8
2024-02-07,SKU-005,Home,11
2024-02-08,SKU-005,Home,8
2024-02-09,SKU-005,Home,8
2024-02-10,SKU-005,Home,6
2024-02-11,SKU-005,Home,6
2024-02-12,SKU-005,Home,7
2024-02-13,SKU-005,Home,8
2024-02-14,SKU-005,Home,10
2024-02-15,SKU-005,Home,9
2024-02-16,SKU-005,Home,7
2024-02-17,SKU-005,Home,6
2024-02-18,SKU-005,Home,7
2024-02-19,SKU-005,Home,9
2024-02-20,SKU-005,Home,8
2024-02-21,SKU-005,Home,10
2024-02-22,SKU-005,Home,8
2024-02-23,SKU-005,Home,9
2024-02-24,SKU-005,Home,7
2024-02-25,SKU-005,Home,6
2024-02-26,SKU-005,Home,10
2024-02-27,SKU-005,Home,12
2024-02-28,SKU-005,Home,11
2024-02-29,SKU-005,Home,9
2024-03-01,SKU-005,Home,9
2024-03-02,SKU-005,Home,8
2024-03-03,SKU-005,Home,10
2024-03-04,SKU-005,Home,10
2024-03-05,SKU-005,Home,8
2024-03-06,SKU-005,Home,12
2024-03-07,SKU-005,Home,11
2024-03-08,SKU-005,Home,11
2024-03-09,SKU-005,Home,10
2024-03-10,SKU-005,Home,7
2024-03-11,SKU-005,Home,8
2024-03-12,SKU-005,Home,9
2024-03-13,SKU-005,Home,9
2024-03-14,SKU-005,Home,10
2024-03-15,SKU-005,Home,9
2024-03-16,SKU-005,Home,8
2024-03-17,SKU-005,Home,7
2024-03-18,SKU-005,Home,8
2024-03-19,SKU-005,Home,8
2024-03-20,SKU-005,Home,9
2024-03-21,SKU-005,Home,10
2024-03-22,SKU-005,Home,9
2024-03-23,SKU-005,Home,7
2024-03-24,SKU-005,Home,7
2024-03-25,SKU-005,Home,8
2024-03-26,SKU-005,Home,10
2024-03-27,SKU-005,Home,12
2024-03-28,SKU-005,Home,12
2024-03-29,SKU-005,Home,7
2024-03-30,SKU-005,Home,7
2024-03-31,SKU-005,Home,7
2024-04-01,SKU-005,Home,8
2024-04-02,SKU-005,Home,9
2024-04-03,SKU-005,Home,9
2024-04-04,SKU-005,Home,8
2024-04-05,SKU-005,Home,11
2024-04-06,SKU-005,Home,9
2024-04-07,SKU-005,Home,9
2024-04-08,SKU-005,Home,9
2024-04-09,SKU-005,Home,10
2024-04-10,SKU-005,Home,11
2024-04-11,SKU-005,Home,12
2024-04-12,SKU-005,Home,8
2024-04-13,SKU-005,Home,10
2024-04-14,SKU-005,Home,8
2024-04-15,SKU-005,Home,10
2024-04-16,SKU-005,Home,11
2024-04-17,SKU-005,Home,9
2024-04-18,SKU-005,Home,11
2024-04-19,SKU-005,Home,9
2024-04-20,SKU-005,Home,7
2024-04-21,SKU-005,Home,12
2024-04-22,SKU-005,Home,8
2024-04-23,SKU-005,Home,11
2024-04-24,SKU-005,Home,9
2024-04-25,SKU-005,Home,8
2024-04-26,SKU-005,Home,13
2024-04-27,SKU-005,Home,9
2024-04-28,SKU-005,Home,8
2024-04-29,SKU-005,Home,8
2024-04-30,SKU-005,Home,9
2024-05-01,SKU-005,Home,9
2024-05-02,SKU-005,Home,9
2024-05-03,SKU-005,Home,9
2024-05-04,SKU-005,Home,9
2024-05-05,SKU-005,Home,9
2024-05-06,SKU-005,Home,10
2024-05-07,SKU-005,Home,9
2024-05-08,SKU-005,Home,9
2024-05-09,SKU-005,Home,8
2024-05-10,SKU-005,Home,8
2024-05-11,SKU-005,Home,9
2024-05-12,SKU-005,Home,11
2024-05-13,SKU-005,Home,8
2024-05-14,SKU-005,Home,11
2024-05-15,SKU-005,Home,9
2024-05-16,SKU-005,Home,11
2024-05-17,SKU-005,Home,8
2024-05-18,SKU-005,Home,9
2024-05-19,SKU-005,Home,7
2024-05-20,SKU-005,Home,12
2024-05-21,SKU-005,Home,13
2024-05-22,SKU-005,Home,11
2024-05-23,SKU-005,Home,10
2024-05-24,SKU-005,Home,9
2024-05-25,SKU-005,Home,7
2024-05-26,SKU-005,Home,14
2024-05-27,SKU-005,Home,10
2024-05-28,SKU-005,Home,9
2024-05-29,SKU-005,Home,9
2024-05-30,SKU-005,Home,13
2024-05-31,SKU-005,Home,8
2024-06-01,SKU-005,Home,11
2024-06-02,SKU-005,Home,9
2024-06-03,SKU-005,Home,8
2024-06-04,SKU-005,Home,14
2024-06-05,SKU-005,Home,9
2024-06-06,SKU-005,Home,11
2024-06-07,SKU-005,Home,12
2024-06-08,SKU-005,Home,9
2024-06-09,SKU-005,Home,9
2024-06-10,SKU-005,Home,10
2024-06-11,SKU-005,Home,11
2024-06-12,SKU-005,Home,11
2024-06-13,SKU-005,Home,13
2024-06-14,SKU-005,Home,9
2024-06-15,SKU-005,Home,9
2024-06-16,SKU-005,Home,8
2024-06-17,SKU-005,Home,10
2024-06-18,SKU-005,Home,15
2024-06-19,SKU-005,Home,13
2024-06-20,SKU-005,Home,12
2024-06-21,SKU-005,Home,9
2024-06-22,SKU-005,Home,12
2024-06-23,SKU-005,Home,7
2024-06-24,SKU-005,Home,8
2024-06-25,SKU-005,Home,9
2024-06-26,SKU-005,Home,9
2024-06-27,SKU-005,Home,8
2024-06-28,SKU-005,Home,8
2024-06-29,SKU-005,Home,9
2024-06-30,SKU-005,Home,7
2024-07-01,SKU-005,Home,8
2024-07-02,SKU-005,Home,9
2024-07-03,SKU-005,Home,12
2024-07-04,SKU-005,Home,13
2024-07-05,SKU-005,Home,10
2024-07-06,SKU-005,Home,13
2024-07-07,SKU-005,Home,9
2024-07-08,SKU-005,Home,10
2024-07-09,SKU-005,Home,11
2024-07-10,SKU-005,Home,11
2024-07-11,SKU-005,Home,10
2024-07-12,SKU-005,Home,10
2024-07-13,SKU-005,Home,7
2024-07-14,SKU-005,Home,9
2024-07-15,SKU-005,Home,8
2024-07-16,SKU-005,Home,9
2024-07-17,SKU-005,Home,9
2024-07-18,SKU-005,Home,10
2024-07-19,SKU-005,Home,8
2024-07-20,SKU-005,Home,7
2024-07-21,SKU-005,Home,9
2024-07-22,SKU-005,Home,9
2024-07-23,SKU-005,Home,11
2024-07-24,SKU-005,Home,11
2024-07-25,SKU-005,Home,12
2024-07-26,SKU-005,Home,8
2024-07-27,SKU-005,Home,7
2024-07-28,SKU-005,Home,9
2024-07-29,SKU-005,Home,8
2024-07-30,SKU-005,Home,9
2024-07-31,SKU-005,Home,11
2024-08-01,SKU-005,Home,10
2024-08-02,SKU-005,Home,10
2024-08-03,SKU-005,Home,11
2024-08-04,SKU-005,Home,9
2024-08-05,SKU-005,Home,8
2024-08-06,SKU-005,Home,13
2024-08-07,SKU-005,Home,10
2024-08-08,SKU-005,Home,13
2024-08-09,SKU-005,Home,8
2024-08-10,SKU-005,Home,12
2024-08-11,SKU-005,Home,13
2024-08-12,SKU-005,Home,8
2024-08-13,SKU-005,Home,9
2024-08-14,SKU-005,Home,9
2024-08-15,SKU-005,Home,9
2024-08-16,SKU-005,Home,8
2024-08-17,SKU-005,Home,7
2024-08-18,SKU-005,Home,8
2024-08-19,SKU-005,Home,12
2024-08-20,SKU-005,Home,15
2024-08-21,SKU-005,Home,11
2024-08-22,SKU-005,Home,13
2024-08-23,SKU-005,Home,9
2024-08-24,SKU-005,Home,8
2024-08-25,SKU-005,Home,9
2024-08-26,SKU-005,Home,8
2024-08-27,SKU-005,Home,11
2024-08-28,SKU-005,Home,11
2024-08-29,SKU-005,Home,15
2024-08-30,SKU-005,Home,8
2024-08-31,SKU-005,Home,8
2024-09-01,SKU-005,Home,9
2024-09-02,SKU-005,Home,10
2024-09-03,SKU-005,Home,9
2024-09-04,SKU-005,Home,14
2024-09-05,SKU-005,Home,9
2024-09-06,SKU-005,Home,11
2024-09-07,SKU-005,Home,7
2024-09-08,SKU-005,Home,10
2024-09-09,SKU-005,Home,8
2024-09-10,SKU-005,Home,11
2024-09-11,SKU-005,Home,12
2024-09-12,SKU-005,Home,11
2024-09-13,SKU-005,Home,8
2024-09-14,SKU-005,Home,10
2024-09-15,SKU-005,Home,12
2024-09-16,SKU-005,Home,11
2024-09-17,SKU-005,Home,11
2024-09-18,SKU-005,Home,11
2024-09-19,SKU-005,Home,9
2024-09-20,SKU-005,Home,8
2024-09-21,SKU-005,Home,11
2024-09-22,SKU-005,Home,8
2024-09-23,SKU-005,Home,10
2024-09-24,SKU-005,Home,11
2024-09-25,SKU-005,Home,12
2024-09-26,SKU-005,Home,13
2024-09-27,SKU-005,Home,8
2024-09-28,SKU-005,Home,10
2024-09-29,SKU-005,Home,9
2024-09-30,SKU-005,Home,8
2024-10-01,SKU-005,Home,9
2024-10-02,SKU-005,Home,9
2024-10-03,SKU-005,Home,9
2024-10-04,SKU-005,Home,12
2024-10-05,SKU-005,Home,12
2024-10-06,SKU-005,Home,8
2024-10-07,SKU-005,Home,9
2024-10-08,SKU-005,Home,9
2024-10-09,SKU-005,Home,12
2024-10-10,SKU-005,Home,11
2024-10-11,SKU-005,Home,8
2024-10-12,SKU-005,Home,11
2024-10-13,SKU-005,Home,7
2024-10-14,SKU-005,Home,9
2024-10-15,SKU-005,Home,10
2024-10-16,SKU-005,Home,14
2024-10-17,SKU-005,Home,11
2024-10-18,SKU-005,Home,10
2024-10-19,SKU-005,Home,8
2024-10-20,SKU-005,Home,12
2024-10-21,SKU-005,Home,10
2024-10-22,SKU-005,Home,14
2024-10-23,SKU-005,Home,10
2024-10-24,SKU-005,Home,9
2024-10-25,SKU-005,Home,10
2024-10-26,SKU-005,Home,13
2024-10-27,SKU-005,Home,8
2024-10-28,SKU-005,Home,9
2024-10-29,SKU-005,Home,9
2024-10-30,SKU-005,Home,9
2024-10-31,SKU-005,Home,12
2024-11-01,SKU-005,Home,11
2024-11-02,SKU-005,Home,8
2024-11-03,SKU-005,Home,10
2024-11-04,SKU-005,Home,11
2024-11-05,SKU-005,Home,14
2024-11-06,SKU-005,Home,14
2024-11-07,SKU-005,Home,13
2024-11-08,SKU-005,Home,11
2024-11-09,SKU-005,Home,10
2024-11-10,SKU-005,Home,12
2024-11-11,SKU-005,Home,9
2024-11-12,SKU-005,Home,10
2024-11-13,SKU-005,Home,12
2024-11-14,SKU-005,Home,10
2024-11-15,SKU-005,Home,9
2024-11-16,SKU-005,Home,10
2024-11-17,SKU-005,Home,8
2024-11-18,SKU-005,Home,11
2024-11-19,SKU-005,Home,10
2024-11-20,SKU-005,Home,12
2024-11-21,SKU-005,Home,9
2024-11-22,SKU-005,Home,11
2024-11-23,SKU-005,Home,8
2024-11-24,SKU-005,Home,12
2024-11-25,SKU-005,Home,11
2024-11-26,SKU-005,Home,10
2024-11-27,SKU-005,Home,13
2024-11-28,SKU-005,Home,14
2024-11-29,SKU-005,Home,11
2024-11-30,SKU-005,Home,14
2024-12-01,SKU-005,Home,10
2024-12-02,SKU-005,Home,9
2024-12-03,SKU-005,Home,10
2024-12-04,SKU-005,Home,11
2024-12-05,SKU-005,Home,17
2024-12-06,SKU-005,Home,9
2024-12-07,SKU-005,Home,8
2024-12-08,SKU-005,Home,11
2024-12-09,SKU-005,Home,10
2024-12-10,SKU-005,Home,14
2024-12-11,SKU-005,Home,15
2024-12-12,SKU-005,Home,9
2024-12-13,SKU-005,Home,11
2024-12-14,SKU-005,Home,9
2024-12-15,SKU-005,Home,10
2024-12-16,SKU-005,Home,9
2024-12-17,SKU-005,Home,13
2024-12-18,SKU-005,Home,10
2024-12-19,SKU-005,Home,12
2024-12-20,SKU-005,Home,11
2024-12-21,SKU-005,Home,10
2024-12-22,SKU-005,Home,9
2024-12-23,SKU-005,Home,12
2024-12-24,SKU-005,Home,15
2024-12-25,SKU-005,Home,13
2024-12-26,SKU-005,Home,10
2024-12-27,SKU-005,Home,13
2024-12-28,SKU-005,Home,10
2024-12-29,SKU-005,Home,13
2023-01-02,SKU-006,Electronics,2
2023-01-03,SKU-006,Electronics,2
2023-01-04,SKU-006,Electronics,3
2023-01-05,SKU-006,Electronics,3
2023-01-06,SKU-006,Electronics,3
2023-01-07,SKU-006,Electronics,2
2023-01-08,SKU-006,Electronics,2
2023-01-09,SKU-006,Electronics,3
2023-01-10,SKU-006,Electronics,2
2023-01-11,SKU-006,Electronics,3
2023-01-12,SKU-006,Electronics,2
2023-01-13,SKU-006,Electronics,3
2023-01-14,SKU-006,Electronics,2
2023-01-15,SKU-006,Electronics,2
2023-01-16,SKU-006,Electronics,3
2023-01-17,SKU-006,Electronics,3
2023-01-18,SKU-006,Electronics,3
2023-01-19,SKU-006,Electronics,3
2023-01-20,SKU-006,Electronics,2
2023-01-21,SKU-006,Electronics,2
2023-01-22,SKU-006,Electronics,3
2023-01-23,SKU-006,Electronics,3
2023-01-24,SKU-006,Electronics,3
2023-01-25,SKU-006,Electronics,3
2023-01-26,SKU-006,Electronics,4
2023-01-27,SKU-006,Electronics,2
2023-01-28,SKU-006,Electronics,3
2023-01-29,SKU-006,Electronics,2
2023-01-30,SKU-006,Electronics,2
2023-01-31,SKU-006,Electronics,3
2023-02-01,SKU-006,Electronics,3
2023-02-02,SKU-006,Electronics,4
2023-02-03,SKU-006,Electronics,4
2023-02-04,SKU-006,Electronics,3
2023-02-05,SKU-006,Electronics,3
2023-02-06,SKU-006,Electronics,2
2023-02-07,SKU-006,Electronics,3
2023-02-08,SKU-006,Electronics,4
2023-02-09,SKU-006,Electronics,3
2023-02-10,SKU-006,Electronics,2
2023-02-11,SKU-006,Electronics,2
2023-02-12,SKU-006,Electronics,2
2023-02-13,SKU-006,Electronics,2
2023-02-14,SKU-006,Electronics,3
2023-02-15,SKU-006,Electronics,3
2023-02-16,SKU-006,Electronics,2
2023-02-17,SKU-006,Electronics,3
2023-02-18,SKU-006,Electronics,3
2023-02-19,SKU-006,Electronics,2
2023-02-20,SKU-006,Electronics,2
2023-02-21,SKU-006,Electronics,3
2023-02-22,SKU-006,Electronics,3
2023-02-23,SKU-006,Electronics,3
2023-02-24,SKU-006,Electronics,2
2023-02-25,SKU-006,Electronics,3
2023-02-26,SKU-006,Electronics,3
2023-02-27,SKU-006,Electronics,3
2023-02-28,SKU-006,Electronics,3
2023-03-01,SKU-006,Electronics,4
2023-03-02,SKU-006,Electronics,3
2023-03-03,SKU-006,Electronics,3
2023-03-04,SKU-006,Electronics,2
2023-03-05,SKU-006,Electronics,2
2023-03-06,SKU-006,Electronics,3
2023-03-07,SKU-006,Electronics,3
2023-03-08,SKU-006,Electronics,4
2023-03-09,SKU-006,Electronics,3
2023-03-10,SKU-006,Electronics,3
2023-03-11,SKU-006,Electronics,2
2023-03-12,SKU-006,Electronics,2
2023-03-13,SKU-006,Electronics,4
2023-03-14,SKU-006,Electronics,3
2023-03-15,SKU-006,Electronics,4
2023-03-16,SKU-006,Electronics,2
2023-03-17,SKU-006,Electronics,3
2023-03-18,SKU-006,Electronics,2
2023-03-19,SKU-006,Electronics,3
2023-03-20,SKU-006,Electronics,4
2023-03-21,SKU-006,Electronics,3
2023-03-22,SKU-006,Electronics,4
2023-03-23,SKU-006,Electronics,3
2023-03-24,SKU-006,Electronics,3
2023-03-25,SKU-006,Electronics,2
2023-03-26,SKU-006,Electronics,2
2023-03-27,SKU-006,Electronics,3
2023-03-28,SKU-006,Electronics,3
2023-03-29,SKU-006,Electronics,4
2023-03-30,SKU-006,Electronics,6
2023-03-31,SKU-006,Electronics,2
2023-04-01,SKU-006,Electronics,2
2023-04-02,SKU-006,Electronics,3
2023-04-03,SKU-006,Electronics,4
2023-04-04,SKU-006,Electronics,3
2023-04-05,SKU-006,Electronics,4
2023-04-06,SKU-006,Electronics,5
2023-04-07,SKU-006,Electronics,3
2023-04-08,SKU-006,Electronics,2
2023-04-09,SKU-006,Electronics,2
2023-04-10,SKU-006,Electronics,3
2023-04-11,SKU-006,Electronics,3
2023-04-12,SKU-006,Electronics,3
2023-04-13,SKU-006,Electronics,3
2023-04-14,SKU-006,Electronics,3
2023-04-15,SKU-006,Electronics,2
2023-04-16,SKU-006,Electronics,3
2023-04-17,SKU-006,Electronics,4
2023-04-18,SKU-006,Electronics,3
2023-04-19,SKU-006,Electronics,3
2023-04-20,SKU-006,Electronics,5
2023-04-21,SKU-006,Electronics,3
2023-04-22,SKU-006,Electronics,3
2023-04-23,SKU-006,Electronics,3
2023-04-24,SKU-006,Electronics,4
2023-04-25,SKU-006,Electronics,4
2023-04-26,SKU-006,Electronics,4
2023-04-27,SKU-006,Electronics,3
2023-04-28,SKU-006,Electronics,3
2023-04-29,SKU-006,Electronics,3
2023-04-30,SKU-006,Electronics,3
2023-05-01,SKU-006,Electronics,3
2023-05-02,SKU-006,Electronics,4
2023-05-03,SKU-006,Electronics,3
2023-05-04,SKU-006,Electronics,4
2023-05-05,SKU-006,Electronics,4
2023-05-06,SKU-006,Electronics,3
2023-05-07,SKU-006,Electronics,3
2023-05-08,SKU-006,Electronics,4
2023-05-09,SKU-006,Electronics,5
2023-05-10,SKU-006,Electronics,3
2023-05-11,SKU-006,Electronics,4
2023-05-12,SKU-006,Electronics,3
2023-05-13,SKU-006,Electronics,2
2023-05-14,SKU-006,Electronics,3
2023-05-15,SKU-006,Electronics,3
2023-05-16,SKU-006,Electronics,3
2023-05-17,SKU-006,Electronics,4
2023-05-18,SKU-006,Electronics,4
2023-05-19,SKU-006,Electronics,5
2023-05-20,SKU-006,Electronics,3
2023-05-21,SKU-006,Electronics,3
2023-05-22,SKU-006,Electronics,3
2023-05-23,SKU-006,Electronics,4
2023-05-24,SKU-006,Electronics,3
2023-05-25,SKU-006,Electronics,5
2023-05-26,SKU-006,Electronics,3
2023-05-27,SKU-006,Electronics,3
2023-05-28,SKU-006,Electronics,3
2023-05-29,SKU-006,Electronics,4
2023-05-30,SKU-006,Electronics,3
2023-05-31,SKU-006,Electronics,4
2023-06-01,SKU-006,Electronics,3
2023-06-02,SKU-006,Electronics,3
2023-06-03,SKU-006,Electronics,5
2023-06-04,SKU-006,Electronics,3
2023-06-05,SKU-006,Electronics,4
2023-06-06,SKU-006,Electronics,3
2023-06-07,SKU-006,Electronics,4
2023-06-08,SKU-006,Electronics,3
2023-06-09,SKU-006,Electronics,3
2023-06-10,SKU-006,Electronics,3
2023-06-11,SKU-006,Electronics,3
2023-06-12,SKU-006,Electronics,3
2023-06-13,SKU-006,Electronics,4
2023-06-14,SKU-006,Electronics,4
2023-06-15,SKU-006,Electronics,3
2023-06-16,SKU-006,Electronics,4
2023-06-17,SKU-006,Electronics,3
2023-06-18,SKU-006,Electronics,4
2023-06-19,SKU-006,Electronics,4
2023-06-20,SKU-006,Electronics,4
2023-06-21,SKU-006,Electronics,5
2023-06-22,SKU-006,Electronics,3
2023-06-23,SKU-006,Electronics,4
2023-06-24,SKU-006,Electronics,3
2023-06-25,SKU-006,Electronics,3
2023-06-26,SKU-006,Electronics,4
2023-06-27,SKU-006,Electronics,5
2023-06-28,SKU-006,Electronics,4
2023-06-29,SKU-006,Electronics,3
2023-06-30,SKU-006,Electronics,3
2023-07-01,SKU-006,Electronics,3
2023-07-02,SKU-006,Electronics,4
2023-07-03,SKU-006,Electronics,3
2023-07-04,SKU-006,Electronics,3
2023-07-05,SKU-006,Electronics,3
2023-07-06,SKU-006,Electronics,3
2023-07-07,SKU-006,Electronics,3
2023-07-08,SKU-006,Electronics,3
2023-07-09,SKU-006,Electronics,4
2023-07-10,SKU-006,Electronics,4
2023-07-11,SKU-006,Electronics,5
2023-07-12,SKU-006,Electronics,6
2023-07-13,SKU-006,Electronics,3
2023-07-14,SKU-006,Electronics,3
2023-07-15,SKU-006,Electronics,3
2023-07-16,SKU-006,Electronics,3
2023-07-17,SKU-006,Electronics,3
2023-07-18,SKU-006,Electronics,4
2023-07-19,SKU-006,Electronics,3
2023-07-20,SKU-006,Electronics,4
2023-07-21,SKU-006,Electronics,4
2023-07-22,SKU-006,Electronics,3
2023-07-23,SKU-006,Electronics,3
2023-07-24,SKU-006,Electronics,4
2023-07-25,SKU-006,Electronics,5
2023-07-26,SKU-006,Electronics,4
2023-07-27,SKU-006,Electronics,4
2023-07-28,SKU-006,Electronics,3
2023-07-29,SKU-006,Electronics,3
2023-07-30,SKU-006,Electronics,3
2023-07-31,SKU-006,Electronics,5
2023-08-01,SKU-006,Electronics,4
2023-08-02,SKU-006,Electronics,4
2023-08-03,SKU-006,Electronics,4
2023-08-04,SKU-006,Electronics,3
2023-08-05,SKU-006,Electronics,3
2023-08-06,SKU-006,Electronics,3
2023-08-07,SKU-006,Electronics,4
2023-08-08,SKU-006,Electronics,3
2023-08-09,SKU-006,Electronics,4
2023-08-10,SKU-006,Electronics,3
2023-08-11,SKU-006,Electronics,3
2023-08-12,SKU-006,Electronics,4
2023-08-13,SKU-006,Electronics,4
2023-08-14,SKU-006,Electronics,3
2023-08-15,SKU-006,Electronics,3
2023-08-16,SKU-006,Electronics,4
2023-08-17,SKU-006,Electronics,4
2023-08-18,SKU-006,Electronics,3
2023-08-19,SKU-006,Electronics,4
2023-08-20,SKU-006,Electronics,5
2023-08-21,SKU-006,Electronics,3
2023-08-22,SKU-006,Electronics,4
2023-08-23,SKU-006,Electronics,3
2023-08-24,SKU-006,Electronics,3
2023-08-25,SKU-006,Electronics,3
2023-08-26,SKU-006,Electronics,4
2023-08-27,SKU-006,Electronics,3
2023-08-28,SKU-006,Electronics,5
2023-08-29,SKU-006,Electronics,4
2023-08-30,SKU-006,Electronics,4
2023-08-31,SKU-006,Electronics,4
2023-09-01,SKU-006,Electronics,3
2023-09-02,SKU-006,Electronics,3
2023-09-03,SKU-006,Electronics,4
2023-09-04,SKU-006,Electronics,3
2023-09-05,SKU-006,Electronics,5
2023-09-06,SKU-006,Electronics,5
2023-09-07,SKU-006,Electronics,3
2023-09-08,SKU-006,Electronics,4
2023-09-09,SKU-006,Electronics,3
2023-09-10,SKU-006,Electronics,3
2023-09-11,SKU-006,Electronics,4
2023-09-12,SKU-006,Electronics,4
2023-09-13,SKU-006,Electronics,4
2023-09-14,SKU-006,Electronics,4
2023-09-15,SKU-006,Electronics,4
2023-09-16,SKU-006,Electronics,3
2023-09-17,SKU-006,Electronics,5
2023-09-18,SKU-006,Electronics,5
2023-09-19,SKU-006,Electronics,4
2023-09-20,SKU-006,Electronics,5
2023-09-21,SKU-006,Electronics,5
2023-09-22,SKU-006,Electronics,4
2023-09-23,SKU-006,Electronics,3
2023-09-24,SKU-006,Electronics,3
2023-09-25,SKU-006,Electronics,5
2023-09-26,SKU-006,Electronics,4
2023-09-27,SKU-006,Electronics,7
2023-09-28,SKU-006,Electronics,5
2023-09-29,SKU-006,Electronics,4
2023-09-30,SKU-006,Electronics,3
2023-10-01,SKU-006,Electronics,3
2023-10-02,SKU-006,Electronics,4
2023-10-03,SKU-006,Electronics,4
2023-10-04,SKU-006,Electronics,4
2023-10-05,SKU-006,Electronics,5
2023-10-06,SKU-006,Electronics,4
2023-10-07,SKU-006,Electronics,3
2023-10-08,SKU-006,Electronics,4
2023-10-09,SKU-006,Electronics,5
2023-10-10,SKU-006,Electronics,4
2023-10-11,SKU-006,Electronics,6
2023-10-12,SKU-006,Electronics,4
2023-10-13,SKU-006,Electronics,3
2023-10-14,SKU-006,Electronics,4
2023-10-15,SKU-006,Electronics,4
2023-10-16,SKU-006,Electronics,4
2023-10-17,SKU-006,Electronics,6
2023-10-18,SKU-006,Electronics,4
2023-10-19,SKU-006,Electronics,5
2023-10-20,SKU-006,Electronics,4
2023-10-21,SKU-006,Electronics,3
2023-10-22,SKU-006,Electronics,3
2023-10-23,SKU-006,Electronics,4
2023-10-24,SKU-006,Electronics,5
2023-10-25,SKU-006,Electronics,5
2023-10-26,SKU-006,Electronics,4
2023-10-27,SKU-006,Electronics,4
2023-10-28,SKU-006,Electronics,3
2023-10-29,SKU-006,Electronics,3
2023-10-30,SKU-006,Electronics,5
2023-10-31,SKU-006,Electronics,4
2023-11-01,SKU-006,Electronics,5
2023-11-02,SKU-006,Electronics,4
2023-11-03,SKU-006,Electronics,4
2023-11-04,SKU-006,Electronics,3
2023-11-05,SKU-006,Electronics,4
2023-11-06,SKU-006,Electronics,4
2023-11-07,SKU-006,Electronics,6
2023-11-08,SKU-006,Electronics,5
2023-11-09,SKU-006,Electronics,5
2023-11-10,SKU-006,Electronics,4
2023-11-11,SKU-006,Electronics,3
2023-11-12,SKU-006,Electronics,4
2023-11-13,SKU-006,Electronics,4
2023-11-14,SKU-006,Electronics,4
2023-11-15,SKU-006,Electronics,5
2023-11-16,SKU-006,Electronics,5
2023-11-17,SKU-006,Electronics,5
2023-11-18,SKU-006,Electronics,6
2023-11-19,SKU-006,Electronics,4
2023-11-20,SKU-006,Electronics,4
2023-11-21,SKU-006,Electronics,7
2023-11-22,SKU-006,Electronics,5
2023-11-23,SKU-006,Electronics,5
2023-11-24,SKU-006,Electronics,4
2023-11-25,SKU-006,Electronics,3
2023-11-26,SKU-006,Electronics,4
2023-11-27,SKU-006,Electronics,4
2023-11-28,SKU-006,Electronics,6
2023-11-29,SKU-006,Electronics,6
2023-11-30,SKU-006,Electronics,4
2023-12-01,SKU-006,Electronics,4
2023-12-02,SKU-006,Electronics,4
2023-12-03,SKU-006,Electronics,6
2023-12-04,SKU-006,Electronics,4
2023-12-05,SKU-006,Electronics,4
2023-12-06,SKU-006,Electronics,8
2023-12-07,SKU-006,Electronics,6
2023-12-08,SKU-006,Electronics,6
2023-12-09,SKU-006,Electronics,6
2023-12-10,SKU-006,Electronics,5
2023-12-11,SKU-006,Electronics,4
2023-12-12,SKU-006,Electronics,6
2023-12-13,SKU-006,Electronics,5
2023-12-14,SKU-006,Electronics,4
2023-12-15,SKU-006,Electronics,4
2023-12-16,SKU-006,Electronics,5
2023-12-17,SKU-006,Electronics,4
2023-12-18,SKU-006,Electronics,7
2023-12-19,SKU-006,Electronics,4
2023-12-20,SKU-006,Electronics,6
2023-12-21,SKU-006,Electronics,4
2023-12-22,SKU-006,Electronics,4
2023-12-23,SKU-006,Electronics,4
2023-12-24,SKU-006,Electronics,4
2023-12-25,SKU-006,Electronics,5
2023-12-26,SKU-006,Electronics,7
2023-12-27,SKU-006,Electronics,6
2023-12-28,SKU-006,Electronics,4
2023-12-29,SKU-006,Electronics,8
2023-12-30,SKU-006,Electronics,4
2023-12-31,SKU-006,Electronics,5
2024-01-01,SKU-006,Electronics,4
2024-01-02,SKU-006,Electronics,5
2024-01-03,SKU-006,Electronics,5
2024-01-04,SKU-006,Electronics,4
2024-01-05,SKU-006,Electronics,5
2024-01-06,SKU-006,Electronics,4
2024-01-07,SKU-006,Electronics,5
2024-01-08,SKU-006,Electronics,6
2024-01-09,SKU-006,Electronics,8
2024-01-10,SKU-006,Electronics,7
2024-01-11,SKU-006,Electronics,7
2024-01-12,SKU-006,Electronics,4
2024-01-13,SKU-006,Electronics,5
2024-01-14,SKU-006,Electronics,4
2024-01-15,SKU-006,Electronics,4
2024-01-16,SKU-006,Electronics,6
2024-01-17,SKU-006,Electronics,5
2024-01-18,SKU-006,Electronics,6
2024-01-19,SKU-006,Electronics,4
2024-01-20,SKU-006,Electronics,5
2024-01-21,SKU-006,Electronics,4
2024-01-22,SKU-006,Electronics,5
2024-01-23,SKU-006,Electronics,7
2024-01-24,SKU-006,Electronics,5
2024-01-25,SKU-006,Electronics,5
2024-01-26,SKU-006,Electronics,6
2024-01-27,SKU-006,Electronics,6
2024-01-28,SKU-006,Electronics,5
2024-01-29,SKU-006,Electronics,4
2024-01-30,SKU-006,Electronics,6
2024-01-31,SKU-006,Electronics,7
2024-02-01,SKU-006,Electronics,5
2024-02-02,SKU-006,Electronics,6
2024-02-03,SKU-006,Electronics,6
2024-02-04,SKU-006,Electronics,4
2024-02-05,SKU-006,Electronics,5
2024-02-06,SKU-006,Electronics,5
2024-02-07,SKU-006,Electronics,8
2024-02-08,SKU-006,Electronics,5
2024-02-09,SKU-006,Electronics,5
2024-02-10,SKU-006,Electronics,4
2024-02-11,SKU-006,Electronics,4
2024-02-12,SKU-006,Electronics,5
2024-02-13,SKU-006,Electronics,5
2024-02-14,SKU-006,Electronics,6
2024-02-15,SKU-006,Electronics,6
2024-02-16,SKU-006,Electronics,4
2024-02-17,SKU-006,Electronics,4
2024-02-18,SKU-006,Electronics,4
2024-02-19,SKU-006,Electronics,6
2024-02-20,SKU-006,Electronics,5
2024-02-21,SKU-006,Electronics,7
2024-02-22,SKU-006,Electronics,5
2024-02-23,SKU-006,Electronics,6
2024-02-24,SKU-006,Electronics,4
2024-02-25,SKU-006,Electronics,4
2024-02-26,SKU-006,Electronics,6
2024-02-27,SKU-006,Electronics,8
2024-02-28,SKU-006,Electronics,6
2024-02-29,SKU-006,Electronics,6
2024-03-01,SKU-006,Electronics,6
2024-03-02,SKU-006,Electronics,5
2024-03-03,SKU-006,Electronics,6
2024-03-04,SKU-006,Electronics,6
2024-03-05,SKU-006,Electronics,5
2024-03-06,SKU-006,Electronics,8
2024-03-07,SKU-006,Electronics,8
2024-03-08,SKU-006,Electronics,7
2024-03-09,SKU-006,Electronics,6
2024-03-10,SKU-006,Electronics,4
2024-03-11,SKU-006,Electronics,5
2024-03-12,SKU-006,Electronics,5
2024-03-13,SKU-006,Electronics,5
2024-03-14,SKU-006,Electronics,6
2024-03-15,SKU-006,Electronics,6
2024-03-16,SKU-006,Electronics,5
2024-03-17,SKU-006,Electronics,5
2024-03-18,SKU-006,Electronics,5
2024-03-19,SKU-006,Electronics,6
2024-03-20,SKU-006,Electronics,5
2024-03-21,SKU-006,Electronics,7
2024-03-22,SKU-006,Electronics,6
2024-03-23,SKU-006,Electronics,5
2024-03-24,SKU-006,Electronics,5
2024-03-25,SKU-006,Electronics,5
2024-03-26,SKU-006,Electronics,7
2024-03-27,SKU-006,Electronics,8
2024-03-28,SKU-006,Electronics,8
2024-03-29,SKU-006,Electronics,5
2024-03-30,SKU-006,Electronics,4
2024-03-31,SKU-006,Electronics,5
2024-04-01,SKU-006,Electronics,5
2024-04-02,SKU-006,Electronics,6
2024-04-03,SKU-006,Electronics,6
2024-04-04,SKU-006,Electronics,5
2024-04-05,SKU-006,Electronics,7
2024-04-06,SKU-006,Electronics,5
2024-04-07,SKU-006,Electronics,6
2024-04-08,SKU-006,Electronics,6
2024-04-09,SKU-006,Electronics,7
2024-04-10,SKU-006,Electronics,7
2024-04-11,SKU-006,Electronics,8
2024-04-12,SKU-006,Electronics,5
2024-04-13,SKU-006,Electronics,7
2024-04-14,SKU-006,Electronics,5
2024-04-15,SKU-006,Electronics,6
2024-04-16,SKU-006,Electronics,7
2024-04-17,SKU-006,Electronics,6
2024-04-18,SKU-006,Electronics,7
2024-04-19,SKU-006,Electronics,6
2024-04-20,SKU-006,Electronics,5
2024-04-21,SKU-006,Electronics,8
2024-04-22,SKU-006,Electronics,5
2024-04-23,SKU-006,Electronics,7
2024-04-24,SKU-006,Electronics,6
2024-04-25,SKU-006,Electronics,5
2024-04-26,SKU-006,Electronics,8
2024-04-27,SKU-006,Electronics,6
2024-04-28,SKU-006,Electronics,5
2024-04-29,SKU-006,Electronics,5
2024-04-30,SKU-006,Electronics,6
2024-05-01,SKU-006,Electronics,6
2024-05-02,SKU-006,Electronics,5
2024-05-03,SKU-006,Electronics,6
2024-05-04,SKU-006,Electronics,6
2024-05-05,SKU-006,Electronics,6
2024-05-06,SKU-006,Electronics,6
2024-05-07,SKU-006,Electronics,6
2024-05-08,SKU-006,Electronics,6
2024-05-09,SKU-006,Electronics,6
2024-05-10,SKU-006,Electronics,5
2024-05-11,SKU-006,Electronics,6
2024-05-12,SKU-006,Electronics,7
2024-05-13,SKU-006,Electronics,5
2024-05-14,SKU-006,Electronics,7
2024-05-15,SKU-006,Electronics,6
2024-05-16,SKU-006,Electronics,7
2024-05-17,SKU-006,Electronics,5
2024-05-18,SKU-006,Electronics,6
2024-05-19,SKU-006,Electronics,5
2024-05-20,SKU-006,Electronics,7
2024-05-21,SKU-006,Electronics,8
2024-05-22,SKU-006,Electronics,7
2024-05-23,SKU-006,Electronics,7
2024-05-24,SKU-006,Electronics,6
2024-05-25,SKU-006,Electronics,5
2024-05-26,SKU-006,Electronics,9
2024-05-27,SKU-006,Electronics,7
2024-05-28,SKU-006,Electronics,6
2024-05-29,SKU-006,Electronics,6
2024-05-30,SKU-006,Electronics,8
2024-05-31,SKU-006,Electronics,5
2024-06-01,SKU-006,Electronics,7
2024-06-02,SKU-006,Electronics,6
2024-06-03,SKU-006,Electronics,5
2024-06-04,SKU-006,Electronics,8
2024-06-05,SKU-006,Electronics,6
2024-06-06,SKU-006,Electronics,7
2024-06-07,SKU-006,Electronics,7
2024-06-08,SKU-006,Electronics,5
2024-06-09,SKU-006,Electronics,6
2024-06-10,SKU-006,Electronics,7
2024-06-11,SKU-006,Electronics,7
2024-06-12,SKU-006,Electronics,7
2024-06-13,SKU-006,Electronics,8
2024-06-14,SKU-006,Electronics,6
2024-06-15,SKU-006,Electronics,6
2024-06-16,SKU-006,Electronics,5
2024-06-17,SKU-006,Electronics,6
2024-06-18,SKU-006,Electronics,10
2024-06-19,SKU-006,Electronics,9
2024-06-20,SKU-006,Electronics,8
2024-06-21,SKU-006,Electronics,6
2024-06-22,SKU-006,Electronics,8
2024-06-23,SKU-006,Electronics,5
2024-06-24,SKU-006,Electronics,5
2024-06-25,SKU-006,Electronics,6
2024-06-26,SKU-006,Electronics,6
2024-06-27,SKU-006,Electronics,5
2024-06-28,SKU-006,Electronics,5
2024-06-29,SKU-006,Electronics,6
2024-06-30,SKU-006,Electronics,5
2024-07-01,SKU-006,Electronics,6
2024-07-02,SKU-006,Electronics,6
2024-07-03,SKU-006,Electronics,7
2024-07-04,SKU-006,Electronics,8
2024-07-05,SKU-006,Electronics,6
2024-07-06,SKU-006,Electronics,8
2024-07-07,SKU-006,Electronics,6
2024-07-08,SKU-006,Electronics,6
2024-07-09,SKU-006,Electronics,7
2024-07-10,SKU-006,Electronics,7
2024-07-11,SKU-006,Electronics,7
2024-07-12,SKU-006,Electronics,6
2024-07-13,SKU-006,Electronics,4
2024-07-14,SKU-006,Electronics,6
2024-07-15,SKU-006,Electronics,5
2024-07-16,SKU-006,Electronics,6
2024-07-17,SKU-006,Electronics,6
2024-07-18,SKU-006,Electronics,7
2024-07-19,SKU-006,Electronics,5
2024-07-20,SKU-006,Electronics,5
2024-07-21,SKU-006,Electronics,6
2024-07-22,SKU-006,Electronics,5
2024-07-23,SKU-006,Electronics,7
2024-07-24,SKU-006,Electronics,7
2024-07-25,SKU-006,Electronics,8
2024-07-26,SKU-006,Electronics,5
2024-07-27,SKU-006,Electronics,5
2024-07-28,SKU-006,Electronics,6
2024-07-29,SKU-006,Electronics,5
2024-07-30,SKU-006,Electronics,6
2024-07-31,SKU-006,Electronics,8
2024-08-01,SKU-006,Electronics,7
2024-08-02,SKU-006,Electronics,6
2024-08-03,SKU-006,Electronics,7
2024-08-04,SKU-006,Electronics,6
2024-08-05,SKU-006,Electronics,5
2024-08-06,SKU-006,Electronics,9
2024-08-07,SKU-006,Electronics,6
2024-08-08,SKU-006,Electronics,8
2024-08-09,SKU-006,Electronics,5
2024-08-10,SKU-006,Electronics,8
2024-08-11,SKU-006,Electronics,8
2024-08-12,SKU-006,Electronics,5
2024-08-13,SKU-006,Electronics,6
2024-08-14,SKU-006,Electronics,6
2024-08-15,SKU-006,Electronics,6
2024-08-16,SKU-006,Electronics,5
2024-08-17,SKU-006,Electronics,5
2024-08-18,SKU-006,Electronics,5
2024-08-19,SKU-006,Electronics,8
2024-08-20,SKU-006,Electronics,10
2024-08-21,SKU-006,Electronics,7
2024-08-22,SKU-006,Electronics,9
2024-08-23,SKU-006,Electronics,6
2024-08-24,SKU-006,Electronics,4
2024-08-25,SKU-006,Electronics,6
2024-08-26,SKU-006,Electronics,5
2024-08-27,SKU-006,Electronics,7
2024-08-28,SKU-006,Electronics,7
2024-08-29,SKU-006,Electronics,9
2024-08-30,SKU-006,Electronics,5
2024-08-31,SKU-006,Electronics,6
2024-09-01,SKU-006,Electronics,6
2024-09-02,SKU-006,Electronics,7
2024-09-03,SKU-006,Electronics,6
2024-09-04,SKU-006,Electronics,9
2024-09-05,SKU-006,Electronics,6
2024-09-06,SKU-006,Electronics,7
2024-09-07,SKU-006,Electronics,5
2024-09-08,SKU-006,Electronics,6
2024-09-09,SKU-006,Electronics,5
2024-09-10,SKU-006,Electronics,8
2024-09-11,SKU-006,Electronics,7
2024-09-12,SKU-006,Electronics,7
2024-09-13,SKU-006,Electronics,5
2024-09-14,SKU-006,Electronics,7
2024-09-15,SKU-006,Electronics,7
2024-09-16,SKU-006,Electronics,7
2024-09-17,SKU-006,Electronics,7
2024-09-18,SKU-006,Electronics,8
2024-09-19,SKU-006,Electronics,6
2024-09-20,SKU-006,Electronics,5
2024-09-21,SKU-006,Electronics,7
2024-09-22,SKU-006,Electronics,5
2024-09-23,SKU-006,Electronics,7
2024-09-24,SKU-006,Electronics,7
2024-09-25,SKU-006,Electronics,7
2024-09-26,SKU-006,Electronics,8
2024-09-27,SKU-006,Electronics,5
2024-09-28,SKU-006,Electronics,6
2024-09-29,SKU-006,Electronics,6
2024-09-30,SKU-006,Electronics,5
2024-10-01,SKU-006,Electronics,6
2024-10-02,SKU-006,Electronics,6
2024-10-03,SKU-006,Electronics,6
2024-10-04,SKU-006,Electronics,7
2024-10-05,SKU-006,Electronics,8
2024-10-06,SKU-006,Electronics,5
2024-10-07,SKU-006,Electronics,5
2024-10-08,SKU-006,Electronics,6
2024-10-09,SKU-006,Electronics,8
2024-10-10,SKU-006,Electronics,7
2024-10-11,SKU-006,Electronics,6
2024-10-12,SKU-006,Electronics,7
2024-10-13,SKU-006,Electronics,5
2024-10-14,SKU-006,Electronics,6
2024-10-15,SKU-006,Electronics,6
2024-10-16,SKU-006,Electronics,9
2024-10-17,SKU-006,Electronics,7
2024-10-18,SKU-006,Electronics,6
2024-10-19,SKU-006,Electronics,5
2024-10-20,SKU-006,Electronics,7
2024-10-21,SKU-006,Electronics,7
2024-10-22,SKU-006,Electronics,9
2024-10-23,SKU-006,Electronics,6
2024-10-24,SKU-006,Electronics,6
2024-10-25,SKU-006,Electronics,7
2024-10-26,SKU-006,Electronics,9
2024-10-27,SKU-006,Electronics,5
2024-10-28,SKU-006,Electronics,5
2024-10-29,SKU-006,Electronics,6
2024-10-30,SKU-006,Electronics,6
2024-10-31,SKU-006,Electronics,7
2024-11-01,SKU-006,Electronics,7
2024-11-02,SKU-006,Electronics,5
2024-11-03,SKU-006,Electronics,6
2024-11-04,SKU-006,Electronics,7
2024-11-05,SKU-006,Electronics,9
2024-11-06,SKU-006,Electronics,9
2024-11-07,SKU-006,Electronics,9
2024-11-08,SKU-006,Electronics,7
2024-11-09,SKU-006,Electronics,6
2024-11-10,SKU-006,Electronics,8
2024-11-11,SKU-006,Electronics,6
2024-11-12,SKU-006,Electronics,6
2024-11-13,SKU-006,Electronics,8
2024-11-14,SKU-006,Electronics,6
2024-11-15,SKU-006,Electronics,5
2024-11-16,SKU-006,Electronics,6
2024-11-17,SKU-006,Electronics,5
2024-11-18,SKU-006,Electronics,7
2024-11-19,SKU-006,Electronics,7
2024-11-20,SKU-006,Electronics,8
2024-11-21,SKU-006,Electronics,6
2024-11-22,SKU-006,Electronics,7
2024-11-23,SKU-006,Electronics,5
2024-11-24,SKU-006,Electronics,8
2024-11-25,SKU-006,Electronics,7
2024-11-26,SKU-006,Electronics,7
2024-11-27,SKU-006,Electronics,8
2024-11-28,SKU-006,Electronics,9
2024-11-29,SKU-006,Electronics,7
2024-11-30,SKU-006,Electronics,9
2024-12-01,SKU-006,Electronics,7
2024-12-02,SKU-006,Electronics,6
2024-12-03,SKU-006,Electronics,7
2024-12-04,SKU-006,Electronics,7
2024-12-05,SKU-006,Electronics,11
2024-12-06,SKU-006,Electronics,6
2024-12-07,SKU-006,Electronics,5
2024-12-08,SKU-006,Electronics,7
2024-12-09,SKU-006,Electronics,6
2024-12-10,SKU-006,Electronics,10
2024-12-11,SKU-006,Electronics,10
2024-12-12,SKU-006,Electronics,6
2024-12-13,SKU-006,Electronics,7
2024-12-14,SKU-006,Electronics,5
2024-12-15,SKU-006,Electronics,7
2024-12-16,SKU-006,Electronics,6
2024-12-17,SKU-006,Electronics,8
2024-12-18,SKU-006,Electronics,7
2024-12-19,SKU-006,Electronics,8
2024-12-20,SKU-006,Electronics,7
2024-12-21,SKU-006,Electronics,7
2024-12-22,SKU-006,Electronics,6
2024-12-23,SKU-006,Electronics,8
2024-12-24,SKU-006,Electronics,10
2024-12-25,SKU-006,Electronics,9
2024-12-26,SKU-006,Electronics,7
2024-12-27,SKU-006,Electronics,9
2024-12-28,SKU-006,Electronics,7
2024-12-29,SKU-006,Electronics,8
2023-01-02,SKU-007,Grocery,3
2023-01-03,SKU-007,Grocery,3
2023-01-04,SKU-007,Grocery,3
2023-01-05,SKU-007,Grocery,3
2023-01-06,SKU-007,Grocery,3
2023-01-07,SKU-007,Grocery,2
2023-01-08,SKU-007,Grocery,3
2023-01-09,SKU-007,Grocery,3
2023-01-10,SKU-007,Grocery,2
2023-01-11,SKU-007,Grocery,4
2023-01-12,SKU-007,Grocery,3
2023-01-13,SKU-007,Grocery,3
2023-01-14,SKU-007,Grocery,3
2023-01-15,SKU-007,Grocery,2
2023-01-16,SKU-007,Grocery,4
2023-01-17,SKU-007,Grocery,3
2023-01-18,SKU-007,Grocery,4
2023-01-19,SKU-007,Grocery,4
2023-01-20,SKU-007,Grocery,2
2023-01-21,SKU-007,Grocery,2
2023-01-22,SKU-007,Grocery,3
2023-01-23,SKU-007,Grocery,4
2023-01-24,SKU-007,Grocery,4
2023-01-25,SKU-007,Grocery,3
2023-01-26,SKU-007,Grocery,4
2023-01-27,SKU-007,Grocery,2
2023-01-28,SKU-007,Grocery,4
2023-01-29,SKU-007,Grocery,2
2023-01-30,SKU-007,Grocery,3
2023-01-31,SKU-007,Grocery,3
2023-02-01,SKU-007,Grocery,3
2023-02-02,SKU-007,Grocery,4
2023-02-03,SKU-007,Grocery,5
2023-02-04,SKU-007,Grocery,4
2023-02-05,SKU-007,Grocery,4
2023-02-06,SKU-007,Grocery,3
2023-02-07,SKU-007,Grocery,3
2023-02-08,SKU-007,Grocery,5
2023-02-09,SKU-007,Grocery,3
2023-02-10,SKU-007,Grocery,3
2023-02-11,SKU-007,Grocery,3
2023-02-12,SKU-007,Grocery,3
2023-02-13,SKU-007,Grocery,3
2023-02-14,SKU-007,Grocery,3
2023-02-15,SKU-007,Grocery,3
2023-02-16,SKU-007,Grocery,3
2023-02-17,SKU-007,Grocery,3
2023-02-18,SKU-007,Grocery,3
2023-02-19,SKU-007,Grocery,3
2023-02-20,SKU-007,Grocery,3
2023-02-21,SKU-007,Grocery,4
2023-02-22,SKU-007,Grocery,3
2023-02-23,SKU-007,Grocery,3
2023-02-24,SKU-007,Grocery,3
2023-02-25,SKU-007,Grocery,3
2023-02-26,SKU-007,Grocery,3
2023-02-27,SKU-007,Grocery,4
2023-02-28,SKU-007,Grocery,3
2023-03-01,SKU-007,Grocery,4
2023-03-02,SKU-007,Grocery,3
2023-03-03,SKU-007,Grocery,3
2023-03-04,SKU-007,Grocery,3
2023-03-05,SKU-007,Grocery,2
2023-03-06,SKU-007,Grocery,3
2023-03-07,SKU-007,Grocery,4
2023-03-08,SKU-007,Grocery,4
2023-03-09,SKU-007,Grocery,3
2023-03-10,SKU-007,Grocery,3
2023-03-11,SKU-007,Grocery,3
2023-03-12,SKU-007,Grocery,3
2023-03-13,SKU-007,Grocery,5
2023-03-14,SKU-007,Grocery,3
2023-03-15,SKU-007,Grocery,4
2023-03-16,SKU-007,Grocery,3
2023-03-17,SKU-007,Grocery,4
2023-03-18,SKU-007,Grocery,3
2023-03-19,SKU-007,Grocery,3
2023-03-20,SKU-007,Grocery,4
2023-03-21,SKU-007,Grocery,3
2023-03-22,SKU-007,Grocery,4
2023-03-23,SKU-007,Grocery,3
2023-03-24,SKU-007,Grocery,4
2023-03-25,SKU-007,Grocery,3
2023-03-26,SKU-007,Grocery,3
2023-03-27,SKU-007,Grocery,4
2023-03-28,SKU-007,Grocery,4
2023-03-29,SKU-007,Grocery,5
2023-03-30,SKU-007,Grocery,7
2023-03-31,SKU-007,Grocery,3
2023-04-01,SKU-007,Grocery,3
2023-04-02,SKU-007,Grocery,3
2023-04-03,SKU-007,Grocery,6
2023-04-04,SKU-007,Grocery,4
2023-04-05,SKU-007,Grocery,5
2023-04-06,SKU-007,Grocery,6
2023-04-07,SKU-007,Grocery,4
2023-04-08,SKU-007,Grocery,3
2023-04-09,SKU-007,Grocery,3
2023-04-10,SKU-007,Grocery,4
2023-04-11,SKU-007,Grocery,4
2023-04-12,SKU-007,Grocery,4
2023-04-13,SKU-007,Grocery,4
2023-04-14,SKU-007,Grocery,3
2023-04-15,SKU-007,Grocery,3
2023-04-16,SKU-007,Grocery,4
2023-04-17,SKU-007,Grocery,5
2023-04-18,SKU-007,Grocery,5
2023-04-19,SKU-007,Grocery,4
2023-04-20,SKU-007,Grocery,5
2023-04-21,SKU-007,Grocery,4
2023-04-22,SKU-007,Grocery,4
2023-04-23,SKU-007,Grocery,4
2023-04-24,SKU-007,Grocery,4
2023-04-25,SKU-007,Grocery,5
2023-04-26,SKU-007,Grocery,5
2023-04-27,SKU-007,Grocery,4
2023-04-28,SKU-007,Grocery,4
2023-04-29,SKU-007,Grocery,3
2023-04-30,SKU-007,Grocery,3
2023-05-01,SKU-007,Grocery,3
2023-05-02,SKU-007,Grocery,5
2023-05-03,SKU-007,Grocery,4
2023-05-04,SKU-007,Grocery,5
2023-05-05,SKU-007,Grocery,5
2023-05-06,SKU-007,Grocery,3
2023-05-07,SKU-007,Grocery,3
2023-05-08,SKU-007,Grocery,5
2023-05-09,SKU-007,Grocery,6
2023-05-10,SKU-007,Grocery,4
2023-05-11,SKU-007,Grocery,5
2023-05-12,SKU-007,Grocery,3
2023-05-13,SKU-007,Grocery,3
2023-05-14,SKU-007,Grocery,3
2023-05-15,SKU-007,Grocery,3
2023-05-16,SKU-007,Grocery,4
2023-05-17,SKU-007,Grocery,5
2023-05-18,SKU-007,Grocery,6
2023-05-19,SKU-007,Grocery,6
2023-05-20,SKU-007,Grocery,4
2023-05-21,SKU-007,Grocery,4
2023-05-22,SKU-007,Grocery,4
2023-05-23,SKU-007,Grocery,5
2023-05-24,SKU-007,Grocery,4
2023-05-25,SKU-007,Grocery,7
2023-05-26,SKU-007,Grocery,3
2023-05-27,SKU-007,Grocery,4
2023-05-28,SKU-007,Grocery,4
2023-05-29,SKU-007,Grocery,4
2023-05-30,SKU-007,Grocery,4
2023-05-31,SKU-007,Grocery,4
2023-06-01,SKU-007,Grocery,4
2023-06-02,SKU-007,Grocery,3
2023-06-03,SKU-007,Grocery,6
2023-06-04,SKU-007,Grocery,4
2023-06-05,SKU-007,Grocery,5
2023-06-06,SKU-007,Grocery,4
2023-06-07,SKU-007,Grocery,5
2023-06-08,SKU-007,Grocery,4
2023-06-09,SKU-007,Grocery,4
2023-06-10,SKU-007,Grocery,4
2023-06-11,SKU-007,Grocery,3
2023-06-12,SKU-007,Grocery,4
2023-06-13,SKU-007,Grocery,5
2023-06-14,SKU-007,Grocery,5
2023-06-15,SKU-007,Grocery,4
2023-06-16,SKU-007,Grocery,4
2023-06-17,SKU-007,Grocery,4
2023-06-18,SKU-007,Grocery,5
2023-06-19,SKU-007,Grocery,5
2023-06-20,SKU-007,Grocery,5
2023-06-21,SKU-007,Grocery,6
2023-06-22,SKU-007,Grocery,4
2023-06-23,SKU-007,Grocery,5
2023-06-24,SKU-007,Grocery,4
2023-06-25,SKU-007,Grocery,4
2023-06-26,SKU-007,Grocery,6
2023-06-27,SKU-007,Grocery,6
2023-06-28,SKU-007,Grocery,5
2023-06-29,SKU-007,Grocery,4
2023-06-30,SKU-007,Grocery,4
2023-07-01,SKU-007,Grocery,4
2023-07-02,SKU-007,Grocery,5
2023-07-03,SKU-007,Grocery,4
2023-07-04,SKU-007,Grocery,4
2023-07-05,SKU-007,Grocery,4
2023-07-06,SKU-007,Grocery,4
2023-07-07,SKU-007,Grocery,4
2023-07-08,SKU-007,Grocery,4
2023-07-09,SKU-007,Grocery,5
2023-07-10,SKU-007,Grocery,5
2023-07-11,SKU-007,Grocery,6
2023-07-12,SKU-007,Grocery,8
2023-07-13,SKU-007,Grocery,4
2023-07-14,SKU-007,Grocery,5
2023-07-15,SKU-007,Grocery,3
2023-07-16,SKU-007,Grocery,4
2023-07-17,SKU-007,Grocery,4
2023-07-18,SKU-007,Grocery,5
2023-07-19,SKU-007,Grocery,5
2023-07-20,SKU-007,Grocery,5
2023-07-21,SKU-007,Grocery,5
2023-07-22,SKU-007,Grocery,4
2023-07-23,SKU-007,Grocery,3
2023-07-24,SKU-007,Grocery,6
2023-07-25,SKU-007,Grocery,5
2023-07-26,SKU-007,Grocery,5
2023-07-27,SKU-007,Grocery,5
2023-07-28,SKU-007,Grocery,4
2023-07-29,SKU-007,Grocery,4
2023-07-30,SKU-007,Grocery,5
2023-07-31,SKU-007,Grocery,7
2023-08-01,SKU-007,Grocery,6
2023-08-02,SKU-007,Grocery,5
2023-08-03,SKU-007,Grocery,5
2023-08-04,SKU-007,Grocery,4
2023-08-05,SKU-007,Grocery,4
2023-08-06,SKU-007,Grocery,4
2023-08-07,SKU-007,Grocery,5
2023-08-08,SKU-007,Grocery,5
2023-08-09,SKU-007,Grocery,6
2023-08-10,SKU-007,Grocery,4
2023-08-11,SKU-007,Grocery,4
2023-08-12,SKU-007,Grocery,4
2023-08-13,SKU-007,Grocery,5
2023-08-14,SKU-007,Grocery,4
2023-08-15,SKU-007,Grocery,4
2023-08-16,SKU-007,Grocery,5
2023-08-17,SKU-007,Grocery,4
2023-08-18,SKU-007,Grocery,4
2023-08-19,SKU-007,Grocery,5
2023-08-20,SKU-007,Grocery,6
2023-08-21,SKU-007,Grocery,4
2023-08-22,SKU-007,Grocery,5
2023-08-23,SKU-007,Grocery,5
2023-08-24,SKU-007,Grocery,5
2023-08-25,SKU-007,Grocery,4
2023-08-26,SKU-007,Grocery,4
2023-08-27,SKU-007,Grocery,4
2023-08-28,SKU-007,Grocery,6
2023-08-29,SKU-007,Grocery,6
2023-08-30,SKU-007,Grocery,5
2023-08-31,SKU-007,Grocery,5
2023-09-01,SKU-007,Grocery,4
2023-09-02,SKU-007,Grocery,3
2023-09-03,SKU-007,Grocery,5
2023-09-04,SKU-007,Grocery,4
2023-09-05,SKU-007,Grocery,7
2023-09-06,SKU-007,Grocery,6
2023-09-07,SKU-007,Grocery,5
2023-09-08,SKU-007,Grocery,4
2023-09-09,SKU-007,Grocery,4
2023-09-10,SKU-007,Grocery,4
2023-09-11,SKU-007,Grocery,5
2023-09-12,SKU-007,Grocery,6
2023-09-13,SKU-007,Grocery,5
2023-09-14,SKU-007,Grocery,6
2023-09-15,SKU-007,Grocery,5
2023-09-16,SKU-007,Grocery,4
2023-09-17,SKU-007,Grocery,6
2023-09-18,SKU-007,Grocery,6
2023-09-19,SKU-007,Grocery,5
2023-09-20,SKU-007,Grocery,6
2023-09-21,SKU-007,Grocery,6
2023-09-22,SKU-007,Grocery,5
2023-09-23,SKU-007,Grocery,4
2023-09-24,SKU-007,Grocery,4
2023-09-25,SKU-007,Grocery,6
2023-09-26,SKU-007,Grocery,5
2023-09-27,SKU-007,Grocery,8
2023-09-28,SKU-007,Grocery,6
2023-09-29,SKU-007,Grocery,5
2023-09-30,SKU-007,Grocery,3
2023-10-01,SKU-007,Grocery,4
2023-10-02,SKU-007,Grocery,5
2023-10-03,SKU-007,Grocery,6
2023-10-04,SKU-007,Grocery,5
2023-10-05,SKU-007,Grocery,7
2023-10-06,SKU-007,Grocery,5
2023-10-07,SKU-007,Grocery,4
2023-10-08,SKU-007,Grocery,5
2023-10-09,SKU-007,Grocery,6
2023-10-10,SKU-007,Grocery,5
2023-10-11,SKU-007,Grocery,7
2023-10-12,SKU-007,Grocery,6
2023-10-13,SKU-007,Grocery,4
2023-10-14,SKU-007,Grocery,5
2023-10-15,SKU-007,Grocery,5
2023-10-16,SKU-007,Grocery,5
2023-10-17,SKU-007,Grocery,8
2023-10-18,SKU-007,Grocery,5
2023-10-19,SKU-007,Grocery,6
2023-10-20,SKU-007,Grocery,4
2023-10-21,SKU-007,Grocery,4
2023-10-22,SKU-007,Grocery,4
2023-10-23,SKU-007,Grocery,4
2023-10-24,SKU-007,Grocery,6
2023-10-25,SKU-007,Grocery,6
2023-10-26,SKU-007,Grocery,6
2023-10-27,SKU-007,Grocery,5
2023-10-28,SKU-007,Grocery,4
2023-10-29,SKU-007,Grocery,4
2023-10-30,SKU-007,Grocery,7
2023-10-31,SKU-007,Grocery,5
2023-11-01,SKU-007,Grocery,6
2023-11-02,SKU-007,Grocery,5
2023-11-03,SKU-007,Grocery,4
2023-11-04,SKU-007,Grocery,4
2023-11-05,SKU-007,Grocery,5
2023-11-06,SKU-007,Grocery,6
2023-11-07,SKU-007,Grocery,8
2023-11-08,SKU-007,Grocery,7
2023-11-09,SKU-007,Grocery,6
2023-11-10,SKU-007,Grocery,4
2023-11-11,SKU-007,Grocery,4
2023-11-12,SKU-007,Grocery,5
2023-11-13,SKU-007,Grocery,5
2023-11-14,SKU-007,Grocery,5
2023-11-15,SKU-007,Grocery,7
2023-11-16,SKU-007,Grocery,6
2023-11-17,SKU-007,Grocery,6
2023-11-18,SKU-007,Grocery,7
2023-11-19,SKU-007,Grocery,4
2023-11-20,SKU-007,Grocery,5
2023-11-21,SKU-007,Grocery,9
2023-11-22,SKU-007,Grocery,7
2023-11-23,SKU-007,Grocery,6
2023-11-24,SKU-007,Grocery,6
2023-11-25,SKU-007,Grocery,4
2023-11-26,SKU-007,Grocery,5
2023-11-27,SKU-007,Grocery,5
2023-11-28,SKU-007,Grocery,8
2023-11-29,SKU-007,Grocery,8
2023-11-30,SKU-007,Grocery,5
2023-12-01,SKU-007,Grocery,4
2023-12-02,SKU-007,Grocery,6
2023-12-03,SKU-007,Grocery,8
2023-12-04,SKU-007,Grocery,5
2023-12-05,SKU-007,Grocery,5
2023-12-06,SKU-007,Grocery,10
2023-12-07,SKU-007,Grocery,8
2023-12-08,SKU-007,Grocery,7
2023-12-09,SKU-007,Grocery,8
2023-12-10,SKU-007,Grocery,6
2023-12-11,SKU-007,Grocery,5
2023-12-12,SKU-007,Grocery,8
2023-12-13,SKU-007,Grocery,7
2023-12-14,SKU-007,Grocery,5
2023-12-15,SKU-007,Grocery,5
2023-12-16,SKU-007,Grocery,6
2023-12-17,SKU-007,Grocery,5
2023-12-18,SKU-007,Grocery,9
2023-12-19,SKU-007,Grocery,6
2023-12-20,SKU-007,Grocery,9
2023-12-21,SKU-007,Grocery,6
2023-12-22,SKU-007,Grocery,5
2023-12-23,SKU-007,Grocery,5
2023-12-24,SKU-007,Grocery,6
2023-12-25,SKU-007,Grocery,6
2023-12-26,SKU-007,Grocery,9
2023-12-27,SKU-007,Grocery,7
2023-12-28,SKU-007,Grocery,6
2023-12-29,SKU-007,Grocery,10
2023-12-30,SKU-007,Grocery,5
2023-12-31,SKU-007,Grocery,6
2024-01-01,SKU-007,Grocery,5
2024-01-02,SKU-007,Grocery,6
2024-01-03,SKU-007,Grocery,7
2024-01-04,SKU-007,Grocery,6
2024-01-05,SKU-007,Grocery,6
2024-01-06,SKU-007,Grocery,5
2024-01-07,SKU-007,Grocery,6
2024-01-08,SKU-007,Grocery,8
2024-01-09,SKU-007,Grocery,10
2024-01-10,SKU-007,Grocery,9
2024-01-11,SKU-007,Grocery,8
2024-01-12,SKU-007,Grocery,5
2024-01-13,SKU-007,Grocery,7
2024-01-14,SKU-007,Grocery,5
2024-01-15,SKU-007,Grocery,6
2024-01-16,SKU-007,Grocery,7
2024-01-17,SKU-007,Grocery,6
2024-01-18,SKU-007,Grocery,9
2024-01-19,SKU-007,Grocery,5
2024-01-20,SKU-007,Grocery,6
2024-01-21,SKU-007,Grocery,5
2024-01-22,SKU-007,Grocery,7
2024-01-23,SKU-007,Grocery,9
2024-01-24,SKU-007,Grocery,6
2024-01-25,SKU-007,Grocery,6
2024-01-26,SKU-007,Grocery,8
2024-01-27,SKU-007,Grocery,7
2024-01-28,SKU-007,Grocery,7
2024-01-29,SKU-007,Grocery,6
2024-01-30,SKU-007,Grocery,8
2024-01-31,SKU-007,Grocery,10
2024-02-01,SKU-007,Grocery,6
2024-02-02,SKU-007,Grocery,8
2024-02-03,SKU-007,Grocery,8
2024-02-04,SKU-007,Grocery,5
2024-02-05,SKU-007,Grocery,6
2024-02-06,SKU-007,Grocery,7
2024-02-07,SKU-007,Grocery,10
2024-02-08,SKU-007,Grocery,6
2024-02-09,SKU-007,Grocery,7
2024-02-10,SKU-007,Grocery,5
2024-02-11,SKU-007,Grocery,5
2024-02-12,SKU-007,Grocery,6
2024-02-13,SKU-007,Grocery,7
2024-02-14,SKU-007,Grocery,8
2024-02-15,SKU-007,Grocery,8
2024-02-16,SKU-007,Grocery,6
2024-02-17,SKU-007,Grocery,5
2024-02-18,SKU-007,Grocery,5
2024-02-19,SKU-007,Grocery,8
2024-02-20,SKU-007,Grocery,6
2024-02-21,SKU-007,Grocery,8
2024-02-22,SKU-007,Grocery,7
2024-02-23,SKU-007,Grocery,7
2024-02-24,SKU-007,Grocery,6
2024-02-25,SKU-007,Grocery,5
2024-02-26,SKU-007,Grocery,7
2024-02-27,SKU-007,Grocery,10
2024-02-28,SKU-007,Grocery,8
2024-02-29,SKU-007,Grocery,8
2024-03-01,SKU-007,Grocery,7
2024-03-02,SKU-007,Grocery,7
2024-03-03,SKU-007,Grocery,8
2024-03-04,SKU-007,Grocery,7
2024-03-05,SKU-007,Grocery,7
2024-03-06,SKU-007,Grocery,10
2024-03-07,SKU-007,Grocery,9
2024-03-08,SKU-007,Grocery,9
2024-03-09,SKU-007,Grocery,8
2024-03-10,SKU-007,Grocery,6
2024-03-11,SKU-007,Grocery,6
2024-03-12,SKU-007,Grocery,7
2024-03-13,SKU-007,Grocery,7
2024-03-14,SKU-007,Grocery,8
2024-03-15,SKU-007,Grocery,7
2024-03-16,SKU-007,Grocery,7
2024-03-17,SKU-007,Grocery,6
2024-03-18,SKU-007,Grocery,6
2024-03-19,SKU-007,Grocery,7
2024-03-20,SKU-007,Grocery,7
2024-03-21,SKU-007,Grocery,8
2024-03-22,SKU-007,Grocery,7
2024-03-23,SKU-007,Grocery,6
2024-03-24,SKU-007,Grocery,6
2024-03-25,SKU-007,Grocery,7
2024-03-26,SKU-007,Grocery,8
2024-03-27,SKU-007,Grocery,11
2024-03-28,SKU-007,Grocery,10
2024-03-29,SKU-007,Grocery,6
2024-03-30,SKU-007,Grocery,6
2024-03-31,SKU-007,Grocery,6
2024-04-01,SKU-007,Grocery,7
2024-04-02,SKU-007,Grocery,7
2024-04-03,SKU-007,Grocery,7
2024-04-04,SKU-007,Grocery,7
2024-04-05,SKU-007,Grocery,9
2024-04-06,SKU-007,Grocery,7
2024-04-07,SKU-007,Grocery,7
2024-04-08,SKU-007,Grocery,8
2024-04-09,SKU-007,Grocery,9
2024-04-10,SKU-007,Grocery,9
2024-04-11,SKU-007,Grocery,10
2024-04-12,SKU-007,Grocery,6
2024-04-13,SKU-007,Grocery,9
2024-04-14,SKU-007,Grocery,6
2024-04-15,SKU-007,Grocery,8
2024-04-16,SKU-007,Grocery,9
2024-04-17,SKU-007,Grocery,7
2024-04-18,SKU-007,Grocery,8
2024-04-19,SKU-007,Grocery,8
2024-04-20,SKU-007,Grocery,6
2024-04-21,SKU-007,Grocery,10
2024-04-22,SKU-007,Grocery,7
2024-04-23,SKU-007,Grocery,9
2024-04-24,SKU-007,Grocery,7
2024-04-25,SKU-007,Grocery,7
2024-04-26,SKU-007,Grocery,11
2024-04-27,SKU-007,Grocery,7
2024-04-28,SKU-007,Grocery,6
2024-04-29,SKU-007,Grocery,7
2024-04-30,SKU-007,Grocery,7
2024-05-01,SKU-007,Grocery,8
2024-05-02,SKU-007,Grocery,7
2024-05-03,SKU-007,Grocery,8
2024-05-04,SKU-007,Grocery,8
2024-05-05,SKU-007,Grocery,8
2024-05-06,SKU-007,Grocery,8
2024-05-07,SKU-007,Grocery,7
2024-05-08,SKU-007,Grocery,7
2024-05-09,SKU-007,Grocery,7
2024-05-10,SKU-007,Grocery,6
2024-05-11,SKU-007,Grocery,7
2024-05-12,SKU-007,Grocery,9
2024-05-13,SKU-007,Grocery,6
2024-05-14,SKU-007,Grocery,9
2024-05-15,SKU-007,Grocery,8
2024-05-16,SKU-007,Grocery,9
2024-05-17,SKU-007,Grocery,6
2024-05-18,SKU-007,Grocery,8
2024-05-19,SKU-007,Grocery,6
2024-05-20,SKU-007,Grocery,10
2024-05-21,SKU-007,Grocery,11
2024-05-22,SKU-007,Grocery,9
2024-05-23,SKU-007,Grocery,9
2024-05-24,SKU-007,Grocery,8
2024-05-25,SKU-007,Grocery,6
2024-05-26,SKU-007,Grocery,12
2024-05-27,SKU-007,Grocery,9
2024-05-28,SKU-007,Grocery,8
2024-05-29,SKU-007,Grocery,8
2024-05-30,SKU-007,Grocery,10
2024-05-31,SKU-007,Grocery,7
2024-06-01,SKU-007,Grocery,9
2024-06-02,SKU-007,Grocery,8
2024-06-03,SKU-007,Grocery,7
2024-06-04,SKU-007,Grocery,11
2024-06-05,SKU-007,Grocery,8
2024-06-06,SKU-007,Grocery,9
2024-06-07,SKU-007,Grocery,9
2024-06-08,SKU-007,Grocery,7
2024-06-09,SKU-007,Grocery,8
2024-06-10,SKU-007,Grocery,8
2024-06-11,SKU-007,Grocery,9
2024-06-12,SKU-007,Grocery,10
2024-06-13,SKU-007,Grocery,10
2024-06-14,SKU-007,Grocery,8
2024-06-15,SKU-007,Grocery,8
2024-06-16,SKU-007,Grocery,6
2024-06-17,SKU-007,Grocery,8
2024-06-18,SKU-007,Grocery,12
2024-06-19,SKU-007,Grocery,11
2024-06-20,SKU-007,Grocery,10
2024-06-21,SKU-007,Grocery,8
2024-06-22,SKU-007,Grocery,11
2024-06-23,SKU-007,Grocery,6
2024-06-24,SKU-007,Grocery,7
2024-06-25,SKU-007,Grocery,8
2024-06-26,SKU-007,Grocery,8
2024-06-27,SKU-007,Grocery,7
2024-06-28,SKU-007,Grocery,7
2024-06-29,SKU-007,Grocery,8
2024-06-30,SKU-007,Grocery,6
2024-07-01,SKU-007,Grocery,7
2024-07-02,SKU-007,Grocery,8
2024-07-03,SKU-007,Grocery,10
2024-07-04,SKU-007,Grocery,11
2024-07-05,SKU-007,Grocery,8
2024-07-06,SKU-007,Grocery,11
2024-07-07,SKU-007,Grocery,8
2024-07-08,SKU-007,Grocery,9
2024-07-09,SKU-007,Grocery,9
2024-07-10,SKU-007,Grocery,10
2024-07-11,SKU-007,Grocery,9
2024-07-12,SKU-007,Grocery,8
2024-07-13,SKU-007,Grocery,6
2024-07-14,SKU-007,Grocery,8
2024-07-15,SKU-007,Grocery,7
2024-07-16,SKU-007,Grocery,8
2024-07-17,SKU-007,Grocery,8
2024-07-18,SKU-007,Grocery,8
2024-07-19,SKU-007,Grocery,7
2024-07-20,SKU-007,Grocery,6
2024-07-21,SKU-007,Grocery,8
2024-07-22,SKU-007,Grocery,7
2024-07-23,SKU-007,Grocery,9
2024-07-24,SKU-007,Grocery,10
2024-07-25,SKU-007,Grocery,11
2024-07-26,SKU-007,Grocery,6
2024-07-27,SKU-007,Grocery,6
2024-07-28,SKU-007,Grocery,8
2024-07-29,SKU-007,Grocery,7
2024-07-30,SKU-007,Grocery,7
2024-07-31,SKU-007,Grocery,10
2024-08-01,SKU-007,Grocery,9
2024-08-02,SKU-007,Grocery,8
2024-08-03,SKU-007,Grocery,9
2024-08-04,SKU-007,Grocery,8
2024-08-05,SKU-007,Grocery,7
2024-08-06,SKU-007,Grocery,11
2024-08-07,SKU-007,Grocery,8
2024-08-08,SKU-007,Grocery,11
2024-08-09,SKU-007,Grocery,7
2024-08-10,SKU-007,Grocery,10
2024-08-11,SKU-007,Grocery,10
2024-08-12,SKU-007,Grocery,7
2024-08-13,SKU-007,Grocery,8
2024-08-14,SKU-007,Grocery,8
2024-08-15,SKU-007,Grocery,7
2024-08-16,SKU-007,Grocery,7
2024-08-17,SKU-007,Grocery,6
2024-08-18,SKU-007,Grocery,6
2024-08-19,SKU-007,Grocery,10
2024-08-20,SKU-007,Grocery,13
2024-08-21,SKU-007,Grocery,10
2024-08-22,SKU-007,Grocery,10
2024-08-23,SKU-007,Grocery,8
2024-08-24,SKU-007,Grocery,6
2024-08-25,SKU-007,Grocery,8
2024-08-26,SKU-007,Grocery,7
2024-08-27,SKU-007,Grocery,9
2024-08-28,SKU-007,Grocery,9
2024-08-29,SKU-007,Grocery,12
2024-08-30,SKU-007,Grocery,6
2024-08-31,SKU-007,Grocery,7
2024-09-01,SKU-007,Grocery,8
2024-09-02,SKU-007,Grocery,9
2024-09-03,SKU-007,Grocery,8
2024-09-04,SKU-007,Grocery,11
2024-09-05,SKU-007,Grocery,7
2024-09-06,SKU-007,Grocery,10
2024-09-07,SKU-007,Grocery,6
2024-09-08,SKU-007,Grocery,8
2024-09-09,SKU-007,Grocery,7
2024-09-10,SKU-007,Grocery,10
2024-09-11,SKU-007,Grocery,10
2024-09-12,SKU-007,Grocery,9
2024-09-13,SKU-007,Grocery,7
2024-09-14,SKU-007,Grocery,10
2024-09-15,SKU-007,Grocery,9
2024-09-16,SKU-007,Grocery,9
2024-09-17,SKU-007,Grocery,10
2024-09-18,SKU-007,Grocery,10
2024-09-19,SKU-007,Grocery,7
2024-09-20,SKU-007,Grocery,7
2024-09-21,SKU-007,Grocery,9
2024-09-22,SKU-007,Grocery,7
2024-09-23,SKU-007,Grocery,9
2024-09-24,SKU-007,Grocery,10
2024-09-25,SKU-007,Grocery,10
2024-09-26,SKU-007,Grocery,11
2024-09-27,SKU-007,Grocery,6
2024-09-28,SKU-007,Grocery,8
2024-09-29,SKU-007,Grocery,8
2024-09-30,SKU-007,Grocery,7
2024-10-01,SKU-007,Grocery,8
2024-10-02,SKU-007,Grocery,8
2024-10-03,SKU-007,Grocery,7
2024-10-04,SKU-007,Grocery,10
2024-10-05,SKU-007,Grocery,11
2024-10-06,SKU-007,Grocery,7
2024-10-07,SKU-007,Grocery,7
2024-10-08,SKU-007,Grocery,8
2024-10-09,SKU-007,Grocery,10
2024-10-10,SKU-007,Grocery,9
2024-10-11,SKU-007,Grocery,7
2024-10-12,SKU-007,Grocery,10
2024-10-13,SKU-007,Grocery,7
2024-10-14,SKU-007,Grocery,7
2024-10-15,SKU-007,Grocery,8
2024-10-16,SKU-007,Grocery,12
2024-10-17,SKU-007,Grocery,9
2024-10-18,SKU-007,Grocery,8
2024-10-19,SKU-007,Grocery,7
2024-10-20,SKU-007,Grocery,9
2024-10-21,SKU-007,Grocery,9
2024-10-22,SKU-007,Grocery,12
2024-10-23,SKU-007,Grocery,9
2024-10-24,SKU-007,Grocery,8
2024-10-25,SKU-007,Grocery,9
2024-10-26,SKU-007,Grocery,11
2024-10-27,SKU-007,Grocery,7
2024-10-28,SKU-007,Grocery,8
2024-10-29,SKU-007,Grocery,8
2024-10-30,SKU-007,Grocery,9
2024-10-31,SKU-007,Grocery,10
2024-11-01,SKU-007,Grocery,9
2024-11-02,SKU-007,Grocery,7
2024-11-03,SKU-007,Grocery,9
2024-11-04,SKU-007,Grocery,9
2024-11-05,SKU-007,Grocery,12
2024-11-06,SKU-007,Grocery,12
2024-11-07,SKU-007,Grocery,11
2024-11-08,SKU-007,Grocery,9
2024-11-09,SKU-007,Grocery,8
2024-11-10,SKU-007,Grocery,10
2024-11-11,SKU-007,Grocery,8
2024-11-12,SKU-007,Grocery,9
2024-11-13,SKU-007,Grocery,10
2024-11-14,SKU-007,Grocery,8
2024-11-15,SKU-007,Grocery,7
2024-11-16,SKU-007,Grocery,9
2024-11-17,SKU-007,Grocery,7
2024-11-18,SKU-007,Grocery,9
2024-11-19,SKU-007,Grocery,8
2024-11-20,SKU-007,Grocery,11
2024-11-21,SKU-007,Grocery,8
2024-11-22,SKU-007,Grocery,9
2024-11-23,SKU-007,Grocery,7
2024-11-24,SKU-007,Grocery,10
2024-11-25,SKU-007,Grocery,10
2024-11-26,SKU-007,Grocery,8
2024-11-27,SKU-007,Grocery,11
2024-11-28,SKU-007,Grocery,12
2024-11-29,SKU-007,Grocery,9
2024-11-30,SKU-007,Grocery,12
2024-12-01,SKU-007,Grocery,9
2024-12-02,SKU-007,Grocery,8
2024-12-03,SKU-007,Grocery,9
2024-12-04,SKU-007,Grocery,9
2024-12-05,SKU-007,Grocery,14
2024-12-06,SKU-007,Grocery,8
2024-12-07,SKU-007,Grocery,7
2024-12-08,SKU-007,Grocery,9
2024-12-09,SKU-007,Grocery,8
2024-12-10,SKU-007,Grocery,13
2024-12-11,SKU-007,Grocery,13
2024-12-12,SKU-007,Grocery,9
2024-12-13,SKU-007,Grocery,10
2024-12-14,SKU-007,Grocery,7
2024-12-15,SKU-007,Grocery,9
2024-12-16,SKU-007,Grocery,8
2024-12-17,SKU-007,Grocery,11
2024-12-18,SKU-007,Grocery,10
2024-12-19,SKU-007,Grocery,11
2024-12-20,SKU-007,Grocery,10
2024-12-21,SKU-007,Grocery,9
2024-12-22,SKU-007,Grocery,7
2024-12-23,SKU-007,Grocery,10
2024-12-24,SKU-007,Grocery,13
2024-12-25,SKU-007,Grocery,11
2024-12-26,SKU-007,Grocery,9
2024-12-27,SKU-007,Grocery,12
2024-12-28,SKU-007,Grocery,9
2024-12-29,SKU-007,Grocery,11
2023-01-02,SKU-008,Beauty,4
2023-01-03,SKU-008,Beauty,3
2023-01-04,SKU-008,Beauty,4
2023-01-05,SKU-008,Beauty,4
2023-01-06,SKU-008,Beauty,4
2023-01-07,SKU-008,Beauty,3
2023-01-08,SKU-008,Beauty,3
2023-01-09,SKU-008,Beauty,3
2023-01-10,SKU-008,Beauty,3
2023-01-11,SKU-008,Beauty,4
2023-01-12,SKU-008,Beauty,3
2023-01-13,SKU-008,Beauty,3
2023-01-14,SKU-008,Beauty,3
2023-01-15,SKU-008,Beauty,3
2023-01-16,SKU-008,Beauty,4
2023-01-17,SKU-008,Beauty,4
2023-01-18,SKU-008,Beauty,5
2023-01-19,SKU-008,Beauty,4
2023-01-20,SKU-008,Beauty,3
2023-01-21,SKU-008,Beauty,3
2023-01-22,SKU-008,Beauty,4
2023-01-23,SKU-008,Beauty,4
2023-01-24,SKU-008,Beauty,4
2023-01-25,SKU-008,Beauty,4
2023-01-26,SKU-008,Beauty,5
2023-01-27,SKU-008,Beauty,3
2023-01-28,SKU-008,Beauty,5
2023-01-29,SKU-008,Beauty,3
2023-01-30,SKU-008,Beauty,3
2023-01-31,SKU-008,Beauty,4
2023-02-01,SKU-008,Beauty,3
2023-02-02,SKU-008,Beauty,5
2023-02-03,SKU-008,Beauty,6
2023-02-04,SKU-008,Beauty,4
2023-02-05,SKU-008,Beauty,4
2023-02-06,SKU-008,Beauty,3
2023-02-07,SKU-008,Beauty,4
2023-02-08,SKU-008,Beauty,5
2023-02-09,SKU-008,Beauty,3
2023-02-10,SKU-008,Beauty,3
2023-02-11,SKU-008,Beauty,3
2023-02-12,SKU-008,Beauty,3
2023-02-13,SKU-008,Beauty,3
2023-02-14,SKU-008,Beauty,4
2023-02-15,SKU-008,Beauty,4
2023-02-16,SKU-008,Beauty,4
2023-02-17,SKU-008,Beauty,3
2023-02-18,SKU-008,Beauty,4
2023-02-19,SKU-008,Beauty,3
2023-02-20,SKU-008,Beauty,3
2023-02-21,SKU-008,Beauty,5
2023-02-22,SKU-008,Beauty,4
2023-02-23,SKU-008,Beauty,4
2023-02-24,SKU-008,Beauty,3
2023-02-25,SKU-008,Beauty,4
2023-02-26,SKU-008,Beauty,4
2023-02-27,SKU-008,Beauty,4
2023-02-28,SKU-008,Beauty,4
2023-03-01,SKU-008,Beauty,5
2023-03-02,SKU-008,Beauty,4
2023-03-03,SKU-008,Beauty,3
2023-03-04,SKU-008,Beauty,4
2023-03-05,SKU-008,Beauty,3
2023-03-06,SKU-008,Beauty,4
2023-03-07,SKU-008,Beauty,5
2023-03-08,SKU-008,Beauty,5
2023-03-09,SKU-008,Beauty,4
2023-03-10,SKU-008,Beauty,3
2023-03-11,SKU-008,Beauty,3
2023-03-12,SKU-008,Beauty,3
2023-03-13,SKU-008,Beauty,6
2023-03-14,SKU-008,Beauty,4
2023-03-15,SKU-008,Beauty,5
2023-03-16,SKU-008,Beauty,4
2023-03-17,SKU-008,Beauty,4
2023-03-18,SKU-008,Beauty,3
2023-03-19,SKU-008,Beauty,3
2023-03-20,SKU-008,Beauty,4
2023-03-21,SKU-008,Beauty,4
2023-03-22,SKU-008,Beauty,5
2023-03-23,SKU-008,Beauty,4
2023-03-24,SKU-008,Beauty,4
2023-03-25,SKU-008,Beauty,3
2023-03-26,SKU-008,Beauty,4
2023-03-27,SKU-008,Beauty,5
2023-03-28,SKU-008,Beauty,4
2023-03-29,SKU-008,Beauty,5
2023-03-30,SKU-008,Beauty,8
2023-03-31,SKU-008,Beauty,4
2023-04-01,SKU-008,Beauty,3
2023-04-02,SKU-008,Beauty,4
2023-04-03,SKU-008,Beauty,7
2023-04-04,SKU-008,Beauty,4
2023-04-05,SKU-008,Beauty,6
2023-04-06,SKU-008,Beauty,7
2023-04-07,SKU-008,Beauty,5
2023-04-08,SKU-008,Beauty,4
2023-04-09,SKU-008,Beauty,4
2023-04-10,SKU-008,Beauty,4
2023-04-11,SKU-008,Beauty,4
2023-04-12,SKU-008,Beauty,5
2023-04-13,SKU-008,Beauty,4
2023-04-14,SKU-008,Beauty,4
2023-04-15,SKU-008,Beauty,4
2023-04-16,SKU-008,Beauty,5
2023-04-17,SKU-008,Beauty,6
2023-04-18,SKU-008,Beauty,6
2023-04-19,SKU-008,Beauty,5
2023-04-20,SKU-008,Beauty,7
2023-04-21,SKU-008,Beauty,5
2023-04-22,SKU-008,Beauty,5
2023-04-23,SKU-008,Beauty,5
2023-04-24,SKU-008,Beauty,5
2023-04-25,SKU-008,Beauty,6
2023-04-26,SKU-008,Beauty,6
2023-04-27,SKU-008,Beauty,4
2023-04-28,SKU-008,Beauty,5
2023-04-29,SKU-008,Beauty,4
2023-04-30,SKU-008,Beauty,4
2023-05-01,SKU-008,Beauty,4
2023-05-02,SKU-008,Beauty,6
2023-05-03,SKU-008,Beauty,5
2023-05-04,SKU-008,Beauty,5
2023-05-05,SKU-008,Beauty,6
2023-05-06,SKU-008,Beauty,4
2023-05-07,SKU-008,Beauty,4
2023-05-08,SKU-008,Beauty,6
2023-05-09,SKU-008,Beauty,7
2023-05-10,SKU-008,Beauty,5
2023-05-11,SKU-008,Beauty,5
2023-05-12,SKU-008,Beauty,4
2023-05-13,SKU-008,Beauty,4
2023-05-14,SKU-008,Beauty,4
2023-05-15,SKU-008,Beauty,5
2023-05-16,SKU-008,Beauty,5
2023-05-17,SKU-008,Beauty,6
2023-05-18,SKU-008,Beauty,7
2023-05-19,SKU-008,Beauty,7
2023-05-20,SKU-008,Beauty,5
2023-05-21,SKU-008,Beauty,5
2023-05-22,SKU-008,Beauty,4
2023-05-23,SKU-008,Beauty,6
2023-05-24,SKU-008,Beauty,5
2023-05-25,SKU-008,Beauty,8
2023-05-26,SKU-008,Beauty,4
2023-05-27,SKU-008,Beauty,5
2023-05-28,SKU-008,Beauty,5
2023-05-29,SKU-008,Beauty,6
2023-05-30,SKU-008,Beauty,5
2023-05-31,SKU-008,Beauty,5
2023-06-01,SKU-008,Beauty,5
2023-06-02,SKU-008,Beauty,4
2023-06-03,SKU-008,Beauty,8
2023-06-04,SKU-008,Beauty,4
2023-06-05,SKU-008,Beauty,5
2023-06-06,SKU-008,Beauty,5
2023-06-07,SKU-008,Beauty,6
2023-06-08,SKU-008,Beauty,5
2023-06-09,SKU-008,Beauty,5
2023-06-10,SKU-008,Beauty,4
2023-06-11,SKU-008,Beauty,4
2023-06-12,SKU-008,Beauty,4
2023-06-13,SKU-008,Beauty,6
2023-06-14,SKU-008,Beauty,7
2023-06-15,SKU-008,Beauty,5
2023-06-16,SKU-008,Beauty,5
2023-06-17,SKU-008,Beauty,5
2023-06-18,SKU-008,Beauty,6
2023-06-19,SKU-008,Beauty,6
2023-06-20,SKU-008,Beauty,6
2023-06-21,SKU-008,Beauty,8
2023-06-22,SKU-008,Beauty,5
2023-06-23,SKU-008,Beauty,6
2023-06-24,SKU-008,Beauty,4
2023-06-25,SKU-008,Beauty,5
2023-06-26,SKU-008,Beauty,7
2023-06-27,SKU-008,Beauty,7
2023-06-28,SKU-008,Beauty,7
2023-06-29,SKU-008,Beauty,5
2023-06-30,SKU-008,Beauty,5
2023-07-01,SKU-008,Beauty,5
2023-07-02,SKU-008,Beauty,6
2023-07-03,SKU-008,Beauty,5
2023-07-04,SKU-008,Beauty,5
2023-07-05,SKU-008,Beauty,5
2023-07-06,SKU-008,Beauty,5
2023-07-07,SKU-008,Beauty,5
2023-07-08,SKU-008,Beauty,5
2023-07-09,SKU-008,Beauty,7
2023-07-10,SKU-008,Beauty,6
2023-07-11,SKU-008,Beauty,7
2023-07-12,SKU-008,Beauty,9
2023-07-13,SKU-008,Beauty,5
2023-07-14,SKU-008,Beauty,6
2023-07-15,SKU-008,Beauty,4
2023-07-16,SKU-008,Beauty,5
2023-07-17,SKU-008,Beauty,5
2023-07-18,SKU-008,Beauty,6
2023-07-19,SKU-008,Beauty,6
2023-07-20,SKU-008,Beauty,6
2023-07-21,SKU-008,Beauty,6
2023-07-22,SKU-008,Beauty,5
2023-07-23,SKU-008,Beauty,4
2023-07-24,SKU-008,Beauty,7
2023-07-25,SKU-008,Beauty,7
2023-07-26,SKU-008,Beauty,7
2023-07-27,SKU-008,Beauty,6
2023-07-28,SKU-008,Beauty,5
2023-07-29,SKU-008,Beauty,5
2023-07-30,SKU-008,Beauty,6
2023-07-31,SKU-008,Beauty,8
2023-08-01,SKU-008,Beauty,6
2023-08-02,SKU-008,Beauty,5
2023-08-03,SKU-008,Beauty,6
2023-08-04,SKU-008,Beauty,5
2023-08-05,SKU-008,Beauty,5
2023-08-06,SKU-008,Beauty,5
2023-08-07,SKU-008,Beauty,6
2023-08-08,SKU-008,Beauty,5
2023-08-09,SKU-008,Beauty,7
2023-08-10,SKU-008,Beauty,5
2023-08-11,SKU-008,Beauty,5
2023-08-12,SKU-008,Beauty,5
2023-08-13,SKU-008,Beauty,6
2023-08-14,SKU-008,Beauty,5
2023-08-15,SKU-008,Beauty,5
2023-08-16,SKU-008,Beauty,6
2023-08-17,SKU-008,Beauty,5
2023-08-18,SKU-008,Beauty,5
2023-08-19,SKU-008,Beauty,5
2023-08-20,SKU-008,Beauty,8
2023-08-21,SKU-008,Beauty,5
2023-08-22,SKU-008,Beauty,7
2023-08-23,SKU-008,Beauty,5
2023-08-24,SKU-008,Beauty,5
2023-08-25,SKU-008,Beauty,5
2023-08-26,SKU-008,Beauty,6
2023-08-27,SKU-008,Beauty,5
2023-08-28,SKU-008,Beauty,7
2023-08-29,SKU-008,Beauty,7
2023-08-30,SKU-008,Beauty,6
2023-08-31,SKU-008,Beauty,6
2023-09-01,SKU-008,Beauty,5
2023-09-02,SKU-008,Beauty,5
2023-09-03,SKU-008,Beauty,6
2023-09-04,SKU-008,Beauty,5
2023-09-05,SKU-008,Beauty,8
2023-09-06,SKU-008,Beauty,7
2023-09-07,SKU-008,Beauty,5
2023-09-08,SKU-008,Beauty,6
2023-09-09,SKU-008,Beauty,5
2023-09-10,SKU-008,Beauty,4
2023-09-11,SKU-008,Beauty,6
2023-09-12,SKU-008,Beauty,7
2023-09-13,SKU-008,Beauty,6
2023-09-14,SKU-008,Beauty,7
2023-09-15,SKU-008,Beauty,6
2023-09-16,SKU-008,Beauty,5
2023-09-17,SKU-008,Beauty,7
2023-09-18,SKU-008,Beauty,8
2023-09-19,SKU-008,Beauty,6
2023-09-20,SKU-008,Beauty,7
2023-09-21,SKU-008,Beauty,8
2023-09-22,SKU-008,Beauty,6
2023-09-23,SKU-008,Beauty,5
2023-09-24,SKU-008,Beauty,5
2023-09-25,SKU-008,Beauty,8
2023-09-26,SKU-008,Beauty,7
2023-09-27,SKU-008,Beauty,10
2023-09-28,SKU-008,Beauty,8
2023-09-29,SKU-008,Beauty,6
2023-09-30,SKU-008,Beauty,5
2023-10-01,SKU-008,Beauty,5
2023-10-02,SKU-008,Beauty,7
2023-10-03,SKU-008,Beauty,7
2023-10-04,SKU-008,Beauty,6
2023-10-05,SKU-008,Beauty,8
2023-10-06,SKU-008,Beauty,6
2023-10-07,SKU-008,Beauty,5
2023-10-08,SKU-008,Beauty,6
2023-10-09,SKU-008,Beauty,8
2023-10-10,SKU-008,Beauty,6
2023-10-11,SKU-008,Beauty,9
2023-10-12,SKU-008,Beauty,7
2023-10-13,SKU-008,Beauty,5
2023-10-14,SKU-008,Beauty,6
2023-10-15,SKU-008,Beauty,6
2023-10-16,SKU-008,Beauty,6
2023-10-17,SKU-008,Beauty,10
2023-10-18,SKU-008,Beauty,6
2023-10-19,SKU-008,Beauty,7
2023-10-20,SKU-008,Beauty,5
2023-10-21,SKU-008,Beauty,5
2023-10-22,SKU-008,Beauty,5
2023-10-23,SKU-008,Beauty,5
2023-10-24,SKU-008,Beauty,8
2023-10-25,SKU-008,Beauty,8
2023-10-26,SKU-008,Beauty,7
2023-10-27,SKU-008,Beauty,6
2023-10-28,SKU-008,Beauty,5
2023-10-29,SKU-008,Beauty,5
2023-10-30,SKU-008,Beauty,8
2023-10-31,SKU-008,Beauty,6
2023-11-01,SKU-008,Beauty,8
2023-11-02,SKU-008,Beauty,6
2023-11-03,SKU-008,Beauty,5
2023-11-04,SKU-008,Beauty,5
2023-11-05,SKU-008,Beauty,6
2023-11-06,SKU-008,Beauty,7
2023-11-07,SKU-008,Beauty,9
2023-11-08,SKU-008,Beauty,8
2023-11-09,SKU-008,Beauty,8
2023-11-10,SKU-008,Beauty,6
2023-11-11,SKU-008,Beauty,5
2023-11-12,SKU-008,Beauty,6
2023-11-13,SKU-008,Beauty,6
2023-11-14,SKU-008,Beauty,6
2023-11-15,SKU-008,Beauty,8
2023-11-16,SKU-008,Beauty,8
2023-11-17,SKU-008,Beauty,8
2023-11-18,SKU-008,Beauty,9
2023-11-19,SKU-008,Beauty,5
2023-11-20,SKU-008,Beauty,6
2023-11-21,SKU-008,Beauty,11
2023-11-22,SKU-008,Beauty,8
2023-11-23,SKU-008,Beauty,8
2023-11-24,SKU-008,Beauty,7
2023-11-25,SKU-008,Beauty,5
2023-11-26,SKU-008,Beauty,5
2023-11-27,SKU-008,Beauty,6
2023-11-28,SKU-008,Beauty,10
2023-11-29,SKU-008,Beauty,10
2023-11-30,SKU-008,Beauty,6
2023-12-01,SKU-008,Beauty,6
2023-12-02,SKU-008,Beauty,7
2023-12-03,SKU-008,Beauty,9
2023-12-04,SKU-008,Beauty,6
2023-12-05,SKU-008,Beauty,7
2023-12-06,SKU-008,Beauty,12
2023-12-07,SKU-008,Beauty,10
2023-12-08,SKU-008,Beauty,9
2023-12-09,SKU-008,Beauty,10
2023-12-10,SKU-008,Beauty,7
2023-12-11,SKU-008,Beauty,6
2023-12-12,SKU-008,Beauty,10
2023-12-13,SKU-008,Beauty,9
2023-12-14,SKU-008,Beauty,7
2023-12-15,SKU-008,Beauty,6
2023-12-16,SKU-008,Beauty,7
2023-12-17,SKU-008,Beauty,6
2023-12-18,SKU-008,Beauty,11
2023-12-19,SKU-008,Beauty,7
2023-12-20,SKU-008,Beauty,11
2023-12-21,SKU-008,Beauty,7
2023-12-22,SKU-008,Beauty,6
2023-12-23,SKU-008,Beauty,6
2023-12-24,SKU-008,Beauty,8
2023-12-25,SKU-008,Beauty,8
2023-12-26,SKU-008,Beauty,11
2023-12-27,SKU-008,Beauty,9
2023-12-28,SKU-008,Beauty,7
2023-12-29,SKU-008,Beauty,12
2023-12-30,SKU-008,Beauty,6
2023-12-31,SKU-008,Beauty,7
2024-01-01,SKU-008,Beauty,7
2024-01-02,SKU-008,Beauty,7
2024-01-03,SKU-008,Beauty,9
2024-01-04,SKU-008,Beauty,7
2024-01-05,SKU-008,Beauty,7
2024-01-06,SKU-008,Beauty,6
2024-01-07,SKU-008,Beauty,8
2024-01-08,SKU-008,Beauty,10
2024-01-09,SKU-008,Beauty,13
2024-01-10,SKU-008,Beauty,11
2024-01-11,SKU-008,Beauty,11
2024-01-12,SKU-008,Beauty,7
2024-01-13,SKU-008,Beauty,9
2024-01-14,SKU-008,Beauty,6
2024-01-15,SKU-008,Beauty,7
2024-01-16,SKU-008,Beauty,10
2024-01-17,SKU-008,Beauty,8
2024-01-18,SKU-008,Beauty,11
2024-01-19,SKU-008,Beauty,7
2024-01-20,SKU-008,Beauty,8
2024-01-21,SKU-008,Beauty,7
2024-01-22,SKU-008,Beauty,9
2024-01-23,SKU-008,Beauty,11
2024-01-24,SKU-008,Beauty,8
2024-01-25,SKU-008,Beauty,7
2024-01-26,SKU-008,Beauty,10
2024-01-27,SKU-008,Beauty,9
2024-01-28,SKU-008,Beauty,8
2024-01-29,SKU-008,Beauty,7
2024-01-30,SKU-008,Beauty,10
2024-01-31,SKU-008,Beauty,12
2024-02-01,SKU-008,Beauty,8
2024-02-02,SKU-008,Beauty,10
2024-02-03,SKU-008,Beauty,10
2024-02-04,SKU-008,Beauty,7
2024-02-05,SKU-008,Beauty,7
2024-02-06,SKU-008,Beauty,8
2024-02-07,SKU-008,Beauty,12
2024-02-08,SKU-008,Beauty,7
2024-02-09,SKU-008,Beauty,9
2024-02-10,SKU-008,Beauty,7
2024-02-11,SKU-008,Beauty,7
2024-02-12,SKU-008,Beauty,7
2024-02-13,SKU-008,Beauty,8
2024-02-14,SKU-008,Beauty,10
2024-02-15,SKU-008,Beauty,10
2024-02-16,SKU-008,Beauty,7
2024-02-17,SKU-008,Beauty,6
2024-02-18,SKU-008,Beauty,7
2024-02-19,SKU-008,Beauty,9
2024-02-20,SKU-008,Beauty,8
2024-02-21,SKU-008,Beauty,11
2024-02-22,SKU-008,Beauty,8
2024-02-23,SKU-008,Beauty,9
2024-02-24,SKU-008,Beauty,7
2024-02-25,SKU-008,Beauty,7
2024-02-26,SKU-008,Beauty,10
2024-02-27,SKU-008,Beauty,12
2024-02-28,SKU-008,Beauty,10
2024-02-29,SKU-008,Beauty,10
2024-03-01,SKU-008,Beauty,9
2024-03-02,SKU-008,Beauty,8
2024-03-03,SKU-008,Beauty,10
2024-03-04,SKU-008,Beauty,9
2024-03-05,SKU-008,Beauty,8
2024-03-06,SKU-008,Beauty,13
2024-03-07,SKU-008,Beauty,12
2024-03-08,SKU-008,Beauty,11
2024-03-09,SKU-008,Beauty,10
2024-03-10,SKU-008,Beauty,7
2024-03-11,SKU-008,Beauty,8
2024-03-12,SKU-008,Beauty,8
2024-03-13,SKU-008,Beauty,9
2024-03-14,SKU-008,Beauty,10
2024-03-15,SKU-008,Beauty,9
2024-03-16,SKU-008,Beauty,9
2024-03-17,SKU-008,Beauty,7
2024-03-18,SKU-008,Beauty,8
2024-03-19,SKU-008,Beauty,8
2024-03-20,SKU-008,Beauty,9
2024-03-21,SKU-008,Beauty,11
2024-03-22,SKU-008,Beauty,10
2024-03-23,SKU-008,Beauty,7
2024-03-24,SKU-008,Beauty,7
2024-03-25,SKU-008,Beauty,8
2024-03-26,SKU-008,Beauty,10
2024-03-27,SKU-008,Beauty,14
2024-03-28,SKU-008,Beauty,13
2024-03-29,SKU-008,Beauty,8
2024-03-30,SKU-008,Beauty,7
2024-03-31,SKU-008,Beauty,7
2024-04-01,SKU-008,Beauty,8
2024-04-02,SKU-008,Beauty,9
2024-04-03,SKU-008,Beauty,9
2024-04-04,SKU-008,Beauty,9
2024-04-05,SKU-008,Beauty,11
2024-04-06,SKU-008,Beauty,9
2024-04-07,SKU-008,Beauty,10
2024-04-08,SKU-008,Beauty,10
2024-04-09,SKU-008,Beauty,11
2024-04-10,SKU-008,Beauty,11
2024-04-11,SKU-008,Beauty,13
2024-04-12,SKU-008,Beauty,8
2024-04-13,SKU-008,Beauty,11
2024-04-14,SKU-008,Beauty,8
2024-04-15,SKU-008,Beauty,10
2024-04-16,SKU-008,Beauty,11
2024-04-17,SKU-008,Beauty,9
2024-04-18,SKU-008,Beauty,11
2024-04-19,SKU-008,Beauty,9
2024-04-20,SKU-008,Beauty,7
2024-04-21,SKU-008,Beauty,13
2024-04-22,SKU-008,Beauty,8
2024-04-23,SKU-008,Beauty,11
2024-04-24,SKU-008,Beauty,9
2024-04-25,SKU-008,Beauty,8
2024-04-26,SKU-008,Beauty,13
2024-04-27,SKU-008,Beauty,9
2024-04-28,SKU-008,Beauty,7
2024-04-29,SKU-008,Beauty,8
2024-04-30,SKU-008,Beauty,10
2024-05-01,SKU-008,Beauty,10
2024-05-02,SKU-008,Beauty,9
2024-05-03,SKU-008,Beauty,10
2024-05-04,SKU-008,Beauty,10
2024-05-05,SKU-008,Beauty,9
2024-05-06,SKU-008,Beauty,10
2024-05-07,SKU-008,Beauty,9
2024-05-08,SKU-008,Beauty,10
2024-05-09,SKU-008,Beauty,9
2024-05-10,SKU-008,Beauty,8
2024-05-11,SKU-008,Beauty,9
2024-05-12,SKU-008,Beauty,11
2024-05-13,SKU-008,Beauty,9
2024-05-14,SKU-008,Beauty,12
2024-05-15,SKU-008,Beauty,9
2024-05-16,SKU-008,Beauty,11
2024-05-17,SKU-008,Beauty,8
2024-05-18,SKU-008,Beauty,9
2024-05-19,SKU-008,Beauty,8
2024-05-20,SKU-008,Beauty,13
2024-05-21,SKU-008,Beauty,14
2024-05-22,SKU-008,Beauty,12
2024-05-23,SKU-008,Beauty,11
2024-05-24,SKU-008,Beauty,10
2024-05-25,SKU-008,Beauty,8
2024-05-26,SKU-008,Beauty,15
2024-05-27,SKU-008,Beauty,11
2024-05-28,SKU-008,Beauty,10
2024-05-29,SKU-008,Beauty,10
2024-05-30,SKU-008,Beauty,13
2024-05-31,SKU-008,Beauty,9
2024-06-01,SKU-008,Beauty,11
2024-06-02,SKU-008,Beauty,10
2024-06-03,SKU-008,Beauty,8
2024-06-04,SKU-008,Beauty,13
2024-06-05,SKU-008,Beauty,10
2024-06-06,SKU-008,Beauty,11
2024-06-07,SKU-008,Beauty,12
2024-06-08,SKU-008,Beauty,9
2024-06-09,SKU-008,Beauty,10
2024-06-10,SKU-008,Beauty,10
2024-06-11,SKU-008,Beauty,11
2024-06-12,SKU-008,Beauty,12
2024-06-13,SKU-008,Beauty,14
2024-06-14,SKU-008,Beauty,10
2024-06-15,SKU-008,Beauty,9
2024-06-16,SKU-008,Beauty,8
2024-06-17,SKU-008,Beauty,10
2024-06-18,SKU-008,Beauty,16
2024-06-19,SKU-008,Beauty,14
2024-06-20,SKU-008,Beauty,14
2024-06-21,SKU-008,Beauty,10
2024-06-22,SKU-008,Beauty,13
2024-06-23,SKU-008,Beauty,8
2024-06-24,SKU-008,Beauty,9
2024-06-25,SKU-008,Beauty,10
2024-06-26,SKU-008,Beauty,9
2024-06-27,SKU-008,Beauty,9
2024-06-28,SKU-008,Beauty,8
2024-06-29,SKU-008,Beauty,10
2024-06-30,SKU-008,Beauty,8
2024-07-01,SKU-008,Beauty,8
2024-07-02,SKU-008,Beauty,10
2024-07-03,SKU-008,Beauty,12
2024-07-04,SKU-008,Beauty,13
2024-07-05,SKU-008,Beauty,10
2024-07-06,SKU-008,Beauty,14
2024-07-07,SKU-008,Beauty,10
2024-07-08,SKU-008,Beauty,11
2024-07-09,SKU-008,Beauty,12
2024-07-10,SKU-008,Beauty,12
2024-07-11,SKU-008,Beauty,11
2024-07-12,SKU-008,Beauty,11
2024-07-13,SKU-008,Beauty,8
2024-07-14,SKU-008,Beauty,10
2024-07-15,SKU-008,Beauty,9
2024-07-16,SKU-008,Beauty,10
2024-07-17,SKU-008,Beauty,10
2024-07-18,SKU-008,Beauty,11
2024-07-19,SKU-008,Beauty,8
2024-07-20,SKU-008,Beauty,8
2024-07-21,SKU-008,Beauty,10
2024-07-22,SKU-008,Beauty,8
2024-07-23,SKU-008,Beauty,12
2024-07-24,SKU-008,Beauty,12
2024-07-25,SKU-008,Beauty,14
2024-07-26,SKU-008,Beauty,8
2024-07-27,SKU-008,Beauty,7
2024-07-28,SKU-008,Beauty,10
2024-07-29,SKU-008,Beauty,9
2024-07-30,SKU-008,Beauty,10
2024-07-31,SKU-008,Beauty,12
2024-08-01,SKU-008,Beauty,12
2024-08-02,SKU-008,Beauty,10
2024-08-03,SKU-008,Beauty,11
2024-08-04,SKU-008,Beauty,10
2024-08-05,SKU-008,Beauty,9
2024-08-06,SKU-008,Beauty,14
2024-08-07,SKU-008,Beauty,10
2024-08-08,SKU-008,Beauty,13
2024-08-09,SKU-008,Beauty,8
2024-08-10,SKU-008,Beauty,13
2024-08-11,SKU-008,Beauty,14
2024-08-12,SKU-008,Beauty,9
2024-08-13,SKU-008,Beauty,9
2024-08-14,SKU-008,Beauty,10
2024-08-15,SKU-008,Beauty,9
2024-08-16,SKU-008,Beauty,8
2024-08-17,SKU-008,Beauty,8
2024-08-18,SKU-008,Beauty,8
2024-08-19,SKU-008,Beauty,12
2024-08-20,SKU-008,Beauty,17
2024-08-21,SKU-008,Beauty,12
2024-08-22,SKU-008,Beauty,14
2024-08-23,SKU-008,Beauty,10
2024-08-24,SKU-008,Beauty,8
2024-08-25,SKU-008,Beauty,10
2024-08-26,SKU-008,Beauty,9
2024-08-27,SKU-008,Beauty,12
2024-08-28,SKU-008,Beauty,12
2024-08-29,SKU-008,Beauty,16
2024-08-30,SKU-008,Beauty,8
2024-08-31,SKU-008,Beauty,10
2024-09-01,SKU-008,Beauty,10
2024-09-02,SKU-008,Beauty,10
2024-09-03,SKU-008,Beauty,10
2024-09-04,SKU-008,Beauty,15
2024-09-05,SKU-008,Beauty,9
2024-09-06,SKU-008,Beauty,13
2024-09-07,SKU-008,Beauty,8
2024-09-08,SKU-008,Beauty,10
2024-09-09,SKU-008,Beauty,9
2024-09-10,SKU-008,Beauty,12
2024-09-11,SKU-008,Beauty,12
2024-09-12,SKU-008,Beauty,11
2024-09-13,SKU-008,Beauty,9
2024-09-14,SKU-008,Beauty,11
2024-09-15,SKU-008,Beauty,12
2024-09-16,SKU-008,Beauty,11
2024-09-17,SKU-008,Beauty,12
2024-09-18,SKU-008,Beauty,13
2024-09-19,SKU-008,Beauty,9
2024-09-20,SKU-008,Beauty,8
2024-09-21,SKU-008,Beauty,11
2024-09-22,SKU-008,Beauty,8
2024-09-23,SKU-008,Beauty,10
2024-09-24,SKU-008,Beauty,12
2024-09-25,SKU-008,Beauty,12
2024-09-26,SKU-008,Beauty,14
2024-09-27,SKU-008,Beauty,9
2024-09-28,SKU-008,Beauty,10
2024-09-29,SKU-008,Beauty,10
2024-09-30,SKU-008,Beauty,9
2024-10-01,SKU-008,Beauty,10
2024-10-02,SKU-008,Beauty,10
2024-10-03,SKU-008,Beauty,10
2024-10-04,SKU-008,Beauty,13
2024-10-05,SKU-008,Beauty,13
2024-10-06,SKU-008,Beauty,8
2024-10-07,SKU-008,Beauty,9
2024-10-08,SKU-008,Beauty,10
2024-10-09,SKU-008,Beauty,13
2024-10-10,SKU-008,Beauty,11
2024-10-11,SKU-008,Beauty,8
2024-10-12,SKU-008,Beauty,12
2024-10-13,SKU-008,Beauty,8
2024-10-14,SKU-008,Beauty,9
2024-10-15,SKU-008,Beauty,10
2024-10-16,SKU-008,Beauty,15
2024-10-17,SKU-008,Beauty,12
2024-10-18,SKU-008,Beauty,11
2024-10-19,SKU-008,Beauty,9
2024-10-20,SKU-008,Beauty,12
2024-10-21,SKU-008,Beauty,11
2024-10-22,SKU-008,Beauty,15
2024-10-23,SKU-008,Beauty,11
2024-10-24,SKU-008,Beauty,10
2024-10-25,SKU-008,Beauty,11
2024-10-26,SKU-008,Beauty,14
2024-10-27,SKU-008,Beauty,9
2024-10-28,SKU-008,Beauty,10
2024-10-29,SKU-008,Beauty,10
2024-10-30,SKU-008,Beauty,10
2024-10-31,SKU-008,Beauty,12
2024-11-01,SKU-008,Beauty,11
2024-11-02,SKU-008,Beauty,9
2024-11-03,SKU-008,Beauty,11
2024-11-04,SKU-008,Beauty,12
2024-11-05,SKU-008,Beauty,15
2024-11-06,SKU-008,Beauty,16
2024-11-07,SKU-008,Beauty,15
2024-11-08,SKU-008,Beauty,11
2024-11-09,SKU-008,Beauty,10
2024-11-10,SKU-008,Beauty,13
2024-11-11,SKU-008,Beauty,9
2024-11-12,SKU-008,Beauty,11
2024-11-13,SKU-008,Beauty,13
2024-11-14,SKU-008,Beauty,10
2024-11-15,SKU-008,Beauty,9
2024-11-16,SKU-008,Beauty,10
2024-11-17,SKU-008,Beauty,9
2024-11-18,SKU-008,Beauty,12
2024-11-19,SKU-008,Beauty,11
2024-11-20,SKU-008,Beauty,13
2024-11-21,SKU-008,Beauty,10
2024-11-22,SKU-008,Beauty,12
2024-11-23,SKU-008,Beauty,9
2024-11-24,SKU-008,Beauty,13
2024-11-25,SKU-008,Beauty,12
2024-11-26,SKU-008,Beauty,10
2024-11-27,SKU-008,Beauty,13
2024-11-28,SKU-008,Beauty,15
2024-11-29,SKU-008,Beauty,12
2024-11-30,SKU-008,Beauty,15
2024-12-01,SKU-008,Beauty,11
2024-12-02,SKU-008,Beauty,11
2024-12-03,SKU-008,Beauty,11
2024-12-04,SKU-008,Beauty,11
2024-12-05,SKU-008,Beauty,18
2024-12-06,SKU-008,Beauty,10
2024-12-07,SKU-008,Beauty,9
2024-12-08,SKU-008,Beauty,11
2024-12-09,SKU-008,Beauty,11
2024-12-10,SKU-008,Beauty,17
2024-12-11,SKU-008,Beauty,17
2024-12-12,SKU-008,Beauty,10
2024-12-13,SKU-008,Beauty,12
2024-12-14,SKU-008,Beauty,10
2024-12-15,SKU-008,Beauty,11
2024-12-16,SKU-008,Beauty,11
2024-12-17,SKU-008,Beauty,14
2024-12-18,SKU-008,Beauty,12
2024-12-19,SKU-008,Beauty,13
2024-12-20,SKU-008,Beauty,11
2024-12-21,SKU-008,Beauty,12
2024-12-22,SKU-008,Beauty,9
2024-12-23,SKU-008,Beauty,13
2024-12-24,SKU-008,Beauty,16
2024-12-25,SKU-008,Beauty,14
2024-12-26,SKU-008,Beauty,11
2024-12-27,SKU-008,Beauty,15
2024-12-28,SKU-008,Beauty,11
2024-12-29,SKU-008,Beauty,14
2023-01-02,SKU-009,Fashion,4
2023-01-03,SKU-009,Fashion,3
2023-01-04,SKU-009,Fashion,4
2023-01-05,SKU-009,Fashion,4
2023-01-06,SKU-009,Fashion,4
2023-01-07,SKU-009,Fashion,3
2023-01-08,SKU-009,Fashion,4
2023-01-09,SKU-009,Fashion,4
2023-01-10,SKU-009,Fashion,3
2023-01-11,SKU-009,Fashion,5
2023-01-12,SKU-009,Fashion,3
2023-01-13,SKU-009,Fashion,4
2023-01-14,SKU-009,Fashion,3
2023-01-15,SKU-009,Fashion,3
2023-01-16,SKU-009,Fashion,5
2023-01-17,SKU-009,Fashion,4
2023-01-18,SKU-009,Fashion,6
2023-01-19,SKU-009,Fashion,5
2023-01-20,SKU-009,Fashion,3
2023-01-21,SKU-009,Fashion,3
2023-01-22,SKU-009,Fashion,5
2023-01-23,SKU-009,Fashion,5
2023-01-24,SKU-009,Fashion,5
2023-01-25,SKU-009,Fashion,4
2023-01-26,SKU-009,Fashion,5
2023-01-27,SKU-009,Fashion,3
2023-01-28,SKU-009,Fashion,5
2023-01-29,SKU-009,Fashion,3
2023-01-30,SKU-009,Fashion,4
2023-01-31,SKU-009,Fashion,5
2023-02-01,SKU-009,Fashion,4
2023-02-02,SKU-009,Fashion,5
2023-02-03,SKU-009,Fashion,6
2023-02-04,SKU-009,Fashion,5
2023-02-05,SKU-009,Fashion,5
2023-02-06,SKU-009,Fashion,4
2023-02-07,SKU-009,Fashion,4
2023-02-08,SKU-009,Fashion,6
2023-02-09,SKU-009,Fashion,4
2023-02-10,SKU-009,Fashion,3
2023-02-11,SKU-009,Fashion,3
2023-02-12,SKU-009,Fashion,3
2023-02-13,SKU-009,Fashion,4
2023-02-14,SKU-009,Fashion,4
2023-02-15,SKU-009,Fashion,4
2023-02-16,SKU-009,Fashion,4
2023-02-17,SKU-009,Fashion,4
2023-02-18,SKU-009,Fashion,4
2023-02-19,SKU-009,Fashion,4
2023-02-20,SKU-009,Fashion,4
2023-02-21,SKU-009,Fashion,6
2023-02-22,SKU-009,Fashion,4
2023-02-23,SKU-009,Fashion,4
2023-02-24,SKU-009,Fashion,4
2023-02-25,SKU-009,Fashion,4
2023-02-26,SKU-009,Fashion,5
2023-02-27,SKU-009,Fashion,5
2023-02-28,SKU-009,Fashion,5
2023-03-01,SKU-009,Fashion,6
2023-03-02,SKU-009,Fashion,4
2023-03-03,SKU-009,Fashion,4
2023-03-04,SKU-009,Fashion,4
2023-03-05,SKU-009,Fashion,4
2023-03-06,SKU-009,Fashion,5
2023-03-07,SKU-009,Fashion,5
2023-03-08,SKU-009,Fashion,6
2023-03-09,SKU-009,Fashion,4
2023-03-10,SKU-009,Fashion,4
2023-03-11,SKU-009,Fashion,4
2023-03-12,SKU-009,Fashion,4
2023-03-13,SKU-009,Fashion,7
2023-03-14,SKU-009,Fashion,5
2023-03-15,SKU-009,Fashion,6
2023-03-16,SKU-009,Fashion,5
2023-03-17,SKU-009,Fashion,5
2023-03-18,SKU-009,Fashion,4
2023-03-19,SKU-009,Fashion,4
2023-03-20,SKU-009,Fashion,5
2023-03-21,SKU-009,Fashion,5
2023-03-22,SKU-009,Fashion,6
2023-03-23,SKU-009,Fashion,5
2023-03-24,SKU-009,Fashion,5
2023-03-25,SKU-009,Fashion,4
2023-03-26,SKU-009,Fashion,4
2023-03-27,SKU-009,Fashion,6
2023-03-28,SKU-009,Fashion,5
2023-03-29,SKU-009,Fashion,6
2023-03-30,SKU-009,Fashion,9
2023-03-31,SKU-009,Fashion,5
2023-04-01,SKU-009,Fashion,4
2023-04-02,SKU-009,Fashion,5
2023-04-03,SKU-009,Fashion,8
2023-04-04,SKU-009,Fashion,5
2023-04-05,SKU-009,Fashion,6
2023-04-06,SKU-009,Fashion,8
2023-04-07,SKU-009,Fashion,5
2023-04-08,SKU-009,Fashion,4
2023-04-09,SKU-009,Fashion,4
2023-04-10,SKU-009,Fashion,5
2023-04-11,SKU-009,Fashion,5
2023-04-12,SKU-009,Fashion,5
2023-04-13,SKU-009,Fashion,5
2023-04-14,SKU-009,Fashion,5
2023-04-15,SKU-009,Fashion,4
2023-04-16,SKU-009,Fashion,6
2023-04-17,SKU-009,Fashion,7
2023-04-18,SKU-009,Fashion,6
2023-04-19,SKU-009,Fashion,5
2023-04-20,SKU-009,Fashion,7
2023-04-21,SKU-009,Fashion,5
2023-04-22,SKU-009,Fashion,6
2023-04-23,SKU-009,Fashion,6
2023-04-24,SKU-009,Fashion,6
2023-04-25,SKU-009,Fashion,6
2023-04-26,SKU-009,Fashion,7
2023-04-27,SKU-009,Fashion,6
2023-04-28,SKU-009,Fashion,6
2023-04-29,SKU-009,Fashion,5
2023-04-30,SKU-009,Fashion,5
2023-05-01,SKU-009,Fashion,5
2023-05-02,SKU-009,Fashion,7
2023-05-03,SKU-009,Fashion,6
2023-05-04,SKU-009,Fashion,6
2023-05-05,SKU-009,Fashion,7
2023-05-06,SKU-009,Fashion,4
2023-05-07,SKU-009,Fashion,4
2023-05-08,SKU-009,Fashion,7
2023-05-09,SKU-009,Fashion,8
2023-05-10,SKU-009,Fashion,6
2023-05-11,SKU-009,Fashion,7
2023-05-12,SKU-009,Fashion,5
2023-05-13,SKU-009,Fashion,5
2023-05-14,SKU-009,Fashion,5
2023-05-15,SKU-009,Fashion,5
2023-05-16,SKU-009,Fashion,6
2023-05-17,SKU-009,Fashion,7
2023-05-18,SKU-009,Fashion,8
2023-05-19,SKU-009,Fashion,9
2023-05-20,SKU-009,Fashion,6
2023-05-21,SKU-009,Fashion,6
2023-05-22,SKU-009,Fashion,5
2023-05-23,SKU-009,Fashion,7
2023-05-24,SKU-009,Fashion,6
2023-05-25,SKU-009,Fashion,10
2023-05-26,SKU-009,Fashion,5
2023-05-27,SKU-009,Fashion,6
2023-05-28,SKU-009,Fashion,6
2023-05-29,SKU-009,Fashion,7
2023-05-30,SKU-009,Fashion,6
2023-05-31,SKU-009,Fashion,6
2023-06-01,SKU-009,Fashion,6
2023-06-02,SKU-009,Fashion,5
2023-06-03,SKU-009,Fashion,9
2023-06-04,SKU-009,Fashion,5
2023-06-05,SKU-009,Fashion,7
2023-06-06,SKU-009,Fashion,6
2023-06-07,SKU-009,Fashion,7
2023-06-08,SKU-009,Fashion,6
2023-06-09,SKU-009,Fashion,7
2023-06-10,SKU-009,Fashion,5
2023-06-11,SKU-009,Fashion,5
2023-06-12,SKU-009,Fashion,5
2023-06-13,SKU-009,Fashion,7
2023-06-14,SKU-009,Fashion,8
2023-06-15,SKU-009,Fashion,6
2023-06-16,SKU-009,Fashion,6
2023-06-17,SKU-009,Fashion,6
2023-06-18,SKU-009,Fashion,7
2023-06-19,SKU-009,Fashion,7
2023-06-20,SKU-009,Fashion,8
2023-06-21,SKU-009,Fashion,9
2023-06-22,SKU-009,Fashion,6
2023-06-23,SKU-009,Fashion,8
2023-06-24,SKU-009,Fashion,5
2023-06-25,SKU-009,Fashion,6
2023-06-26,SKU-009,Fashion,8
2023-06-27,SKU-009,Fashion,9
2023-06-28,SKU-009,Fashion,8
2023-06-29,SKU-009,Fashion,6
2023-06-30,SKU-009,Fashion,5
2023-07-01,SKU-009,Fashion,6
2023-07-02,SKU-009,Fashion,8
2023-07-03,SKU-009,Fashion,6
2023-07-04,SKU-009,Fashion,6
2023-07-05,SKU-009,Fashion,6
2023-07-06,SKU-009,Fashion,6
2023-07-07,SKU-009,Fashion,5
2023-07-08,SKU-009,Fashion,6
2023-07-09,SKU-009,Fashion,8
2023-07-10,SKU-009,Fashion,7
2023-07-11,SKU-009,Fashion,9
2023-07-12,SKU-009,Fashion,11
2023-07-13,SKU-009,Fashion,6
2023-07-14,SKU-009,Fashion,7
2023-07-15,SKU-009,Fashion,5
2023-07-16,SKU-009,Fashion,7
2023-07-17,SKU-009,Fashion,6
2023-07-18,SKU-009,Fashion,8
2023-07-19,SKU-009,Fashion,7
2023-07-20,SKU-009,Fashion,7
2023-07-21,SKU-009,Fashion,7
2023-07-22,SKU-009,Fashion,6
2023-07-23,SKU-009,Fashion,5
2023-07-24,SKU-009,Fashion,8
2023-07-25,SKU-009,Fashion,7
2023-07-26,SKU-009,Fashion,8
2023-07-27,SKU-009,Fashion,7
2023-07-28,SKU-009,Fashion,5
2023-07-29,SKU-009,Fashion,6
2023-07-30,SKU-009,Fashion,6
2023-07-31,SKU-009,Fashion,10
2023-08-01,SKU-009,Fashion,8
2023-08-02,SKU-009,Fashion,7
2023-08-03,SKU-009,Fashion,7
2023-08-04,SKU-009,Fashion,6
2023-08-05,SKU-009,Fashion,5
2023-08-06,SKU-009,Fashion,7
2023-08-07,SKU-009,Fashion,8
2023-08-08,SKU-009,Fashion,7
2023-08-09,SKU-009,Fashion,8
2023-08-10,SKU-009,Fashion,6
2023-08-11,SKU-009,Fashion,6
2023-08-12,SKU-009,Fashion,6
2023-08-13,SKU-009,Fashion,7
2023-08-14,SKU-009,Fashion,6
2023-08-15,SKU-009,Fashion,6
2023-08-16,SKU-009,Fashion,7
2023-08-17,SKU-009,Fashion,6
2023-08-18,SKU-009,Fashion,6
2023-08-19,SKU-009,Fashion,7
2023-08-20,SKU-009,Fashion,9
2023-08-21,SKU-009,Fashion,6
2023-08-22,SKU-009,Fashion,8
2023-08-23,SKU-009,Fashion,7
2023-08-24,SKU-009,Fashion,7
2023-08-25,SKU-009,Fashion,6
2023-08-26,SKU-009,Fashion,7
2023-08-27,SKU-009,Fashion,6
2023-08-28,SKU-009,Fashion,9
2023-08-29,SKU-009,Fashion,9
2023-08-30,SKU-009,Fashion,7
2023-08-31,SKU-009,Fashion,8
2023-09-01,SKU-009,Fashion,6
2023-09-02,SKU-009,Fashion,6
2023-09-03,SKU-009,Fashion,7
2023-09-04,SKU-009,Fashion,6
2023-09-05,SKU-009,Fashion,10
2023-09-06,SKU-009,Fashion,8
2023-09-07,SKU-009,Fashion,7
2023-09-08,SKU-009,Fashion,7
2023-09-09,SKU-009,Fashion,6
2023-09-10,SKU-009,Fashion,5
2023-09-11,SKU-009,Fashion,7
2023-09-12,SKU-009,Fashion,8
2023-09-13,SKU-009,Fashion,7
2023-09-14,SKU-009,Fashion,8
2023-09-15,SKU-009,Fashion,8
2023-09-16,SKU-009,Fashion,6
2023-09-17,SKU-009,Fashion,9
2023-09-18,SKU-009,Fashion,9
2023-09-19,SKU-009,Fashion,7
2023-09-20,SKU-009,Fashion,9
2023-09-21,SKU-009,Fashion,10
2023-09-22,SKU-009,Fashion,7
2023-09-23,SKU-009,Fashion,6
2023-09-24,SKU-009,Fashion,6
2023-09-25,SKU-009,Fashion,9
2023-09-26,SKU-009,Fashion,9
2023-09-27,SKU-009,Fashion,12
2023-09-28,SKU-009,Fashion,10
2023-09-29,SKU-009,Fashion,8
2023-09-30,SKU-009,Fashion,6
2023-10-01,SKU-009,Fashion,6
2023-10-02,SKU-009,Fashion,8
2023-10-03,SKU-009,Fashion,9
2023-10-04,SKU-009,Fashion,7
2023-10-05,SKU-009,Fashion,10
2023-10-06,SKU-009,Fashion,8
2023-10-07,SKU-009,Fashion,6
2023-10-08,SKU-009,Fashion,7
2023-10-09,SKU-009,Fashion,9
2023-10-10,SKU-009,Fashion,7
2023-10-11,SKU-009,Fashion,11
2023-10-12,SKU-009,Fashion,9
2023-10-13,SKU-009,Fashion,6
2023-10-14,SKU-009,Fashion,7
2023-10-15,SKU-009,Fashion,8
2023-10-16,SKU-009,Fashion,6
2023-10-17,SKU-009,Fashion,13
2023-10-18,SKU-009,Fashion,7
2023-10-19,SKU-009,Fashion,9
2023-10-20,SKU-009,Fashion,6
2023-10-21,SKU-009,Fashion,6
2023-10-22,SKU-009,Fashion,6
2023-10-23,SKU-009,Fashion,7
2023-10-24,SKU-009,Fashion,9
2023-10-25,SKU-009,Fashion,9
2023-10-26,SKU-009,Fashion,9
2023-10-27,SKU-009,Fashion,8
2023-10-28,SKU-009,Fashion,6
2023-10-29,SKU-009,Fashion,6
2023-10-30,SKU-009,Fashion,10
2023-10-31,SKU-009,Fashion,8
2023-11-01,SKU-009,Fashion,10
2023-11-02,SKU-009,Fashion,7
2023-11-03,SKU-009,Fashion,6
2023-11-04,SKU-009,Fashion,6
2023-11-05,SKU-009,Fashion,8
2023-11-06,SKU-009,Fashion,9
2023-11-07,SKU-009,Fashion,11
2023-11-08,SKU-009,Fashion,10
2023-11-09,SKU-009,Fashion,9
2023-11-10,SKU-009,Fashion,7
2023-11-11,SKU-009,Fashion,6
2023-11-12,SKU-009,Fashion,8
2023-11-13,SKU-009,Fashion,7
2023-11-14,SKU-009,Fashion,8
2023-11-15,SKU-009,Fashion,10
2023-11-16,SKU-009,Fashion,9
2023-11-17,SKU-009,Fashion,10
2023-11-18,SKU-009,Fashion,11
2023-11-19,SKU-009,Fashion,7
2023-11-20,SKU-009,Fashion,7
2023-11-21,SKU-009,Fashion,13
2023-11-22,SKU-009,Fashion,10
2023-11-23,SKU-009,Fashion,10
2023-11-24,SKU-009,Fashion,9
2023-11-25,SKU-009,Fashion,6
2023-11-26,SKU-009,Fashion,7
2023-11-27,SKU-009,Fashion,7
2023-11-28,SKU-009,Fashion,12
2023-11-29,SKU-009,Fashion,12
2023-11-30,SKU-009,Fashion,8
2023-12-01,SKU-009,Fashion,7
2023-12-02,SKU-009,Fashion,8
2023-12-03,SKU-009,Fashion,11
2023-12-04,SKU-009,Fashion,8
2023-12-05,SKU-009,Fashion,8
2023-12-06,SKU-009,Fashion,14
2023-12-07,SKU-009,Fashion,11
2023-12-08,SKU-009,Fashion,11
2023-12-09,SKU-009,Fashion,11
2023-12-10,SKU-009,Fashion,9
2023-12-11,SKU-009,Fashion,8
2023-12-12,SKU-009,Fashion,12
2023-12-13,SKU-009,Fashion,11
2023-12-14,SKU-009,Fashion,8
2023-12-15,SKU-009,Fashion,7
2023-12-16,SKU-009,Fashion,8
2023-12-17,SKU-009,Fashion,7
2023-12-18,SKU-009,Fashion,13
2023-12-19,SKU-009,Fashion,9
2023-12-20,SKU-009,Fashion,13
2023-12-21,SKU-009,Fashion,8
2023-12-22,SKU-009,Fashion,8
2023-12-23,SKU-009,Fashion,7
2023-12-24,SKU-009,Fashion,9
2023-12-25,SKU-009,Fashion,10
2023-12-26,SKU-009,Fashion,12
2023-12-27,SKU-009,Fashion,12
2023-12-28,SKU-009,Fashion,8
2023-12-29,SKU-009,Fashion,15
2023-12-30,SKU-009,Fashion,7
2023-12-31,SKU-009,Fashion,9
2024-01-01,SKU-009,Fashion,8
2024-01-02,SKU-009,Fashion,9
2024-01-03,SKU-009,Fashion,12
2024-01-04,SKU-009,Fashion,8
2024-01-05,SKU-009,Fashion,9
2024-01-06,SKU-009,Fashion,7
2024-01-07,SKU-009,Fashion,9
2024-01-08,SKU-009,Fashion,12
2024-01-09,SKU-009,Fashion,15
2024-01-10,SKU-009,Fashion,14
2024-01-11,SKU-009,Fashion,13
2024-01-12,SKU-009,Fashion,8
2024-01-13,SKU-009,Fashion,11
2024-01-14,SKU-009,Fashion,7
2024-01-15,SKU-009,Fashion,9
2024-01-16,SKU-009,Fashion,12
2024-01-17,SKU-009,Fashion,9
2024-01-18,SKU-009,Fashion,14
2024-01-19,SKU-009,Fashion,8
2024-01-20,SKU-009,Fashion,9
2024-01-21,SKU-009,Fashion,8
2024-01-22,SKU-009,Fashion,10
2024-01-23,SKU-009,Fashion,14
2024-01-24,SKU-009,Fashion,10
2024-01-25,SKU-009,Fashion,9
2024-01-26,SKU-009,Fashion,12
2024-01-27,SKU-009,Fashion,11
2024-01-28,SKU-009,Fashion,9
2024-01-29,SKU-009,Fashion,9
2024-01-30,SKU-009,Fashion,11
2024-01-31,SKU-009,Fashion,14
2024-02-01,SKU-009,Fashion,10
2024-02-02,SKU-009,Fashion,13
2024-02-03,SKU-009,Fashion,11
2024-02-04,SKU-009,Fashion,8
2024-02-05,SKU-009,Fashion,9
2024-02-06,SKU-009,Fashion,10
2024-02-07,SKU-009,Fashion,15
2024-02-08,SKU-009,Fashion,9
2024-02-09,SKU-009,Fashion,11
2024-02-10,SKU-009,Fashion,8
2024-02-11,SKU-009,Fashion,8
2024-02-12,SKU-009,Fashion,9
2024-02-13,SKU-009,Fashion,10
2024-02-14,SKU-009,Fashion,12
2024-02-15,SKU-009,Fashion,11
2024-02-16,SKU-009,Fashion,9
2024-02-17,SKU-009,Fashion,8
2024-02-18,SKU-009,Fashion,8
2024-02-19,SKU-009,Fashion,11
2024-02-20,SKU-009,Fashion,10
2024-02-21,SKU-009,Fashion,13
2024-02-22,SKU-009,Fashion,10
2024-02-23,SKU-009,Fashion,11
2024-02-24,SKU-009,Fashion,9
2024-02-25,SKU-009,Fashion,9
2024-02-26,SKU-009,Fashion,11
2024-02-27,SKU-009,Fashion,15
2024-02-28,SKU-009,Fashion,13
2024-02-29,SKU-009,Fashion,12
2024-03-01,SKU-009,Fashion,11
2024-03-02,SKU-009,Fashion,11
2024-03-03,SKU-009,Fashion,12
2024-03-04,SKU-009,Fashion,12
2024-03-05,SKU-009,Fashion,11
2024-03-06,SKU-009,Fashion,16
2024-03-07,SKU-009,Fashion,15
2024-03-08,SKU-009,Fashion,13
2024-03-09,SKU-009,Fashion,13
2024-03-10,SKU-009,Fashion,8
2024-03-11,SKU-009,Fashion,9
2024-03-12,SKU-009,Fashion,10
2024-03-13,SKU-009,Fashion,11
2024-03-14,SKU-009,Fashion,13
2024-03-15,SKU-009,Fashion,11
2024-03-16,SKU-009,Fashion,11
2024-03-17,SKU-009,Fashion,9
2024-03-18,SKU-009,Fashion,10
2024-03-19,SKU-009,Fashion,11
2024-03-20,SKU-009,Fashion,11
2024-03-21,SKU-009,Fashion,13
2024-03-22,SKU-009,Fashion,12
2024-03-23,SKU-009,Fashion,9
2024-03-24,SKU-009,Fashion,9
2024-03-25,SKU-009,Fashion,10
2024-03-26,SKU-009,Fashion,13
2024-03-27,SKU-009,Fashion,16
2024-03-28,SKU-009,Fashion,15
2024-03-29,SKU-009,Fashion,10
2024-03-30,SKU-009,Fashion,9
2024-03-31,SKU-009,Fashion,9
2024-04-01,SKU-009,Fashion,10
2024-04-02,SKU-009,Fashion,11
2024-04-03,SKU-009,Fashion,11
2024-04-04,SKU-009,Fashion,11
2024-04-05,SKU-009,Fashion,14
2024-04-06,SKU-009,Fashion,11
2024-04-07,SKU-009,Fashion,11
2024-04-08,SKU-009,Fashion,12
2024-04-09,SKU-009,Fashion,14
2024-04-10,SKU-009,Fashion,14
2024-04-11,SKU-009,Fashion,15
2024-04-12,SKU-009,Fashion,10
2024-04-13,SKU-009,Fashion,14
2024-04-14,SKU-009,Fashion,9
2024-04-15,SKU-009,Fashion,13
2024-04-16,SKU-009,Fashion,13
2024-04-17,SKU-009,Fashion,12
2024-04-18,SKU-009,Fashion,13
2024-04-19,SKU-009,Fashion,12
2024-04-20,SKU-009,Fashion,9
2024-04-21,SKU-009,Fashion,15
2024-04-22,SKU-009,Fashion,10
2024-04-23,SKU-009,Fashion,13
2024-04-24,SKU-009,Fashion,12
2024-04-25,SKU-009,Fashion,11
2024-04-26,SKU-009,Fashion,16
2024-04-27,SKU-009,Fashion,11
2024-04-28,SKU-009,Fashion,9
2024-04-29,SKU-009,Fashion,11
2024-04-30,SKU-009,Fashion,11
2024-05-01,SKU-009,Fashion,12
2024-05-02,SKU-009,Fashion,11
2024-05-03,SKU-009,Fashion,12
2024-05-04,SKU-009,Fashion,11
2024-05-05,SKU-009,Fashion,12
2024-05-06,SKU-009,Fashion,13
2024-05-07,SKU-009,Fashion,12
2024-05-08,SKU-009,Fashion,12
2024-05-09,SKU-009,Fashion,11
2024-05-10,SKU-009,Fashion,10
2024-05-11,SKU-009,Fashion,11
2024-05-12,SKU-009,Fashion,14
2024-05-13,SKU-009,Fashion,10
2024-05-14,SKU-009,Fashion,14
2024-05-15,SKU-009,Fashion,12
2024-05-16,SKU-009,Fashion,13
2024-05-17,SKU-009,Fashion,10
2024-05-18,SKU-009,Fashion,11
2024-05-19,SKU-009,Fashion,10
2024-05-20,SKU-009,Fashion,16
2024-05-21,SKU-009,Fashion,17
2024-05-22,SKU-009,Fashion,15
2024-05-23,SKU-009,Fashion,13
2024-05-24,SKU-009,Fashion,12
2024-05-25,SKU-009,Fashion,9
2024-05-26,SKU-009,Fashion,18
2024-05-27,SKU-009,Fashion,13
2024-05-28,SKU-009,Fashion,12
2024-05-29,SKU-009,Fashion,12
2024-05-30,SKU-009,Fashion,16
2024-05-31,SKU-009,Fashion,10
2024-06-01,SKU-009,Fashion,13
2024-06-02,SKU-009,Fashion,12
2024-06-03,SKU-009,Fashion,11
2024-06-04,SKU-009,Fashion,17
2024-06-05,SKU-009,Fashion,12
2024-06-06,SKU-009,Fashion,14
2024-06-07,SKU-009,Fashion,15
2024-06-08,SKU-009,Fashion,12
2024-06-09,SKU-009,Fashion,12
2024-06-10,SKU-009,Fashion,13
2024-06-11,SKU-009,Fashion,15
2024-06-12,SKU-009,Fashion,14
2024-06-13,SKU-009,Fashion,16
2024-06-14,SKU-009,Fashion,13
2024-06-15,SKU-009,Fashion,11
2024-06-16,SKU-009,Fashion,10
2024-06-17,SKU-009,Fashion,14
2024-06-18,SKU-009,Fashion,19
2024-06-19,SKU-009,Fashion,17
2024-06-20,SKU-009,Fashion,16
2024-06-21,SKU-009,Fashion,13
2024-06-22,SKU-009,Fashion,17
2024-06-23,SKU-009,Fashion,10
2024-06-24,SKU-009,Fashion,11
2024-06-25,SKU-009,Fashion,12
2024-06-26,SKU-009,Fashion,12
2024-06-27,SKU-009,Fashion,11
2024-06-28,SKU-009,Fashion,10
2024-06-29,SKU-009,Fashion,12
2024-06-30,SKU-009,Fashion,10
2024-07-01,SKU-009,Fashion,11
2024-07-02,SKU-009,Fashion,12
2024-07-03,SKU-009,Fashion,15
2024-07-04,SKU-009,Fashion,17
2024-07-05,SKU-009,Fashion,12
2024-07-06,SKU-009,Fashion,17
2024-07-07,SKU-009,Fashion,12
2024-07-08,SKU-009,Fashion,13
2024-07-09,SKU-009,Fashion,15
2024-07-10,SKU-009,Fashion,15
2024-07-11,SKU-009,Fashion,15
2024-07-12,SKU-009,Fashion,12
2024-07-13,SKU-009,Fashion,9
2024-07-14,SKU-009,Fashion,12
2024-07-15,SKU-009,Fashion,11
2024-07-16,SKU-009,Fashion,12
2024-07-17,SKU-009,Fashion,12
2024-07-18,SKU-009,Fashion,13
2024-07-19,SKU-009,Fashion,10
2024-07-20,SKU-009,Fashion,10
2024-07-21,SKU-009,Fashion,11
2024-07-22,SKU-009,Fashion,11
2024-07-23,SKU-009,Fashion,14
2024-07-24,SKU-009,Fashion,15
2024-07-25,SKU-009,Fashion,16
2024-07-26,SKU-009,Fashion,10
2024-07-27,SKU-009,Fashion,10
2024-07-28,SKU-009,Fashion,12
2024-07-29,SKU-009,Fashion,11
2024-07-30,SKU-009,Fashion,11
2024-07-31,SKU-009,Fashion,15
2024-08-01,SKU-009,Fashion,14
2024-08-02,SKU-009,Fashion,13
2024-08-03,SKU-009,Fashion,14
2024-08-04,SKU-009,Fashion,12
2024-08-05,SKU-009,Fashion,11
2024-08-06,SKU-009,Fashion,17
2024-08-07,SKU-009,Fashion,12
2024-08-08,SKU-009,Fashion,16
2024-08-09,SKU-009,Fashion,10
2024-08-10,SKU-009,Fashion,16
2024-08-11,SKU-009,Fashion,17
2024-08-12,SKU-009,Fashion,10
2024-08-13,SKU-009,Fashion,12
2024-08-14,SKU-009,Fashion,12
2024-08-15,SKU-009,Fashion,11
2024-08-16,SKU-009,Fashion,10
2024-08-17,SKU-009,Fashion,10
2024-08-18,SKU-009,Fashion,10
2024-08-19,SKU-009,Fashion,16
2024-08-20,SKU-009,Fashion,20
2024-08-21,SKU-009,Fashion,15
2024-08-22,SKU-009,Fashion,17
2024-08-23,SKU-009,Fashion,13
2024-08-24,SKU-009,Fashion,9
2024-08-25,SKU-009,Fashion,12
2024-08-26,SKU-009,Fashion,11
2024-08-27,SKU-009,Fashion,15
2024-08-28,SKU-009,Fashion,15
2024-08-29,SKU-009,Fashion,19
2024-08-30,SKU-009,Fashion,10
2024-08-31,SKU-009,Fashion,11
2024-09-01,SKU-009,Fashion,12
2024-09-02,SKU-009,Fashion,13
2024-09-03,SKU-009,Fashion,12
2024-09-04,SKU-009,Fashion,18
2024-09-05,SKU-009,Fashion,11
2024-09-06,SKU-009,Fashion,15
2024-09-07,SKU-009,Fashion,10
2024-09-08,SKU-009,Fashion,12
2024-09-09,SKU-009,Fashion,10
2024-09-10,SKU-009,Fashion,15
2024-09-11,SKU-009,Fashion,15
2024-09-12,SKU-009,Fashion,15
2024-09-13,SKU-009,Fashion,11
2024-09-14,SKU-009,Fashion,14
2024-09-15,SKU-009,Fashion,14
2024-09-16,SKU-009,Fashion,14
2024-09-17,SKU-009,Fashion,14
2024-09-18,SKU-009,Fashion,15
2024-09-19,SKU-009,Fashion,12
2024-09-20,SKU-009,Fashion,11
2024-09-21,SKU-009,Fashion,14
2024-09-22,SKU-009,Fashion,10
2024-09-23,SKU-009,Fashion,13
2024-09-24,SKU-009,Fashion,15
2024-09-25,SKU-009,Fashion,15
2024-09-26,SKU-009,Fashion,18
2024-09-27,SKU-009,Fashion,10
2024-09-28,SKU-009,Fashion,12
2024-09-29,SKU-009,Fashion,12
2024-09-30,SKU-009,Fashion,11
2024-10-01,SKU-009,Fashion,12
2024-10-02,SKU-009,Fashion,13
2024-10-03,SKU-009,Fashion,11
2024-10-04,SKU-009,Fashion,16
2024-10-05,SKU-009,Fashion,17
2024-10-06,SKU-009,Fashion,10
2024-10-07,SKU-009,Fashion,12
2024-10-08,SKU-009,Fashion,12
2024-10-09,SKU-009,Fashion,16
2024-10-10,SKU-009,Fashion,15
2024-10-11,SKU-009,Fashion,11
2024-10-12,SKU-009,Fashion,14
2024-10-13,SKU-009,Fashion,10
2024-10-14,SKU-009,Fashion,12
2024-10-15,SKU-009,Fashion,13
2024-10-16,SKU-009,Fashion,19
2024-10-17,SKU-009,Fashion,15
2024-10-18,SKU-009,Fashion,14
2024-10-19,SKU-009,Fashion,10
2024-10-20,SKU-009,Fashion,14
2024-10-21,SKU-009,Fashion,14
2024-10-22,SKU-009,Fashion,18
2024-10-23,SKU-009,Fashion,13
2024-10-24,SKU-009,Fashion,13
2024-10-25,SKU-009,Fashion,14
2024-10-26,SKU-009,Fashion,17
2024-10-27,SKU-009,Fashion,11
2024-10-28,SKU-009,Fashion,12
2024-10-29,SKU-009,Fashion,13
2024-10-30,SKU-009,Fashion,13
2024-10-31,SKU-009,Fashion,16
2024-11-01,SKU-009,Fashion,14
2024-11-02,SKU-009,Fashion,10
2024-11-03,SKU-009,Fashion,13
2024-11-04,SKU-009,Fashion,15
2024-11-05,SKU-009,Fashion,19
2024-11-06,SKU-009,Fashion,19
2024-11-07,SKU-009,Fashion,18
2024-11-08,SKU-009,Fashion,14
2024-11-09,SKU-009,Fashion,13
2024-11-10,SKU-009,Fashion,16
2024-11-11,SKU-009,Fashion,12
2024-11-12,SKU-009,Fashion,13
2024-11-13,SKU-009,Fashion,16
2024-11-14,SKU-009,Fashion,13
2024-11-15,SKU-009,Fashion,12
2024-11-16,SKU-009,Fashion,13
2024-11-17,SKU-009,Fashion,11
2024-11-18,SKU-009,Fashion,15
2024-11-19,SKU-009,Fashion,14
2024-11-20,SKU-009,Fashion,16
2024-11-21,SKU-009,Fashion,13
2024-11-22,SKU-009,Fashion,14
2024-11-23,SKU-009,Fashion,11
2024-11-24,SKU-009,Fashion,17
2024-11-25,SKU-009,Fashion,15
2024-11-26,SKU-009,Fashion,12
2024-11-27,SKU-009,Fashion,17
2024-11-28,SKU-009,Fashion,19
2024-11-29,SKU-009,Fashion,14
2024-11-30,SKU-009,Fashion,18
2024-12-01,SKU-009,Fashion,14
2024-12-02,SKU-009,Fashion,13
2024-12-03,SKU-009,Fashion,14
2024-12-04,SKU-009,Fashion,14
2024-12-05,SKU-009,Fashion,22
2024-12-06,SKU-009,Fashion,12
2024-12-07,SKU-009,Fashion,11
2024-12-08,SKU-009,Fashion,14
2024-12-09,SKU-009,Fashion,13
2024-12-10,SKU-009,Fashion,21
2024-12-11,SKU-009,Fashion,21
2024-12-12,SKU-009,Fashion,13
2024-12-13,SKU-009,Fashion,15
2024-12-14,SKU-009,Fashion,11
2024-12-15,SKU-009,Fashion,15
2024-12-16,SKU-009,Fashion,13
2024-12-17,SKU-009,Fashion,17
2024-12-18,SKU-009,Fashion,15
2024-12-19,SKU-009,Fashion,16
2024-12-20,SKU-009,Fashion,14
2024-12-21,SKU-009,Fashion,14
2024-12-22,SKU-009,Fashion,12
2024-12-23,SKU-009,Fashion,16
2024-12-24,SKU-009,Fashion,20
2024-12-25,SKU-009,Fashion,18
2024-12-26,SKU-009,Fashion,14
2024-12-27,SKU-009,Fashion,18
2024-12-28,SKU-009,Fashion,14
2024-12-29,SKU-009,Fashion,18
2023-01-02,SKU-010,Home,4
2023-01-03,SKU-010,Home,4
2023-01-04,SKU-010,Home,5
2023-01-05,SKU-010,Home,4
2023-01-06,SKU-010,Home,5
2023-01-07,SKU-010,Home,3
2023-01-08,SKU-010,Home,4
2023-01-09,SKU-010,Home,5
2023-01-10,SKU-010,Home,4
2023-01-11,SKU-010,Home,5
2023-01-12,SKU-010,Home,4
2023-01-13,SKU-010,Home,5
2023-01-14,SKU-010,Home,4
2023-01-15,SKU-010,Home,3
2023-01-16,SKU-010,Home,6
2023-01-17,SKU-010,Home,5
2023-01-18,SKU-010,Home,6
2023-01-19,SKU-010,Home,6
2023-01-20,SKU-010,Home,4
2023-01-21,SKU-010,Home,3
2023-01-22,SKU-010,Home,5
2023-01-23,SKU-010,Home,6
2023-01-24,SKU-010,Home,5
2023-01-25,SKU-010,Home,5
2023-01-26,SKU-010,Home,6
2023-01-27,SKU-010,Home,4
2023-01-28,SKU-010,Home,6
2023-01-29,SKU-010,Home,3
2023-01-30,SKU-010,Home,4
2023-01-31,SKU-010,Home,5
2023-02-01,SKU-010,Home,5
2023-02-02,SKU-010,Home,6
2023-02-03,SKU-010,Home,8
2023-02-04,SKU-010,Home,5
2023-02-05,SKU-010,Home,6
2023-02-06,SKU-010,Home,4
2023-02-07,SKU-010,Home,4
2023-02-08,SKU-010,Home,7
2023-02-09,SKU-010,Home,4
2023-02-10,SKU-010,Home,4
2023-02-11,SKU-010,Home,4
2023-02-12,SKU-010,Home,4
2023-02-13,SKU-010,Home,4
2023-02-14,SKU-010,Home,5
2023-02-15,SKU-010,Home,5
2023-02-16,SKU-010,Home,5
2023-02-17,SKU-010,Home,4
2023-02-18,SKU-010,Home,5
2023-02-19,SKU-010,Home,4
2023-02-20,SKU-010,Home,4
2023-02-21,SKU-010,Home,6
2023-02-22,SKU-010,Home,5
2023-02-23,SKU-010,Home,5
2023-02-24,SKU-010,Home,4
2023-02-25,SKU-010,Home,5
2023-02-26,SKU-010,Home,5
2023-02-27,SKU-010,Home,6
2023-02-28,SKU-010,Home,5
2023-03-01,SKU-010,Home,7
2023-03-02,SKU-010,Home,5
2023-03-03,SKU-010,Home,4
2023-03-04,SKU-010,Home,4
2023-03-05,SKU-010,Home,4
2023-03-06,SKU-010,Home,6
2023-03-07,SKU-010,Home,7
2023-03-08,SKU-010,Home,7
2023-03-09,SKU-010,Home,5
2023-03-10,SKU-010,Home,5
2023-03-11,SKU-010,Home,4
2023-03-12,SKU-010,Home,4
2023-03-13,SKU-010,Home,8
2023-03-14,SKU-010,Home,5
2023-03-15,SKU-010,Home,7
2023-03-16,SKU-010,Home,5
2023-03-17,SKU-010,Home,6
2023-03-18,SKU-010,Home,5
2023-03-19,SKU-010,Home,4
2023-03-20,SKU-010,Home,6
2023-03-21,SKU-010,Home,5
2023-03-22,SKU-010,Home,7
2023-03-23,SKU-010,Home,5
2023-03-24,SKU-010,Home,6
2023-03-25,SKU-010,Home,4
2023-03-26,SKU-010,Home,5
2023-03-27,SKU-010,Home,6
2023-03-28,SKU-010,Home,5
2023-03-29,SKU-010,Home,7
2023-03-30,SKU-010,Home,11
2023-03-31,SKU-010,Home,5
2023-04-01,SKU-010,Home,5
2023-04-02,SKU-010,Home,6
2023-04-03,SKU-010,Home,9
2023-04-04,SKU-010,Home,6
2023-04-05,SKU-010,Home,8
2023-04-06,SKU-010,Home,10
2023-04-07,SKU-010,Home,6
2023-04-08,SKU-010,Home,5
2023-04-09,SKU-010,Home,5
2023-04-10,SKU-010,Home,6
2023-04-11,SKU-010,Home,6
2023-04-12,SKU-010,Home,6
2023-04-13,SKU-010,Home,6
2023-04-14,SKU-010,Home,5
2023-04-15,SKU-010,Home,5
2023-04-16,SKU-010,Home,6
2023-04-17,SKU-010,Home,8
2023-04-18,SKU-010,Home,8
2023-04-19,SKU-010,Home,6
2023-04-20,SKU-010,Home,9
2023-04-21,SKU-010,Home,6
2023-04-22,SKU-010,Home,6
2023-04-23,SKU-010,Home,6
2023-04-24,SKU-010,Home,7
2023-04-25,SKU-010,Home,8
2023-04-26,SKU-010,Home,8
2023-04-27,SKU-010,Home,6
2023-04-28,SKU-010,Home,7
2023-04-29,SKU-010,Home,5
2023-04-30,SKU-010,Home,5
2023-05-01,SKU-010,Home,6
2023-05-02,SKU-010,Home,8
2023-05-03,SKU-010,Home,7
2023-05-04,SKU-010,Home,8
2023-05-05,SKU-010,Home,8
2023-05-06,SKU-010,Home,5
2023-05-07,SKU-010,Home,5
2023-05-08,SKU-010,Home,9
2023-05-09,SKU-010,Home,9
2023-05-10,SKU-010,Home,7
2023-05-11,SKU-010,Home,8
2023-05-12,SKU-010,Home,6
2023-05-13,SKU-010,Home,5
2023-05-14,SKU-010,Home,5
2023-05-15,SKU-010,Home,6
2023-05-16,SKU-010,Home,6
2023-05-17,SKU-010,Home,8
2023-05-18,SKU-010,Home,9
2023-05-19,SKU-010,Home,10
2023-05-20,SKU-010,Home,7
2023-05-21,SKU-010,Home,7
2023-05-22,SKU-010,Home,6
2023-05-23,SKU-010,Home,8
2023-05-24,SKU-010,Home,7
2023-05-25,SKU-010,Home,11
2023-05-26,SKU-010,Home,6
2023-05-27,SKU-010,Home,7
2023-05-28,SKU-010,Home,7
2023-05-29,SKU-010,Home,7
2023-05-30,SKU-010,Home,7
2023-05-31,SKU-010,Home,7
2023-06-01,SKU-010,Home,6
2023-06-02,SKU-010,Home,6
2023-06-03,SKU-010,Home,11
2023-06-04,SKU-010,Home,5
2023-06-05,SKU-010,Home,8
2023-06-06,SKU-010,Home,7
2023-06-07,SKU-010,Home,9
2023-06-08,SKU-010,Home,7
2023-06-09,SKU-010,Home,8
2023-06-10,SKU-010,Home,6
2023-06-11,SKU-010,Home,6
2023-06-12,SKU-010,Home,6
2023-06-13,SKU-010,Home,8
2023-06-14,SKU-010,Home,9
2023-06-15,SKU-010,Home,7
2023-06-16,SKU-010,Home,7
2023-06-17,SKU-010,Home,7
2023-06-18,SKU-010,Home,9
2023-06-19,SKU-010,Home,8
2023-06-20,SKU-010,Home,9
2023-06-21,SKU-010,Home,11
2023-06-22,SKU-010,Home,6
2023-06-23,SKU-010,Home,9
2023-06-24,SKU-010,Home,6
2023-06-25,SKU-010,Home,7
2023-06-26,SKU-010,Home,10
2023-06-27,SKU-010,Home,10
2023-06-28,SKU-010,Home,9
2023-06-29,SKU-010,Home,7
2023-06-30,SKU-010,Home,6
2023-07-01,SKU-010,Home,7
2023-07-02,SKU-010,Home,9
2023-07-03,SKU-010,Home,7
2023-07-04,SKU-010,Home,7
2023-07-05,SKU-010,Home,8
2023-07-06,SKU-010,Home,7
2023-07-07,SKU-010,Home,7
2023-07-08,SKU-010,Home,7
2023-07-09,SKU-010,Home,8
2023-07-10,SKU-010,Home,8
2023-07-11,SKU-010,Home,10
2023-07-12,SKU-010,Home,12
2023-07-13,SKU-010,Home,7
2023-07-14,SKU-010,Home,8
2023-07-15,SKU-010,Home,6
2023-07-16,SKU-010,Home,8
2023-07-17,SKU-010,Home,7
2023-07-18,SKU-010,Home,9
2023-07-19,SKU-010,Home,8
2023-07-20,SKU-010,Home,9
2023-07-21,SKU-010,Home,8
2023-07-22,SKU-010,Home,8
2023-07-23,SKU-010,Home,6
2023-07-24,SKU-010,Home,9
2023-07-25,SKU-010,Home,9
2023-07-26,SKU-010,Home,10
2023-07-27,SKU-010,Home,9
2023-07-28,SKU-010,Home,6
2023-07-29,SKU-010,Home,8
2023-07-30,SKU-010,Home,8
2023-07-31,SKU-010,Home,12
2023-08-01,SKU-010,Home,10
2023-08-02,SKU-010,Home,7
2023-08-03,SKU-010,Home,9
2023-08-04,SKU-010,Home,7
2023-08-05,SKU-010,Home,6
2023-08-06,SKU-010,Home,8
2023-08-07,SKU-010,Home,8
2023-08-08,SKU-010,Home,8
2023-08-09,SKU-010,Home,10
2023-08-10,SKU-010,Home,7
2023-08-11,SKU-010,Home,6
2023-08-12,SKU-010,Home,7
2023-08-13,SKU-010,Home,8
2023-08-14,SKU-010,Home,7
2023-08-15,SKU-010,Home,8
2023-08-16,SKU-010,Home,8
2023-08-17,SKU-010,Home,7
2023-08-18,SKU-010,Home,7
2023-08-19,SKU-010,Home,8
2023-08-20,SKU-010,Home,11
2023-08-21,SKU-010,Home,7
2023-08-22,SKU-010,Home,10
2023-08-23,SKU-010,Home,8
2023-08-24,SKU-010,Home,8
2023-08-25,SKU-010,Home,7
2023-08-26,SKU-010,Home,8
2023-08-27,SKU-010,Home,7
2023-08-28,SKU-010,Home,11
2023-08-29,SKU-010,Home,10
2023-08-30,SKU-010,Home,8
2023-08-31,SKU-010,Home,9
2023-09-01,SKU-010,Home,7
2023-09-02,SKU-010,Home,7
2023-09-03,SKU-010,Home,8
2023-09-04,SKU-010,Home,8
2023-09-05,SKU-010,Home,12
2023-09-06,SKU-010,Home,10
2023-09-07,SKU-010,Home,7
2023-09-08,SKU-010,Home,8
2023-09-09,SKU-010,Home,6
2023-09-10,SKU-010,Home,7
2023-09-11,SKU-010,Home,9
2023-09-12,SKU-010,Home,10
2023-09-13,SKU-010,Home,8
2023-09-14,SKU-010,Home,10
2023-09-15,SKU-010,Home,9
2023-09-16,SKU-010,Home,6
2023-09-17,SKU-010,Home,10
2023-09-18,SKU-010,Home,11
2023-09-19,SKU-010,Home,8
2023-09-20,SKU-010,Home,10
2023-09-21,SKU-010,Home,11
2023-09-22,SKU-010,Home,9
2023-09-23,SKU-010,Home,6
2023-09-24,SKU-010,Home,7
2023-09-25,SKU-010,Home,11
2023-09-26,SKU-010,Home,10
2023-09-27,SKU-010,Home,15
2023-09-28,SKU-010,Home,12
2023-09-29,SKU-010,Home,9
2023-09-30,SKU-010,Home,7
2023-10-01,SKU-010,Home,7
2023-10-02,SKU-010,Home,9
2023-10-03,SKU-010,Home,10
2023-10-04,SKU-010,Home,9
2023-10-05,SKU-010,Home,12
2023-10-06,SKU-010,Home,9
2023-10-07,SKU-010,Home,7
2023-10-08,SKU-010,Home,8
2023-10-09,SKU-010,Home,11
2023-10-10,SKU-010,Home,9
2023-10-11,SKU-010,Home,13
2023-10-12,SKU-010,Home,10
2023-10-13,SKU-010,Home,8
2023-10-14,SKU-010,Home,8
2023-10-15,SKU-010,Home,9
2023-10-16,SKU-010,Home,8
2023-10-17,SKU-010,Home,15
2023-10-18,SKU-010,Home,9
2023-10-19,SKU-010,Home,11
2023-10-20,SKU-010,Home,7
2023-10-21,SKU-010,Home,7
2023-10-22,SKU-010,Home,7
2023-10-23,SKU-010,Home,8
2023-10-24,SKU-010,Home,11
2023-10-25,SKU-010,Home,12
2023-10-26,SKU-010,Home,10
2023-10-27,SKU-010,Home,9
2023-10-28,SKU-010,Home,7
2023-10-29,SKU-010,Home,7
2023-10-30,SKU-010,Home,11
2023-10-31,SKU-010,Home,9
2023-11-01,SKU-010,Home,12
2023-11-02,SKU-010,Home,9
2023-11-03,SKU-010,Home,8
2023-11-04,SKU-010,Home,7
2023-11-05,SKU-010,Home,9
2023-11-06,SKU-010,Home,10
2023-11-07,SKU-010,Home,14
2023-11-08,SKU-010,Home,12
2023-11-09,SKU-010,Home,11
2023-11-10,SKU-010,Home,8
2023-11-11,SKU-010,Home,8
2023-11-12,SKU-010,Home,10
2023-11-13,SKU-010,Home,8
2023-11-14,SKU-010,Home,9
2023-11-15,SKU-010,Home,11
2023-11-16,SKU-010,Home,11
2023-11-17,SKU-010,Home,12
2023-11-18,SKU-010,Home,12
2023-11-19,SKU-010,Home,8
2023-11-20,SKU-010,Home,8
2023-11-21,SKU-010,Home,16
2023-11-22,SKU-010,Home,12
2023-11-23,SKU-010,Home,11
2023-11-24,SKU-010,Home,10
2023-11-25,SKU-010,Home,7
2023-11-26,SKU-010,Home,8
2023-11-27,SKU-010,Home,9
2023-11-28,SKU-010,Home,14
2023-11-29,SKU-010,Home,15
2023-11-30,SKU-010,Home,9
2023-12-01,SKU-010,Home,8
2023-12-02,SKU-010,Home,9
2023-12-03,SKU-010,Home,14
2023-12-04,SKU-010,Home,9
2023-12-05,SKU-010,Home,10
2023-12-06,SKU-010,Home,18
2023-12-07,SKU-010,Home,15
2023-12-08,SKU-010,Home,12
2023-12-09,SKU-010,Home,14
2023-12-10,SKU-010,Home,10
2023-12-11,SKU-010,Home,9
2023-12-12,SKU-010,Home,14
2023-12-13,SKU-010,Home,12
2023-12-14,SKU-010,Home,10
2023-12-15,SKU-010,Home,8
2023-12-16,SKU-010,Home,10
2023-12-17,SKU-010,Home,8
2023-12-18,SKU-010,Home,16
2023-12-19,SKU-010,Home,10
2023-12-20,SKU-010,Home,15
2023-12-21,SKU-010,Home,10
2023-12-22,SKU-010,Home,9
2023-12-23,SKU-010,Home,8
2023-12-24,SKU-010,Home,10
2023-12-25,SKU-010,Home,12
2023-12-26,SKU-010,Home,14
2023-12-27,SKU-010,Home,14
2023-12-28,SKU-010,Home,10
2023-12-29,SKU-010,Home,18
2023-12-30,SKU-010,Home,9
2023-12-31,SKU-010,Home,11
2024-01-01,SKU-010,Home,9
2024-01-02,SKU-010,Home,11
2024-01-03,SKU-010,Home,14
2024-01-04,SKU-010,Home,10
2024-01-05,SKU-010,Home,12
2024-01-06,SKU-010,Home,9
2024-01-07,SKU-010,Home,11
2024-01-08,SKU-010,Home,14
2024-01-09,SKU-010,Home,18
2024-01-10,SKU-010,Home,16
2024-01-11,SKU-010,Home,15
2024-01-12,SKU-010,Home,9
2024-01-13,SKU-010,Home,13
2024-01-14,SKU-010,Home,9
2024-01-15,SKU-010,Home,10
2024-01-16,SKU-010,Home,14
2024-01-17,SKU-010,Home,11
2024-01-18,SKU-010,Home,16
2024-01-19,SKU-010,Home,10
2024-01-20,SKU-010,Home,11
2024-01-21,SKU-010,Home,10
2024-01-22,SKU-010,Home,13
2024-01-23,SKU-010,Home,16
2024-01-24,SKU-010,Home,11
2024-01-25,SKU-010,Home,11
2024-01-26,SKU-010,Home,15
2024-01-27,SKU-010,Home,14
2024-01-28,SKU-010,Home,12
2024-01-29,SKU-010,Home,10
2024-01-30,SKU-010,Home,15
2024-01-31,SKU-010,Home,16
2024-02-01,SKU-010,Home,12
2024-02-02,SKU-010,Home,15
2024-02-03,SKU-010,Home,14
2024-02-04,SKU-010,Home,9
2024-02-05,SKU-010,Home,11
2024-02-06,SKU-010,Home,11
2024-02-07,SKU-010,Home,17
2024-02-08,SKU-010,Home,11
2024-02-09,SKU-010,Home,12
2024-02-10,SKU-010,Home,10
2024-02-11,SKU-010,Home,10
2024-02-12,SKU-010,Home,12
2024-02-13,SKU-010,Home,12
2024-02-14,SKU-010,Home,15
2024-02-15,SKU-010,Home,14
2024-02-16,SKU-010,Home,11
2024-02-17,SKU-010,Home,10
2024-02-18,SKU-010,Home,10
2024-02-19,SKU-010,Home,14
2024-02-20,SKU-010,Home,12
2024-02-21,SKU-010,Home,15
2024-02-22,SKU-010,Home,12
2024-02-23,SKU-010,Home,13
2024-02-24,SKU-010,Home,10
2024-02-25,SKU-010,Home,10
2024-02-26,SKU-010,Home,15
2024-02-27,SKU-010,Home,18
2024-02-28,SKU-010,Home,16
2024-02-29,SKU-010,Home,15
2024-03-01,SKU-010,Home,14
2024-03-02,SKU-010,Home,13
2024-03-03,SKU-010,Home,16
2024-03-04,SKU-010,Home,13
2024-03-05,SKU-010,Home,12
2024-03-06,SKU-010,Home,19
2024-03-07,SKU-010,Home,17
2024-03-08,SKU-010,Home,16
2024-03-09,SKU-010,Home,14
2024-03-10,SKU-010,Home,10
2024-03-11,SKU-010,Home,11
2024-03-12,SKU-010,Home,13
2024-03-13,SKU-010,Home,13
2024-03-14,SKU-010,Home,15
2024-03-15,SKU-010,Home,14
2024-03-16,SKU-010,Home,13
2024-03-17,SKU-010,Home,11
2024-03-18,SKU-010,Home,12
2024-03-19,SKU-010,Home,13
2024-03-20,SKU-010,Home,13
2024-03-21,SKU-010,Home,15
2024-03-22,SKU-010,Home,14
2024-03-23,SKU-010,Home,10
2024-03-24,SKU-010,Home,11
2024-03-25,SKU-010,Home,12
2024-03-26,SKU-010,Home,15
2024-03-27,SKU-010,Home,20
2024-03-28,SKU-010,Home,18
2024-03-29,SKU-010,Home,12
2024-03-30,SKU-010,Home,11
2024-03-31,SKU-010,Home,11
2024-04-01,SKU-010,Home,12
2024-04-02,SKU-010,Home,14
2024-04-03,SKU-010,Home,14
2024-04-04,SKU-010,Home,13
2024-04-05,SKU-010,Home,17
2024-04-06,SKU-010,Home,13
2024-04-07,SKU-010,Home,14
2024-04-08,SKU-010,Home,15
2024-04-09,SKU-010,Home,17
2024-04-10,SKU-010,Home,17
2024-04-11,SKU-010,Home,18
2024-04-12,SKU-010,Home,12
2024-04-13,SKU-010,Home,16
2024-04-14,SKU-010,Home,12
2024-04-15,SKU-010,Home,14
2024-04-16,SKU-010,Home,16
2024-04-17,SKU-010,Home,14
2024-04-18,SKU-010,Home,16
2024-04-19,SKU-010,Home,14
2024-04-20,SKU-010,Home,11
2024-04-21,SKU-010,Home,18
2024-04-22,SKU-010,Home,12
2024-04-23,SKU-010,Home,17
2024-04-24,SKU-010,Home,13
2024-04-25,SKU-010,Home,13
2024-04-26,SKU-010,Home,20
2024-04-27,SKU-010,Home,13
2024-04-28,SKU-010,Home,12
2024-04-29,SKU-010,Home,13
2024-04-30,SKU-010,Home,13
2024-05-01,SKU-010,Home,14
2024-05-02,SKU-010,Home,13
2024-05-03,SKU-010,Home,14
2024-05-04,SKU-010,Home,14
2024-05-05,SKU-010,Home,14
2024-05-06,SKU-010,Home,16
2024-05-07,SKU-010,Home,13
2024-05-08,SKU-010,Home,14
2024-05-09,SKU-010,Home,13
2024-05-10,SKU-010,Home,12
2024-05-11,SKU-010,Home,14
2024-05-12,SKU-010,Home,16
2024-05-13,SKU-010,Home,12
2024-05-14,SKU-010,Home,17
2024-05-15,SKU-010,Home,14
2024-05-16,SKU-010,Home,17
2024-05-17,SKU-010,Home,12
2024-05-18,SKU-010,Home,14
2024-05-19,SKU-010,Home,11
2024-05-20,SKU-010,Home,19
2024-05-21,SKU-010,Home,20
2024-05-22,SKU-010,Home,18
2024-05-23,SKU-010,Home,17
2024-05-24,SKU-010,Home,15
2024-05-25,SKU-010,Home,11
2024-05-26,SKU-010,Home,22
2024-05-27,SKU-010,Home,16
2024-05-28,SKU-010,Home,14
2024-05-29,SKU-010,Home,14
2024-05-30,SKU-010,Home,19
2024-05-31,SKU-010,Home,12
2024-06-01,SKU-010,Home,17
2024-06-02,SKU-010,Home,14
2024-06-03,SKU-010,Home,13
2024-06-04,SKU-010,Home,20
2024-06-05,SKU-010,Home,14
2024-06-06,SKU-010,Home,17
2024-06-07,SKU-010,Home,18
2024-06-08,SKU-010,Home,14
2024-06-09,SKU-010,Home,15
2024-06-10,SKU-010,Home,17
2024-06-11,SKU-010,Home,17
2024-06-12,SKU-010,Home,18
2024-06-13,SKU-010,Home,20
2024-06-14,SKU-010,Home,15
2024-06-15,SKU-010,Home,14
2024-06-16,SKU-010,Home,12
2024-06-17,SKU-010,Home,16
2024-06-18,SKU-010,Home,23
2024-06-19,SKU-010,Home,21
2024-06-20,SKU-010,Home,19
2024-06-21,SKU-010,Home,15
2024-06-22,SKU-010,Home,20
2024-06-23,SKU-010,Home,12
2024-06-24,SKU-010,Home,13
2024-06-25,SKU-010,Home,14
2024-06-26,SKU-010,Home,15
2024-06-27,SKU-010,Home,14
2024-06-28,SKU-010,Home,12
2024-06-29,SKU-010,Home,15
2024-06-30,SKU-010,Home,12
2024-07-01,SKU-010,Home,13
2024-07-02,SKU-010,Home,14
2024-07-03,SKU-010,Home,18
2024-07-04,SKU-010,Home,20
2024-07-05,SKU-010,Home,15
2024-07-06,SKU-010,Home,19
2024-07-07,SKU-010,Home,15
2024-07-08,SKU-010,Home,16
2024-07-09,SKU-010,Home,17
2024-07-10,SKU-010,Home,18
2024-07-11,SKU-010,Home,16
2024-07-12,SKU-010,Home,15
2024-07-13,SKU-010,Home,11
2024-07-14,SKU-010,Home,14
2024-07-15,SKU-010,Home,13
2024-07-16,SKU-010,Home,14
2024-07-17,SKU-010,Home,15
2024-07-18,SKU-010,Home,17
2024-07-19,SKU-010,Home,13
2024-07-20,SKU-010,Home,11
2024-07-21,SKU-010,Home,14
2024-07-22,SKU-010,Home,13
2024-07-23,SKU-010,Home,17
2024-07-24,SKU-010,Home,18
2024-07-25,SKU-010,Home,20
2024-07-26,SKU-010,Home,12
2024-07-27,SKU-010,Home,12
2024-07-28,SKU-010,Home,14
2024-07-29,SKU-010,Home,13
2024-07-30,SKU-010,Home,14
2024-07-31,SKU-010,Home,18
2024-08-01,SKU-010,Home,17
2024-08-02,SKU-010,Home,15
2024-08-03,SKU-010,Home,17
2024-08-04,SKU-010,Home,15
2024-08-05,SKU-010,Home,13
2024-08-06,SKU-010,Home,21
2024-08-07,SKU-010,Home,15
2024-08-08,SKU-010,Home,20
2024-08-09,SKU-010,Home,12
2024-08-10,SKU-010,Home,19
2024-08-11,SKU-010,Home,21
2024-08-12,SKU-010,Home,12
2024-08-13,SKU-010,Home,14
2024-08-14,SKU-010,Home,15
2024-08-15,SKU-010,Home,13
2024-08-16,SKU-010,Home,12
2024-08-17,SKU-010,Home,12
2024-08-18,SKU-010,Home,12
2024-08-19,SKU-010,Home,18
2024-08-20,SKU-010,Home,25
2024-08-21,SKU-010,Home,18
2024-08-22,SKU-010,Home,21
2024-08-23,SKU-010,Home,16
2024-08-24,SKU-010,Home,11
2024-08-25,SKU-010,Home,15
2024-08-26,SKU-010,Home,13
2024-08-27,SKU-010,Home,17
2024-08-28,SKU-010,Home,19
2024-08-29,SKU-010,Home,23
2024-08-30,SKU-010,Home,12
2024-08-31,SKU-010,Home,14
2024-09-01,SKU-010,Home,15
2024-09-02,SKU-010,Home,16
2024-09-03,SKU-010,Home,15
2024-09-04,SKU-010,Home,21
2024-09-05,SKU-010,Home,14
2024-09-06,SKU-010,Home,18
2024-09-07,SKU-010,Home,12
2024-09-08,SKU-010,Home,15
2024-09-09,SKU-010,Home,14
2024-09-10,SKU-010,Home,18
2024-09-11,SKU-010,Home,18
2024-09-12,SKU-010,Home,17
2024-09-13,SKU-010,Home,13
2024-09-14,SKU-010,Home,17
2024-09-15,SKU-010,Home,18
2024-09-16,SKU-010,Home,17
2024-09-17,SKU-010,Home,19
2024-09-18,SKU-010,Home,18
2024-09-19,SKU-010,Home,14
2024-09-20,SKU-010,Home,12
2024-09-21,SKU-010,Home,17
2024-09-22,SKU-010,Home,12
2024-09-23,SKU-010,Home,17
2024-09-24,SKU-010,Home,18
2024-09-25,SKU-010,Home,19
2024-09-26,SKU-010,Home,21
2024-09-27,SKU-010,Home,12
2024-09-28,SKU-010,Home,16
2024-09-29,SKU-010,Home,15
2024-09-30,SKU-010,Home,13
2024-10-01,SKU-010,Home,15
2024-10-02,SKU-010,Home,15
2024-10-03,SKU-010,Home,14
2024-10-04,SKU-010,Home,19
2024-10-05,SKU-010,Home,21
2024-10-06,SKU-010,Home,13
2024-10-07,SKU-010,Home,14
2024-10-08,SKU-010,Home,15
2024-10-09,SKU-010,Home,20
2024-10-10,SKU-010,Home,17
2024-10-11,SKU-010,Home,13
2024-10-12,SKU-010,Home,18
2024-10-13,SKU-010,Home,13
2024-10-14,SKU-010,Home,14
2024-10-15,SKU-010,Home,14
2024-10-16,SKU-010,Home,23
2024-10-17,SKU-010,Home,18
2024-10-18,SKU-010,Home,17
2024-10-19,SKU-010,Home,12
2024-10-20,SKU-010,Home,19
2024-10-21,SKU-010,Home,18
2024-10-22,SKU-010,Home,22
2024-10-23,SKU-010,Home,15
2024-10-24,SKU-010,Home,15
2024-10-25,SKU-010,Home,17
2024-10-26,SKU-010,Home,21
2024-10-27,SKU-010,Home,13
2024-10-28,SKU-010,Home,15
2024-10-29,SKU-010,Home,15
2024-10-30,SKU-010,Home,15
2024-10-31,SKU-010,Home,19
2024-11-01,SKU-010,Home,16
2024-11-02,SKU-010,Home,12
2024-11-03,SKU-010,Home,17
2024-11-04,SKU-010,Home,18
2024-11-05,SKU-010,Home,22
2024-11-06,SKU-010,Home,23
2024-11-07,SKU-010,Home,22
2024-11-08,SKU-010,Home,17
2024-11-09,SKU-010,Home,16
2024-11-10,SKU-010,Home,19
2024-11-11,SKU-010,Home,15
2024-11-12,SKU-010,Home,16
2024-11-13,SKU-010,Home,20
2024-11-14,SKU-010,Home,15
2024-11-15,SKU-010,Home,14
2024-11-16,SKU-010,Home,16
2024-11-17,SKU-010,Home,13
2024-11-18,SKU-010,Home,18
2024-11-19,SKU-010,Home,16
2024-11-20,SKU-010,Home,21
2024-11-21,SKU-010,Home,15
2024-11-22,SKU-010,Home,17
2024-11-23,SKU-010,Home,13
2024-11-24,SKU-010,Home,20
2024-11-25,SKU-010,Home,18
2024-11-26,SKU-010,Home,16
2024-11-27,SKU-010,Home,21
2024-11-28,SKU-010,Home,22
2024-11-29,SKU-010,Home,17
2024-11-30,SKU-010,Home,23
2024-12-01,SKU-010,Home,17
2024-12-02,SKU-010,Home,15
2024-12-03,SKU-010,Home,17
2024-12-04,SKU-010,Home,17
2024-12-05,SKU-010,Home,28
2024-12-06,SKU-010,Home,14
2024-12-07,SKU-010,Home,14
2024-12-08,SKU-010,Home,17
2024-12-09,SKU-010,Home,16
2024-12-10,SKU-010,Home,26
2024-12-11,SKU-010,Home,25
2024-12-12,SKU-010,Home,16
2024-12-13,SKU-010,Home,19
2024-12-14,SKU-010,Home,14
2024-12-15,SKU-010,Home,17
2024-12-16,SKU-010,Home,16
2024-12-17,SKU-010,Home,21
2024-12-18,SKU-010,Home,18
2024-12-19,SKU-010,Home,20
2024-12-20,SKU-010,Home,18
2024-12-21,SKU-010,Home,17
2024-12-22,SKU-010,Home,15
2024-12-23,SKU-010,Home,19
2024-12-24,SKU-010,Home,26
2024-12-25,SKU-010,Home,21
2024-12-26,SKU-010,Home,16
2024-12-27,SKU-010,Home,22
2024-12-28,SKU-010,Home,17
2024-12-29,SKU-010,Home,21
2023-01-02,SKU-011,Electronics,2
2023-01-03,SKU-011,Electronics,2
2023-01-04,SKU-011,Electronics,3
2023-01-05,SKU-011,Electronics,3
2023-01-06,SKU-011,Electronics,3
2023-01-07,SKU-011,Electronics,2
2023-01-08,SKU-011,Electronics,2
2023-01-09,SKU-011,Electronics,3
2023-01-10,SKU-011,Electronics,2
2023-01-11,SKU-011,Electronics,3
2023-01-12,SKU-011,Electronics,2
2023-01-13,SKU-011,Electronics,2
2023-01-14,SKU-011,Electronics,2
2023-01-15,SKU-011,Electronics,2
2023-01-16,SKU-011,Electronics,3
2023-01-17,SKU-011,Electronics,3
2023-01-18,SKU-011,Electronics,3
2023-01-19,SKU-011,Electronics,3
2023-01-20,SKU-011,Electronics,2
2023-01-21,SKU-011,Electronics,2
2023-01-22,SKU-011,Electronics,3
2023-01-23,SKU-011,Electronics,3
2023-01-24,SKU-011,Electronics,3
2023-01-25,SKU-011,Electronics,3
2023-01-26,SKU-011,Electronics,4
2023-01-27,SKU-011,Electronics,2
2023-01-28,SKU-011,Electronics,4
2023-01-29,SKU-011,Electronics,2
2023-01-30,SKU-011,Electronics,2
2023-01-31,SKU-011,Electronics,3
2023-02-01,SKU-011,Electronics,3
2023-02-02,SKU-011,Electronics,4
2023-02-03,SKU-011,Electronics,4
2023-02-04,SKU-011,Electronics,3
2023-02-05,SKU-011,Electronics,3
2023-02-06,SKU-011,Electronics,3
2023-02-07,SKU-011,Electronics,3
2023-02-08,SKU-011,Electronics,4
2023-02-09,SKU-011,Electronics,3
2023-02-10,SKU-011,Electronics,2
2023-02-11,SKU-011,Electronics,2
2023-02-12,SKU-011,Electronics,2
2023-02-13,SKU-011,Electronics,3
2023-02-14,SKU-011,Electronics,3
2023-02-15,SKU-011,Electronics,3
2023-02-16,SKU-011,Electronics,3
2023-02-17,SKU-011,Electronics,3
2023-02-18,SKU-011,Electronics,3
2023-02-19,SKU-011,Electronics,2
2023-02-20,SKU-011,Electronics,3
2023-02-21,SKU-011,Electronics,4
2023-02-22,SKU-011,Electronics,3
2023-02-23,SKU-011,Electronics,3
2023-02-24,SKU-011,Electronics,3
2023-02-25,SKU-011,Electronics,3
2023-02-26,SKU-011,Electronics,3
2023-02-27,SKU-011,Electronics,3
2023-02-28,SKU-011,Electronics,3
2023-03-01,SKU-011,Electronics,4
2023-03-02,SKU-011,Electronics,3
2023-03-03,SKU-011,Electronics,3
2023-03-04,SKU-011,Electronics,3
2023-03-05,SKU-011,Electronics,3
2023-03-06,SKU-011,Electronics,3
2023-03-07,SKU-011,Electronics,4
2023-03-08,SKU-011,Electronics,4
2023-03-09,SKU-011,Electronics,3
2023-03-10,SKU-011,Electronics,3
2023-03-11,SKU-011,Electronics,2
2023-03-12,SKU-011,Electronics,3
2023-03-13,SKU-011,Electronics,5
2023-03-14,SKU-011,Electronics,3
2023-03-15,SKU-011,Electronics,4
2023-03-16,SKU-011,Electronics,3
2023-03-17,SKU-011,Electronics,4
2023-03-18,SKU-011,Electronics,3
2023-03-19,SKU-011,Electronics,3
2023-03-20,SKU-011,Electronics,4
2023-03-21,SKU-011,Electronics,3
2023-03-22,SKU-011,Electronics,4
2023-03-23,SKU-011,Electronics,3
2023-03-24,SKU-011,Electronics,4
2023-03-25,SKU-011,Electronics,3
2023-03-26,SKU-011,Electronics,3
2023-03-27,SKU-011,Electronics,4
2023-03-28,SKU-011,Electronics,4
2023-03-29,SKU-011,Electronics,5
2023-03-30,SKU-011,Electronics,6
2023-03-31,SKU-011,Electronics,3
2023-04-01,SKU-011,Electronics,3
2023-04-02,SKU-011,Electronics,4
2023-04-03,SKU-011,Electronics,5
2023-04-04,SKU-011,Electronics,3
2023-04-05,SKU-011,Electronics,4
2023-04-06,SKU-011,Electronics,6
2023-04-07,SKU-011,Electronics,4
2023-04-08,SKU-011,Electronics,3
2023-04-09,SKU-011,Electronics,3
2023-04-10,SKU-011,Electronics,3
2023-04-11,SKU-011,Electronics,4
2023-04-12,SKU-011,Electronics,4
2023-04-13,SKU-011,Electronics,4
2023-04-14,SKU-011,Electronics,3
2023-04-15,SKU-011,Electronics,3
2023-04-16,SKU-011,Electronics,4
2023-04-17,SKU-011,Electronics,5
2023-04-18,SKU-011,Electronics,4
2023-04-19,SKU-011,Electronics,4
2023-04-20,SKU-011,Electronics,5
2023-04-21,SKU-011,Electronics,4
2023-04-22,SKU-011,Electronics,4
2023-04-23,SKU-011,Electronics,4
2023-04-24,SKU-011,Electronics,4
2023-04-25,SKU-011,Electronics,5
2023-04-26,SKU-011,Electronics,5
2023-04-27,SKU-011,Electronics,3
2023-04-28,SKU-011,Electronics,4
2023-04-29,SKU-011,Electronics,3
2023-04-30,SKU-011,Electronics,3
2023-05-01,SKU-011,Electronics,4
2023-05-02,SKU-011,Electronics,5
2023-05-03,SKU-011,Electronics,4
2023-05-04,SKU-011,Electronics,5
2023-05-05,SKU-011,Electronics,5
2023-05-06,SKU-011,Electronics,3
2023-05-07,SKU-011,Electronics,3
2023-05-08,SKU-011,Electronics,5
2023-05-09,SKU-011,Electronics,6
2023-05-10,SKU-011,Electronics,4
2023-05-11,SKU-011,Electronics,5
2023-05-12,SKU-011,Electronics,4
2023-05-13,SKU-011,Electronics,3
2023-05-14,SKU-011,Electronics,3
2023-05-15,SKU-011,Electronics,4
2023-05-16,SKU-011,Electronics,4
2023-05-17,SKU-011,Electronics,5
2023-05-18,SKU-011,Electronics,6
2023-05-19,SKU-011,Electronics,6
2023-05-20,SKU-011,Electronics,4
2023-05-21,SKU-011,Electronics,4
2023-05-22,SKU-011,Electronics,4
2023-05-23,SKU-011,Electronics,5
2023-05-24,SKU-011,Electronics,4
2023-05-25,SKU-011,Electronics,7
2023-05-26,SKU-011,Electronics,3
2023-05-27,SKU-011,Electronics,4
2023-05-28,SKU-011,Electronics,4
2023-05-29,SKU-011,Electronics,4
2023-05-30,SKU-011,Electronics,4
2023-05-31,SKU-011,Electronics,4
2023-06-01,SKU-011,Electronics,4
2023-06-02,SKU-011,Electronics,3
2023-06-03,SKU-011,Electronics,7
2023-06-04,SKU-011,Electronics,3
2023-06-05,SKU-011,Electronics,5
2023-06-06,SKU-011,Electronics,4
2023-06-07,SKU-011,Electronics,5
2023-06-08,SKU-011,Electronics,4
2023-06-09,SKU-011,Electronics,4
2023-06-10,SKU-011,Electronics,4
2023-06-11,SKU-011,Electronics,4
2023-06-12,SKU-011,Electronics,4
2023-06-13,SKU-011,Electronics,5
2023-06-14,SKU-011,Electronics,5
2023-06-15,SKU-011,Electronics,4
2023-06-16,SKU-011,Electronics,5
2023-06-17,SKU-011,Electronics,4
2023-06-18,SKU-011,Electronics,5
2023-06-19,SKU-011,Electronics,5
2023-06-20,SKU-011,Electronics,5
2023-06-21,SKU-011,Electronics,6
2023-06-22,SKU-011,Electronics,4
2023-06-23,SKU-011,Electronics,5
2023-06-24,SKU-011,Electronics,4
2023-06-25,SKU-011,Electronics,4
2023-06-26,SKU-011,Electronics,6
2023-06-27,SKU-011,Electronics,6
2023-06-28,SKU-011,Electronics,6
2023-06-29,SKU-011,Electronics,4
2023-06-30,SKU-011,Electronics,4
2023-07-01,SKU-011,Electronics,4
2023-07-02,SKU-011,Electronics,5
2023-07-03,SKU-011,Electronics,4
2023-07-04,SKU-011,Electronics,4
2023-07-05,SKU-011,Electronics,5
2023-07-06,SKU-011,Electronics,4
2023-07-07,SKU-011,Electronics,4
2023-07-08,SKU-011,Electronics,4
2023-07-09,SKU-011,Electronics,5
2023-07-10,SKU-011,Electronics,5
2023-07-11,SKU-011,Electronics,7
2023-07-12,SKU-011,Electronics,8
2023-07-13,SKU-011,Electronics,4
2023-07-14,SKU-011,Electronics,5
2023-07-15,SKU-011,Electronics,4
2023-07-16,SKU-011,Electronics,5
2023-07-17,SKU-011,Electronics,4
2023-07-18,SKU-011,Electronics,6
2023-07-19,SKU-011,Electronics,5
2023-07-20,SKU-011,Electronics,5
2023-07-21,SKU-011,Electronics,5
2023-07-22,SKU-011,Electronics,5
2023-07-23,SKU-011,Electronics,4
2023-07-24,SKU-011,Electronics,6
2023-07-25,SKU-011,Electronics,6
2023-07-26,SKU-011,Electronics,6
2023-07-27,SKU-011,Electronics,6
2023-07-28,SKU-011,Electronics,4
2023-07-29,SKU-011,Electronics,5
2023-07-30,SKU-011,Electronics,5
2023-07-31,SKU-011,Electronics,7
2023-08-01,SKU-011,Electronics,6
2023-08-02,SKU-011,Electronics,5
2023-08-03,SKU-011,Electronics,6
2023-08-04,SKU-011,Electronics,4
2023-08-05,SKU-011,Electronics,4
2023-08-06,SKU-011,Electronics,5
2023-08-07,SKU-011,Electronics,6
2023-08-08,SKU-011,Electronics,4
2023-08-09,SKU-011,Electronics,6
2023-08-10,SKU-011,Electronics,5
2023-08-11,SKU-011,Electronics,4
2023-08-12,SKU-011,Electronics,5
2023-08-13,SKU-011,Electronics,5
2023-08-14,SKU-011,Electronics,4
2023-08-15,SKU-011,Electronics,4
2023-08-16,SKU-011,Electronics,5
2023-08-17,SKU-011,Electronics,4
2023-08-18,SKU-011,Electronics,4
2023-08-19,SKU-011,Electronics,5
2023-08-20,SKU-011,Electronics,7
2023-08-21,SKU-011,Electronics,5
2023-08-22,SKU-011,Electronics,6
2023-08-23,SKU-011,Electronics,5
2023-08-24,SKU-011,Electronics,4
2023-08-25,SKU-011,Electronics,4
2023-08-26,SKU-011,Electronics,5
2023-08-27,SKU-011,Electronics,4
2023-08-28,SKU-011,Electronics,6
2023-08-29,SKU-011,Electronics,6
2023-08-30,SKU-011,Electronics,5
2023-08-31,SKU-011,Electronics,6
2023-09-01,SKU-011,Electronics,4
2023-09-02,SKU-011,Electronics,4
2023-09-03,SKU-011,Electronics,5
2023-09-04,SKU-011,Electronics,4
2023-09-05,SKU-011,Electronics,7
2023-09-06,SKU-011,Electronics,6
2023-09-07,SKU-011,Electronics,4
2023-09-08,SKU-011,Electronics,5
2023-09-09,SKU-011,Electronics,4
2023-09-10,SKU-011,Electronics,4
2023-09-11,SKU-011,Electronics,6
2023-09-12,SKU-011,Electronics,6
2023-09-13,SKU-011,Electronics,5
2023-09-14,SKU-011,Electronics,6
2023-09-15,SKU-011,Electronics,5
2023-09-16,SKU-011,Electronics,4
2023-09-17,SKU-011,Electronics,6
2023-09-18,SKU-011,Electronics,7
2023-09-19,SKU-011,Electronics,5
2023-09-20,SKU-011,Electronics,6
2023-09-21,SKU-011,Electronics,7
2023-09-22,SKU-011,Electronics,6
2023-09-23,SKU-011,Electronics,4
2023-09-24,SKU-011,Electronics,4
2023-09-25,SKU-011,Electronics,7
2023-09-26,SKU-011,Electronics,6
2023-09-27,SKU-011,Electronics,9
2023-09-28,SKU-011,Electronics,8
2023-09-29,SKU-011,Electronics,6
2023-09-30,SKU-011,Electronics,4
2023-10-01,SKU-011,Electronics,4
2023-10-02,SKU-011,Electronics,6
2023-10-03,SKU-011,Electronics,7
2023-10-04,SKU-011,Electronics,5
2023-10-05,SKU-011,Electronics,8
2023-10-06,SKU-011,Electronics,6
2023-10-07,SKU-011,Electronics,4
2023-10-08,SKU-011,Electronics,5
2023-10-09,SKU-011,Electronics,7
2023-10-10,SKU-011,Electronics,5
2023-10-11,SKU-011,Electronics,8
2023-10-12,SKU-011,Electronics,6
2023-10-13,SKU-011,Electronics,5
2023-10-14,SKU-011,Electronics,5
2023-10-15,SKU-011,Electronics,5
2023-10-16,SKU-011,Electronics,5
2023-10-17,SKU-011,Electronics,9
2023-10-18,SKU-011,Electronics,5
2023-10-19,SKU-011,Electronics,6
2023-10-20,SKU-011,Electronics,5
2023-10-21,SKU-011,Electronics,4
2023-10-22,SKU-011,Electronics,5
2023-10-23,SKU-011,Electronics,5
2023-10-24,SKU-011,Electronics,6
2023-10-25,SKU-011,Electronics,7
2023-10-26,SKU-011,Electronics,6
2023-10-27,SKU-011,Electronics,6
2023-10-28,SKU-011,Electronics,4
2023-10-29,SKU-011,Electronics,5
2023-10-30,SKU-011,Electronics,7
2023-10-31,SKU-011,Electronics,6
2023-11-01,SKU-011,Electronics,7
2023-11-02,SKU-011,Electronics,5
2023-11-03,SKU-011,Electronics,5
2023-11-04,SKU-011,Electronics,4
2023-11-05,SKU-011,Electronics,6
2023-11-06,SKU-011,Electronics,6
2023-11-07,SKU-011,Electronics,8
2023-11-08,SKU-011,Electronics,7
2023-11-09,SKU-011,Electronics,7
2023-11-10,SKU-011,Electronics,5
2023-11-11,SKU-011,Electronics,5
2023-11-12,SKU-011,Electronics,6
2023-11-13,SKU-011,Electronics,5
2023-11-14,SKU-011,Electronics,5
2023-11-15,SKU-011,Electronics,7
2023-11-16,SKU-011,Electronics,7
2023-11-17,SKU-011,Electronics,7
2023-11-18,SKU-011,Electronics,8
2023-11-19,SKU-011,Electronics,5
2023-11-20,SKU-011,Electronics,5
2023-11-21,SKU-011,Electronics,10
2023-11-22,SKU-011,Electronics,7
2023-11-23,SKU-011,Electronics,7
2023-11-24,SKU-011,Electronics,6
2023-11-25,SKU-011,Electronics,5
2023-11-26,SKU-011,Electronics,5
2023-11-27,SKU-011,Electronics,5
2023-11-28,SKU-011,Electronics,9
2023-11-29,SKU-011,Electronics,8
2023-11-30,SKU-011,Electronics,6
2023-12-01,SKU-011,Electronics,5
2023-12-02,SKU-011,Electronics,6
2023-12-03,SKU-011,Electronics,8
2023-12-04,SKU-011,Electronics,6
2023-12-05,SKU-011,Electronics,6
2023-12-06,SKU-011,Electronics,10
2023-12-07,SKU-011,Electronics,9
2023-12-08,SKU-011,Electronics,8
2023-12-09,SKU-011,Electronics,8
2023-12-10,SKU-011,Electronics,6
2023-12-11,SKU-011,Electronics,6
2023-12-12,SKU-011,Electronics,10
2023-12-13,SKU-011,Electronics,8
2023-12-14,SKU-011,Electronics,6
2023-12-15,SKU-011,Electronics,6
2023-12-16,SKU-011,Electronics,6
2023-12-17,SKU-011,Electronics,5
2023-12-18,SKU-011,Electronics,10
2023-12-19,SKU-011,Electronics,6
2023-12-20,SKU-011,Electronics,10
2023-12-21,SKU-011,Electronics,6
2023-12-22,SKU-011,Electronics,6
2023-12-23,SKU-011,Electronics,5
2023-12-24,SKU-011,Electronics,6
2023-12-25,SKU-011,Electronics,7
2023-12-26,SKU-011,Electronics,10
2023-12-27,SKU-011,Electronics,8
2023-12-28,SKU-011,Electronics,6
2023-12-29,SKU-011,Electronics,11
2023-12-30,SKU-011,Electronics,5
2023-12-31,SKU-011,Electronics,7
2024-01-01,SKU-011,Electronics,6
2024-01-02,SKU-011,Electronics,6
2024-01-03,SKU-011,Electronics,8
2024-01-04,SKU-011,Electronics,7
2024-01-05,SKU-011,Electronics,7
2024-01-06,SKU-011,Electronics,5
2024-01-07,SKU-011,Electronics,7
2024-01-08,SKU-011,Electronics,9
2024-01-09,SKU-011,Electronics,11
2024-01-10,SKU-011,Electronics,10
2024-01-11,SKU-011,Electronics,10
2024-01-12,SKU-011,Electronics,6
2024-01-13,SKU-011,Electronics,8
2024-01-14,SKU-011,Electronics,5
2024-01-15,SKU-011,Electronics,6
2024-01-16,SKU-011,Electronics,8
2024-01-17,SKU-011,Electronics,7
2024-01-18,SKU-011,Electronics,10
2024-01-19,SKU-011,Electronics,6
2024-01-20,SKU-011,Electronics,7
2024-01-21,SKU-011,Electronics,6
2024-01-22,SKU-011,Electronics,8
2024-01-23,SKU-011,Electronics,10
2024-01-24,SKU-011,Electronics,7
2024-01-25,SKU-011,Electronics,7
2024-01-26,SKU-011,Electronics,9
2024-01-27,SKU-011,Electronics,9
2024-01-28,SKU-011,Electronics,7
2024-01-29,SKU-011,Electronics,7
2024-01-30,SKU-011,Electronics,9
2024-01-31,SKU-011,Electronics,10
2024-02-01,SKU-011,Electronics,7
2024-02-02,SKU-011,Electronics,9
2024-02-03,SKU-011,Electronics,8
2024-02-04,SKU-011,Electronics,6
2024-02-05,SKU-011,Electronics,7
2024-02-06,SKU-011,Electronics,7
2024-02-07,SKU-011,Electronics,11
2024-02-08,SKU-011,Electronics,7
2024-02-09,SKU-011,Electronics,8
2024-02-10,SKU-011,Electronics,6
2024-02-11,SKU-011,Electronics,6
2024-02-12,SKU-011,Electronics,7
2024-02-13,SKU-011,Electronics,7
2024-02-14,SKU-011,Electronics,9
2024-02-15,SKU-011,Electronics,9
2024-02-16,SKU-011,Electronics,7
2024-02-17,SKU-011,Electronics,6
2024-02-18,SKU-011,Electronics,6
2024-02-19,SKU-011,Electronics,8
2024-02-20,SKU-011,Electronics,8
2024-02-21,SKU-011,Electronics,10
2024-02-22,SKU-011,Electronics,7
2024-02-23,SKU-011,Electronics,8
2024-02-24,SKU-011,Electronics,6
2024-02-25,SKU-011,Electronics,6
2024-02-26,SKU-011,Electronics,9
2024-02-27,SKU-011,Electronics,11
2024-02-28,SKU-011,Electronics,9
2024-02-29,SKU-011,Electronics,9
2024-03-01,SKU-011,Electronics,8
2024-03-02,SKU-011,Electronics,8
2024-03-03,SKU-011,Electronics,10
2024-03-04,SKU-011,Electronics,9
2024-03-05,SKU-011,Electronics,8
2024-03-06,SKU-011,Electronics,11
2024-03-07,SKU-011,Electronics,11
2024-03-08,SKU-011,Electronics,10
2024-03-09,SKU-011,Electronics,9
2024-03-10,SKU-011,Electronics,7
2024-03-11,SKU-011,Electronics,7
2024-03-12,SKU-011,Electronics,8
2024-03-13,SKU-011,Electronics,8
2024-03-14,SKU-011,Electronics,10
2024-03-15,SKU-011,Electronics,8
2024-03-16,SKU-011,Electronics,8
2024-03-17,SKU-011,Electronics,7
2024-03-18,SKU-011,Electronics,8
2024-03-19,SKU-011,Electronics,8
2024-03-20,SKU-011,Electronics,8
2024-03-21,SKU-011,Electronics,10
2024-03-22,SKU-011,Electronics,8
2024-03-23,SKU-011,Electronics,6
2024-03-24,SKU-011,Electronics,6
2024-03-25,SKU-011,Electronics,7
2024-03-26,SKU-011,Electronics,10
2024-03-27,SKU-011,Electronics,13
2024-03-28,SKU-011,Electronics,11
2024-03-29,SKU-011,Electronics,7
2024-03-30,SKU-011,Electronics,7
2024-03-31,SKU-011,Electronics,7
2024-04-01,SKU-011,Electronics,7
2024-04-02,SKU-011,Electronics,9
2024-04-03,SKU-011,Electronics,8
2024-04-04,SKU-011,Electronics,8
2024-04-05,SKU-011,Electronics,11
2024-04-06,SKU-011,Electronics,8
2024-04-07,SKU-011,Electronics,8
2024-04-08,SKU-011,Electronics,9
2024-04-09,SKU-011,Electronics,10
2024-04-10,SKU-011,Electronics,10
2024-04-11,SKU-011,Electronics,11
2024-04-12,SKU-011,Electronics,7
2024-04-13,SKU-011,Electronics,10
2024-04-14,SKU-011,Electronics,7
2024-04-15,SKU-011,Electronics,10
2024-04-16,SKU-011,Electronics,10
2024-04-17,SKU-011,Electronics,9
2024-04-18,SKU-011,Electronics,10
2024-04-19,SKU-011,Electronics,9
2024-04-20,SKU-011,Electronics,7
2024-04-21,SKU-011,Electronics,12
2024-04-22,SKU-011,Electronics,8
2024-04-23,SKU-011,Electronics,11
2024-04-24,SKU-011,Electronics,8
2024-04-25,SKU-011,Electronics,8
2024-04-26,SKU-011,Electronics,13
2024-04-27,SKU-011,Electronics,9
2024-04-28,SKU-011,Electronics,7
2024-04-29,SKU-011,Electronics,8
2024-04-30,SKU-011,Electronics,9
2024-05-01,SKU-011,Electronics,9
2024-05-02,SKU-011,Electronics,9
2024-05-03,SKU-011,Electronics,9
2024-05-04,SKU-011,Electronics,9
2024-05-05,SKU-011,Electronics,9
2024-05-06,SKU-011,Electronics,10
2024-05-07,SKU-011,Electronics,8
2024-05-08,SKU-011,Electronics,9
2024-05-09,SKU-011,Electronics,8
2024-05-10,SKU-011,Electronics,8
2024-05-11,SKU-011,Electronics,9
2024-05-12,SKU-011,Electronics,11
2024-05-13,SKU-011,Electronics,8
2024-05-14,SKU-011,Electronics,10
2024-05-15,SKU-011,Electronics,9
2024-05-16,SKU-011,Electronics,10
2024-05-17,SKU-011,Electronics,8
2024-05-18,SKU-011,Electronics,9
2024-05-19,SKU-011,Electronics,8
2024-05-20,SKU-011,Electronics,12
2024-05-21,SKU-011,Electronics,13
2024-05-22,SKU-011,Electronics,11
2024-05-23,SKU-011,Electronics,10
2024-05-24,SKU-011,Electronics,9
2024-05-25,SKU-011,Electronics,7
2024-05-26,SKU-011,Electronics,14
2024-05-27,SKU-011,Electronics,10
2024-05-28,SKU-011,Electronics,9
2024-05-29,SKU-011,Electronics,9
2024-05-30,SKU-011,Electronics,12
2024-05-31,SKU-011,Electronics,8
2024-06-01,SKU-011,Electronics,10
2024-06-02,SKU-011,Electronics,9
2024-06-03,SKU-011,Electronics,8
2024-06-04,SKU-011,Electronics,12
2024-06-05,SKU-011,Electronics,9
2024-06-06,SKU-011,Electronics,10
2024-06-07,SKU-011,Electronics,11
2024-06-08,SKU-011,Electronics,9
2024-06-09,SKU-011,Electronics,9
2024-06-10,SKU-011,Electronics,10
2024-06-11,SKU-011,Electronics,11
2024-06-12,SKU-011,Electronics,12
2024-06-13,SKU-011,Electronics,13
2024-06-14,SKU-011,Electronics,9
2024-06-15,SKU-011,Electronics,9
2024-06-16,SKU-011,Electronics,7
2024-06-17,SKU-011,Electronics,10
2024-06-18,SKU-011,Electronics,15
2024-06-19,SKU-011,Electronics,13
2024-06-20,SKU-011,Electronics,12
2024-06-21,SKU-011,Electronics,9
2024-06-22,SKU-011,Electronics,12
2024-06-23,SKU-011,Electronics,7
2024-06-24,SKU-011,Electronics,8
2024-06-25,SKU-011,Electronics,9
2024-06-26,SKU-011,Electronics,9
2024-06-27,SKU-011,Electronics,8
2024-06-28,SKU-011,Electronics,8
2024-06-29,SKU-011,Electronics,9
2024-06-30,SKU-011,Electronics,7
2024-07-01,SKU-011,Electronics,8
2024-07-02,SKU-011,Electronics,9
2024-07-03,SKU-011,Electronics,11
2024-07-04,SKU-011,Electronics,12
2024-07-05,SKU-011,Electronics,9
2024-07-06,SKU-011,Electronics,12
2024-07-07,SKU-011,Electronics,9
2024-07-08,SKU-011,Electronics,10
2024-07-09,SKU-011,Electronics,11
2024-07-10,SKU-011,Electronics,11
2024-07-11,SKU-011,Electronics,11
2024-07-12,SKU-011,Electronics,9
2024-07-13,SKU-011,Electronics,7
2024-07-14,SKU-011,Electronics,9
2024-07-15,SKU-011,Electronics,8
2024-07-16,SKU-011,Electronics,9
2024-07-17,SKU-011,Electronics,9
2024-07-18,SKU-011,Electronics,10
2024-07-19,SKU-011,Electronics,8
2024-07-20,SKU-011,Electronics,7
2024-07-21,SKU-011,Electronics,9
2024-07-22,SKU-011,Electronics,8
2024-07-23,SKU-011,Electronics,11
2024-07-24,SKU-011,Electronics,11
2024-07-25,SKU-011,Electronics,13
2024-07-26,SKU-011,Electronics,8
2024-07-27,SKU-011,Electronics,7
2024-07-28,SKU-011,Electronics,9
2024-07-29,SKU-011,Electronics,8
2024-07-30,SKU-011,Electronics,9
2024-07-31,SKU-011,Electronics,11
2024-08-01,SKU-011,Electronics,10
2024-08-02,SKU-011,Electronics,9
2024-08-03,SKU-011,Electronics,11
2024-08-04,SKU-011,Electronics,10
2024-08-05,SKU-011,Electronics,8
2024-08-06,SKU-011,Electronics,13
2024-08-07,SKU-011,Electronics,9
2024-08-08,SKU-011,Electronics,12
2024-08-09,SKU-011,Electronics,8
2024-08-10,SKU-011,Electronics,12
2024-08-11,SKU-011,Electronics,13
2024-08-12,SKU-011,Electronics,8
2024-08-13,SKU-011,Electronics,9
2024-08-14,SKU-011,Electronics,9
2024-08-15,SKU-011,Electronics,9
2024-08-16,SKU-011,Electronics,8
2024-08-17,SKU-011,Electronics,7
2024-08-18,SKU-011,Electronics,8
2024-08-19,SKU-011,Electronics,12
2024-08-20,SKU-011,Electronics,15
2024-08-21,SKU-011,Electronics,11
2024-08-22,SKU-011,Electronics,12
2024-08-23,SKU-011,Electronics,10
2024-08-24,SKU-011,Electronics,7
2024-08-25,SKU-011,Electronics,9
2024-08-26,SKU-011,Electronics,8
2024-08-27,SKU-011,Electronics,11
2024-08-28,SKU-011,Electronics,11
2024-08-29,SKU-011,Electronics,15
2024-08-30,SKU-011,Electronics,8
2024-08-31,SKU-011,Electronics,9
2024-09-01,SKU-011,Electronics,9
2024-09-02,SKU-011,Electronics,10
2024-09-03,SKU-011,Electronics,9
2024-09-04,SKU-011,Electronics,14
2024-09-05,SKU-011,Electronics,8
2024-09-06,SKU-011,Electronics,11
2024-09-07,SKU-011,Electronics,7
2024-09-08,SKU-011,Electronics,9
2024-09-09,SKU-011,Electronics,9
2024-09-10,SKU-011,Electronics,11
2024-09-11,SKU-011,Electronics,11
2024-09-12,SKU-011,Electronics,11
2024-09-13,SKU-011,Electronics,8
2024-09-14,SKU-011,Electronics,10
2024-09-15,SKU-011,Electronics,11
2024-09-16,SKU-011,Electronics,10
2024-09-17,SKU-011,Electronics,12
2024-09-18,SKU-011,Electronics,12
2024-09-19,SKU-011,Electronics,9
2024-09-20,SKU-011,Electronics,8
2024-09-21,SKU-011,Electronics,11
2024-09-22,SKU-011,Electronics,8
2024-09-23,SKU-011,Electronics,10
2024-09-24,SKU-011,Electronics,12
2024-09-25,SKU-011,Electronics,12
2024-09-26,SKU-011,Electronics,13
2024-09-27,SKU-011,Electronics,8
2024-09-28,SKU-011,Electronics,9
2024-09-29,SKU-011,Electronics,9
2024-09-30,SKU-011,Electronics,8
2024-10-01,SKU-011,Electronics,9
2024-10-02,SKU-011,Electronics,10
2024-10-03,SKU-011,Electronics,9
2024-10-04,SKU-011,Electronics,12
2024-10-05,SKU-011,Electronics,12
2024-10-06,SKU-011,Electronics,8
2024-10-07,SKU-011,Electronics,9
2024-10-08,SKU-011,Electronics,9
2024-10-09,SKU-011,Electronics,12
2024-10-10,SKU-011,Electronics,11
2024-10-11,SKU-011,Electronics,8
2024-10-12,SKU-011,Electronics,11
2024-10-13,SKU-011,Electronics,8
2024-10-14,SKU-011,Electronics,9
2024-10-15,SKU-011,Electronics,9
2024-10-16,SKU-011,Electronics,15
2024-10-17,SKU-011,Electronics,11
2024-10-18,SKU-011,Electronics,10
2024-10-19,SKU-011,Electronics,7
2024-10-20,SKU-011,Electronics,12
2024-10-21,SKU-011,Electronics,11
2024-10-22,SKU-011,Electronics,14
2024-10-23,SKU-011,Electronics,9
2024-10-24,SKU-011,Electronics,9
2024-10-25,SKU-011,Electronics,10
2024-10-26,SKU-011,Electronics,13
2024-10-27,SKU-011,Electronics,8
2024-10-28,SKU-011,Electronics,9
2024-10-29,SKU-011,Electronics,10
2024-10-30,SKU-011,Electronics,10
2024-10-31,SKU-011,Electronics,12
2024-11-01,SKU-011,Electronics,10
2024-11-02,SKU-011,Electronics,8
2024-11-03,SKU-011,Electronics,10
2024-11-04,SKU-011,Electronics,11
2024-11-05,SKU-011,Electronics,14
2024-11-06,SKU-011,Electronics,15
2024-11-07,SKU-011,Electronics,15
2024-11-08,SKU-011,Electronics,10
2024-11-09,SKU-011,Electronics,10
2024-11-10,SKU-011,Electronics,12
2024-11-11,SKU-011,Electronics,9
2024-11-12,SKU-011,Electronics,10
2024-11-13,SKU-011,Electronics,13
2024-11-14,SKU-011,Electronics,9
2024-11-15,SKU-011,Electronics,9
2024-11-16,SKU-011,Electronics,10
2024-11-17,SKU-011,Electronics,8
2024-11-18,SKU-011,Electronics,12
2024-11-19,SKU-011,Electronics,10
2024-11-20,SKU-011,Electronics,13
2024-11-21,SKU-011,Electronics,10
2024-11-22,SKU-011,Electronics,11
2024-11-23,SKU-011,Electronics,8
2024-11-24,SKU-011,Electronics,12
2024-11-25,SKU-011,Electronics,11
2024-11-26,SKU-011,Electronics,10
2024-11-27,SKU-011,Electronics,13
2024-11-28,SKU-011,Electronics,14
2024-11-29,SKU-011,Electronics,11
2024-11-30,SKU-011,Electronics,14
2024-12-01,SKU-011,Electronics,10
2024-12-02,SKU-011,Electronics,9
2024-12-03,SKU-011,Electronics,10
2024-12-04,SKU-011,Electronics,11
2024-12-05,SKU-011,Electronics,18
2024-12-06,SKU-011,Electronics,9
2024-12-07,SKU-011,Electronics,8
2024-12-08,SKU-011,Electronics,11
2024-12-09,SKU-011,Electronics,10
2024-12-10,SKU-011,Electronics,16
2024-12-11,SKU-011,Electronics,16
2024-12-12,SKU-011,Electronics,10
2024-12-13,SKU-011,Electronics,11
2024-12-14,SKU-011,Electronics,9
2024-12-15,SKU-011,Electronics,11
2024-12-16,SKU-011,Electronics,10
2024-12-17,SKU-011,Electronics,14
2024-12-18,SKU-011,Electronics,11
2024-12-19,SKU-011,Electronics,12
2024-12-20,SKU-011,Electronics,12
2024-12-21,SKU-011,Electronics,11
2024-12-22,SKU-011,Electronics,9
2024-12-23,SKU-011,Electronics,12
2024-12-24,SKU-011,Electronics,16
2024-12-25,SKU-011,Electronics,14
2024-12-26,SKU-011,Electronics,11
2024-12-27,SKU-011,Electronics,14
2024-12-28,SKU-011,Electronics,11
2024-12-29,SKU-011,Electronics,14
2023-01-02,SKU-012,Grocery,3
2023-01-03,SKU-012,Grocery,3
2023-01-04,SKU-012,Grocery,3
2023-01-05,SKU-012,Grocery,3
2023-01-06,SKU-012,Grocery,3
2023-01-07,SKU-012,Grocery,2
2023-01-08,SKU-012,Grocery,3
2023-01-09,SKU-012,Grocery,3
2023-01-10,SKU-012,Grocery,3
2023-01-11,SKU-012,Grocery,3
2023-01-12,SKU-012,Grocery,3
2023-01-13,SKU-012,Grocery,3
2023-01-14,SKU-012,Grocery,2
2023-01-15,SKU-012,Grocery,2
2023-01-16,SKU-012,Grocery,4
2023-01-17,SKU-012,Grocery,3
2023-01-18,SKU-012,Grocery,4
2023-01-19,SKU-012,Grocery,4
2023-01-20,SKU-012,Grocery,2
2023-01-21,SKU-012,Grocery,2
2023-01-22,SKU-012,Grocery,3
2023-01-23,SKU-012,Grocery,4
2023-01-24,SKU-012,Grocery,4
2023-01-25,SKU-012,Grocery,3
2023-01-26,SKU-012,Grocery,5
2023-01-27,SKU-012,Grocery,3
2023-01-28,SKU-012,Grocery,4
2023-01-29,SKU-012,Grocery,3
2023-01-30,SKU-012,Grocery,3
2023-01-31,SKU-012,Grocery,4
2023-02-01,SKU-012,Grocery,3
2023-02-02,SKU-012,Grocery,5
2023-02-03,SKU-012,Grocery,5
2023-02-04,SKU-012,Grocery,4
2023-02-05,SKU-012,Grocery,4
2023-02-06,SKU-012,Grocery,3
2023-02-07,SKU-012,Grocery,3
2023-02-08,SKU-012,Grocery,5
2023-02-09,SKU-012,Grocery,3
2023-02-10,SKU-012,Grocery,3
2023-02-11,SKU-012,Grocery,2
2023-02-12,SKU-012,Grocery,3
2023-02-13,SKU-012,Grocery,3
2023-02-14,SKU-012,Grocery,3
2023-02-15,SKU-012,Grocery,3
2023-02-16,SKU-012,Grocery,3
2023-02-17,SKU-012,Grocery,3
2023-02-18,SKU-012,Grocery,4
2023-02-19,SKU-012,Grocery,3
2023-02-20,SKU-012,Grocery,3
2023-02-21,SKU-012,Grocery,4
2023-02-22,SKU-012,Grocery,3
2023-02-23,SKU-012,Grocery,3
2023-02-24,SKU-012,Grocery,3
2023-02-25,SKU-012,Grocery,3
2023-02-26,SKU-012,Grocery,4
2023-02-27,SKU-012,Grocery,4
2023-02-28,SKU-012,Grocery,4
2023-03-01,SKU-012,Grocery,5
2023-03-02,SKU-012,Grocery,4
2023-03-03,SKU-012,Grocery,3
2023-03-04,SKU-012,Grocery,3
2023-03-05,SKU-012,Grocery,3
2023-03-06,SKU-012,Grocery,4
2023-03-07,SKU-012,Grocery,5
2023-03-08,SKU-012,Grocery,5
2023-03-09,SKU-012,Grocery,3
2023-03-10,SKU-012,Grocery,3
2023-03-11,SKU-012,Grocery,3
2023-03-12,SKU-012,Grocery,3
2023-03-13,SKU-012,Grocery,6
2023-03-14,SKU-012,Grocery,4
2023-03-15,SKU-012,Grocery,5
2023-03-16,SKU-012,Grocery,4
2023-03-17,SKU-012,Grocery,4
2023-03-18,SKU-012,Grocery,3
2023-03-19,SKU-012,Grocery,3
2023-03-20,SKU-012,Grocery,5
2023-03-21,SKU-012,Grocery,4
2023-03-22,SKU-012,Grocery,5
2023-03-23,SKU-012,Grocery,4
2023-03-24,SKU-012,Grocery,4
2023-03-25,SKU-012,Grocery,3
2023-03-26,SKU-012,Grocery,4
2023-03-27,SKU-012,Grocery,5
2023-03-28,SKU-012,Grocery,4
2023-03-29,SKU-012,Grocery,5
2023-03-30,SKU-012,Grocery,8
2023-03-31,SKU-012,Grocery,4
2023-04-01,SKU-012,Grocery,4
2023-04-02,SKU-012,Grocery,4
2023-04-03,SKU-012,Grocery,7
2023-04-04,SKU-012,Grocery,4
2023-04-05,SKU-012,Grocery,5
2023-04-06,SKU-012,Grocery,7
2023-04-07,SKU-012,Grocery,4
2023-04-08,SKU-012,Grocery,3
2023-04-09,SKU-012,Grocery,3
2023-04-10,SKU-012,Grocery,4
2023-04-11,SKU-012,Grocery,5
2023-04-12,SKU-012,Grocery,5
2023-04-13,SKU-012,Grocery,4
2023-04-14,SKU-012,Grocery,4
2023-04-15,SKU-012,Grocery,3
2023-04-16,SKU-012,Grocery,4
2023-04-17,SKU-012,Grocery,6
2023-04-18,SKU-012,Grocery,5
2023-04-19,SKU-012,Grocery,5
2023-04-20,SKU-012,Grocery,6
2023-04-21,SKU-012,Grocery,5
2023-04-22,SKU-012,Grocery,4
2023-04-23,SKU-012,Grocery,5
2023-04-24,SKU-012,Grocery,5
2023-04-25,SKU-012,Grocery,5
2023-04-26,SKU-012,Grocery,6
2023-04-27,SKU-012,Grocery,4
2023-04-28,SKU-012,Grocery,5
2023-04-29,SKU-012,Grocery,4
2023-04-30,SKU-012,Grocery,4
2023-05-01,SKU-012,Grocery,4
2023-05-02,SKU-012,Grocery,6
2023-05-03,SKU-012,Grocery,5
2023-05-04,SKU-012,Grocery,6
2023-05-05,SKU-012,Grocery,6
2023-05-06,SKU-012,Grocery,4
2023-05-07,SKU-012,Grocery,4
2023-05-08,SKU-012,Grocery,6
2023-05-09,SKU-012,Grocery,7
2023-05-10,SKU-012,Grocery,5
2023-05-11,SKU-012,Grocery,6
2023-05-12,SKU-012,Grocery,4
2023-05-13,SKU-012,Grocery,4
2023-05-14,SKU-012,Grocery,4
2023-05-15,SKU-012,Grocery,4
2023-05-16,SKU-012,Grocery,5
2023-05-17,SKU-012,Grocery,6
2023-05-18,SKU-012,Grocery,7
2023-05-19,SKU-012,Grocery,7
2023-05-20,SKU-012,Grocery,5
2023-05-21,SKU-012,Grocery,5
2023-05-22,SKU-012,Grocery,5
2023-05-23,SKU-012,Grocery,6
2023-05-24,SKU-012,Grocery,5
2023-05-25,SKU-012,Grocery,8
2023-05-26,SKU-012,Grocery,4
2023-05-27,SKU-012,Grocery,5
2023-05-28,SKU-012,Grocery,5
2023-05-29,SKU-012,Grocery,6
2023-05-30,SKU-012,Grocery,5
2023-05-31,SKU-012,Grocery,5
2023-06-01,SKU-012,Grocery,5
2023-06-02,SKU-012,Grocery,4
2023-06-03,SKU-012,Grocery,8
2023-06-04,SKU-012,Grocery,4
2023-06-05,SKU-012,Grocery,6
2023-06-06,SKU-012,Grocery,5
2023-06-07,SKU-012,Grocery,6
2023-06-08,SKU-012,Grocery,5
2023-06-09,SKU-012,Grocery,6
2023-06-10,SKU-012,Grocery,4
2023-06-11,SKU-012,Grocery,4
2023-06-12,SKU-012,Grocery,5
2023-06-13,SKU-012,Grocery,6
2023-06-14,SKU-012,Grocery,7
2023-06-15,SKU-012,Grocery,5
2023-06-16,SKU-012,Grocery,5
2023-06-17,SKU-012,Grocery,5
2023-06-18,SKU-012,Grocery,7
2023-06-19,SKU-012,Grocery,6
2023-06-20,SKU-012,Grocery,7
2023-06-21,SKU-012,Grocery,8
2023-06-22,SKU-012,Grocery,5
2023-06-23,SKU-012,Grocery,6
2023-06-24,SKU-012,Grocery,4
2023-06-25,SKU-012,Grocery,5
2023-06-26,SKU-012,Grocery,7
2023-06-27,SKU-012,Grocery,8
2023-06-28,SKU-012,Grocery,7
2023-06-29,SKU-012,Grocery,5
2023-06-30,SKU-012,Grocery,5
2023-07-01,SKU-012,Grocery,5
2023-07-02,SKU-012,Grocery,7
2023-07-03,SKU-012,Grocery,5
2023-07-04,SKU-012,Grocery,5
2023-07-05,SKU-012,Grocery,6
2023-07-06,SKU-012,Grocery,5
2023-07-07,SKU-012,Grocery,5
2023-07-08,SKU-012,Grocery,6
2023-07-09,SKU-012,Grocery,7
2023-07-10,SKU-012,Grocery,6
2023-07-11,SKU-012,Grocery,9
2023-07-12,SKU-012,Grocery,10
2023-07-13,SKU-012,Grocery,5
2023-07-14,SKU-012,Grocery,6
2023-07-15,SKU-012,Grocery,4
2023-07-16,SKU-012,Grocery,6
2023-07-17,SKU-012,Grocery,5
2023-07-18,SKU-012,Grocery,7
2023-07-19,SKU-012,Grocery,6
2023-07-20,SKU-012,Grocery,6
2023-07-21,SKU-012,Grocery,6
2023-07-22,SKU-012,Grocery,6
2023-07-23,SKU-012,Grocery,5
2023-07-24,SKU-012,Grocery,8
2023-07-25,SKU-012,Grocery,7
2023-07-26,SKU-012,Grocery,7
2023-07-27,SKU-012,Grocery,7
2023-07-28,SKU-012,Grocery,5
2023-07-29,SKU-012,Grocery,6
2023-07-30,SKU-012,Grocery,5
2023-07-31,SKU-012,Grocery,9
2023-08-01,SKU-012,Grocery,7
2023-08-02,SKU-012,Grocery,6
2023-08-03,SKU-012,Grocery,7
2023-08-04,SKU-012,Grocery,5
2023-08-05,SKU-012,Grocery,5
2023-08-06,SKU-012,Grocery,6
2023-08-07,SKU-012,Grocery,6
2023-08-08,SKU-012,Grocery,6
2023-08-09,SKU-012,Grocery,8
2023-08-10,SKU-012,Grocery,6
2023-08-11,SKU-012,Grocery,5
2023-08-12,SKU-012,Grocery,6
2023-08-13,SKU-012,Grocery,6
2023-08-14,SKU-012,Grocery,5
2023-08-15,SKU-012,Grocery,6
2023-08-16,SKU-012,Grocery,6
2023-08-17,SKU-012,Grocery,6
2023-08-18,SKU-012,Grocery,5
2023-08-19,SKU-012,Grocery,6
2023-08-20,SKU-012,Grocery,9
2023-08-21,SKU-012,Grocery,5
2023-08-22,SKU-012,Grocery,7
2023-08-23,SKU-012,Grocery,6
2023-08-24,SKU-012,Grocery,6
2023-08-25,SKU-012,Grocery,5
2023-08-26,SKU-012,Grocery,6
2023-08-27,SKU-012,Grocery,5
2023-08-28,SKU-012,Grocery,8
2023-08-29,SKU-012,Grocery,7
2023-08-30,SKU-012,Grocery,7
2023-08-31,SKU-012,Grocery,7
2023-09-01,SKU-012,Grocery,5
2023-09-02,SKU-012,Grocery,5
2023-09-03,SKU-012,Grocery,6
2023-09-04,SKU-012,Grocery,5
2023-09-05,SKU-012,Grocery,9
2023-09-06,SKU-012,Grocery,8
2023-09-07,SKU-012,Grocery,6
2023-09-08,SKU-012,Grocery,7
2023-09-09,SKU-012,Grocery,5
2023-09-10,SKU-012,Grocery,5
2023-09-11,SKU-012,Grocery,7
2023-09-12,SKU-012,Grocery,8
2023-09-13,SKU-012,Grocery,6
2023-09-14,SKU-012,Grocery,7
2023-09-15,SKU-012,Grocery,6
2023-09-16,SKU-012,Grocery,5
2023-09-17,SKU-012,Grocery,8
2023-09-18,SKU-012,Grocery,8
2023-09-19,SKU-012,Grocery,6
2023-09-20,SKU-012,Grocery,8
2023-09-21,SKU-012,Grocery,8
2023-09-22,SKU-012,Grocery,7
2023-09-23,SKU-012,Grocery,5
2023-09-24,SKU-012,Grocery,5
2023-09-25,SKU-012,Grocery,8
2023-09-26,SKU-012,Grocery,8
2023-09-27,SKU-012,Grocery,12
2023-09-28,SKU-012,Grocery,9
2023-09-29,SKU-012,Grocery,7
2023-09-30,SKU-012,Grocery,5
2023-10-01,SKU-012,Grocery,5
2023-10-02,SKU-012,Grocery,8
2023-10-03,SKU-012,Grocery,8
2023-10-04,SKU-012,Grocery,6
2023-10-05,SKU-012,Grocery,9
2023-10-06,SKU-012,Grocery,7
2023-10-07,SKU-012,Grocery,5
2023-10-08,SKU-012,Grocery,6
2023-10-09,SKU-012,Grocery,9
2023-10-10,SKU-012,Grocery,6
2023-10-11,SKU-012,Grocery,10
2023-10-12,SKU-012,Grocery,8
2023-10-13,SKU-012,Grocery,6
2023-10-14,SKU-012,Grocery,7
2023-10-15,SKU-012,Grocery,7
2023-10-16,SKU-012,Grocery,6
2023-10-17,SKU-012,Grocery,12
2023-10-18,SKU-012,Grocery,7
2023-10-19,SKU-012,Grocery,8
2023-10-20,SKU-012,Grocery,6
2023-10-21,SKU-012,Grocery,6
2023-10-22,SKU-012,Grocery,6
2023-10-23,SKU-012,Grocery,6
2023-10-24,SKU-012,Grocery,8
2023-10-25,SKU-012,Grocery,9
2023-10-26,SKU-012,Grocery,8
2023-10-27,SKU-012,Grocery,7
2023-10-28,SKU-012,Grocery,6
2023-10-29,SKU-012,Grocery,6
2023-10-30,SKU-012,Grocery,9
2023-10-31,SKU-012,Grocery,7
2023-11-01,SKU-012,Grocery,9
2023-11-02,SKU-012,Grocery,7
2023-11-03,SKU-012,Grocery,6
2023-11-04,SKU-012,Grocery,6
2023-11-05,SKU-012,Grocery,7
2023-11-06,SKU-012,Grocery,8
2023-11-07,SKU-012,Grocery,10
2023-11-08,SKU-012,Grocery,9
2023-11-09,SKU-012,Grocery,8
2023-11-10,SKU-012,Grocery,6
2023-11-11,SKU-012,Grocery,6
2023-11-12,SKU-012,Grocery,8
2023-11-13,SKU-012,Grocery,7
2023-11-14,SKU-012,Grocery,7
2023-11-15,SKU-012,Grocery,9
2023-11-16,SKU-012,Grocery,9
2023-11-17,SKU-012,Grocery,9
2023-11-18,SKU-012,Grocery,10
2023-11-19,SKU-012,Grocery,6
2023-11-20,SKU-012,Grocery,7
2023-11-21,SKU-012,Grocery,13
2023-11-22,SKU-012,Grocery,9
2023-11-23,SKU-012,Grocery,9
2023-11-24,SKU-012,Grocery,8
2023-11-25,SKU-012,Grocery,6
2023-11-26,SKU-012,Grocery,6
2023-11-27,SKU-012,Grocery,7
2023-11-28,SKU-012,Grocery,11
2023-11-29,SKU-012,Grocery,11
2023-11-30,SKU-012,Grocery,7
2023-12-01,SKU-012,Grocery,6
2023-12-02,SKU-012,Grocery,8
2023-12-03,SKU-012,Grocery,10
2023-12-04,SKU-012,Grocery,7
2023-12-05,SKU-012,Grocery,8
2023-12-06,SKU-012,Grocery,13
2023-12-07,SKU-012,Grocery,11
2023-12-08,SKU-012,Grocery,10
2023-12-09,SKU-012,Grocery,11
2023-12-10,SKU-012,Grocery,8
2023-12-11,SKU-012,Grocery,7
2023-12-12,SKU-012,Grocery,11
2023-12-13,SKU-012,Grocery,10
2023-12-14,SKU-012,Grocery,8
2023-12-15,SKU-012,Grocery,7
2023-12-16,SKU-012,Grocery,8
2023-12-17,SKU-012,Grocery,6
2023-12-18,SKU-012,Grocery,12
2023-12-19,SKU-012,Grocery,8
2023-12-20,SKU-012,Grocery,12
2023-12-21,SKU-012,Grocery,8
2023-12-22,SKU-012,Grocery,7
2023-12-23,SKU-012,Grocery,6
2023-12-24,SKU-012,Grocery,8
2023-12-25,SKU-012,Grocery,9
2023-12-26,SKU-012,Grocery,12
2023-12-27,SKU-012,Grocery,10
2023-12-28,SKU-012,Grocery,8
2023-12-29,SKU-012,Grocery,14
2023-12-30,SKU-012,Grocery,7
2023-12-31,SKU-012,Grocery,8
2024-01-01,SKU-012,Grocery,8
2024-01-02,SKU-012,Grocery,8
2024-01-03,SKU-012,Grocery,10
2024-01-04,SKU-012,Grocery,8
2024-01-05,SKU-012,Grocery,9
2024-01-06,SKU-012,Grocery,7
2024-01-07,SKU-012,Grocery,9
2024-01-08,SKU-012,Grocery,11
2024-01-09,SKU-012,Grocery,14
2024-01-10,SKU-012,Grocery,13
2024-01-11,SKU-012,Grocery,12
2024-01-12,SKU-012,Grocery,8
2024-01-13,SKU-012,Grocery,10
2024-01-14,SKU-012,Grocery,7
2024-01-15,SKU-012,Grocery,8
2024-01-16,SKU-012,Grocery,11
2024-01-17,SKU-012,Grocery,9
2024-01-18,SKU-012,Grocery,12
2024-01-19,SKU-012,Grocery,8
2024-01-20,SKU-012,Grocery,9
2024-01-21,SKU-012,Grocery,8
2024-01-22,SKU-012,Grocery,10
2024-01-23,SKU-012,Grocery,13
2024-01-24,SKU-012,Grocery,9
2024-01-25,SKU-012,Grocery,9
2024-01-26,SKU-012,Grocery,11
2024-01-27,SKU-012,Grocery,11
2024-01-28,SKU-012,Grocery,9
2024-01-29,SKU-012,Grocery,8
2024-01-30,SKU-012,Grocery,11
2024-01-31,SKU-012,Grocery,14
2024-02-01,SKU-012,Grocery,9
2024-02-02,SKU-012,Grocery,12
2024-02-03,SKU-012,Grocery,10
2024-02-04,SKU-012,Grocery,8
2024-02-05,SKU-012,Grocery,8
2024-02-06,SKU-012,Grocery,9
2024-02-07,SKU-012,Grocery,14
2024-02-08,SKU-012,Grocery,9
2024-02-09,SKU-012,Grocery,10
2024-02-10,SKU-012,Grocery,7
2024-02-11,SKU-012,Grocery,8
2024-02-12,SKU-012,Grocery,8
2024-02-13,SKU-012,Grocery,9
2024-02-14,SKU-012,Grocery,12
2024-02-15,SKU-012,Grocery,11
2024-02-16,SKU-012,Grocery,8
2024-02-17,SKU-012,Grocery,7
2024-02-18,SKU-012,Grocery,8
2024-02-19,SKU-012,Grocery,11
2024-02-20,SKU-012,Grocery,9
2024-02-21,SKU-012,Grocery,12
2024-02-22,SKU-012,Grocery,9
2024-02-23,SKU-012,Grocery,10
2024-02-24,SKU-012,Grocery,8
2024-02-25,SKU-012,Grocery,8
2024-02-26,SKU-012,Grocery,10
2024-02-27,SKU-012,Grocery,14
2024-02-28,SKU-012,Grocery,12
2024-02-29,SKU-012,Grocery,11
2024-03-01,SKU-012,Grocery,10
2024-03-02,SKU-012,Grocery,10
2024-03-03,SKU-012,Grocery,12
2024-03-04,SKU-012,Grocery,11
2024-03-05,SKU-012,Grocery,10
2024-03-06,SKU-012,Grocery,15
2024-03-07,SKU-012,Grocery,14
2024-03-08,SKU-012,Grocery,13
2024-03-09,SKU-012,Grocery,11
2024-03-10,SKU-012,Grocery,8
2024-03-11,SKU-012,Grocery,9
2024-03-12,SKU-012,Grocery,10
2024-03-13,SKU-012,Grocery,10
2024-03-14,SKU-012,Grocery,12
2024-03-15,SKU-012,Grocery,11
2024-03-16,SKU-012,Grocery,10
2024-03-17,SKU-012,Grocery,8
2024-03-18,SKU-012,Grocery,9
2024-03-19,SKU-012,Grocery,10
2024-03-20,SKU-012,Grocery,10
2024-03-21,SKU-012,Grocery,12
2024-03-22,SKU-012,Grocery,11
2024-03-23,SKU-012,Grocery,8
2024-03-24,SKU-012,Grocery,9
2024-03-25,SKU-012,Grocery,9
2024-03-26,SKU-012,Grocery,12
2024-03-27,SKU-012,Grocery,15
2024-03-28,SKU-012,Grocery,15
2024-03-29,SKU-012,Grocery,9
2024-03-30,SKU-012,Grocery,8
2024-03-31,SKU-012,Grocery,9
2024-04-01,SKU-012,Grocery,9
2024-04-02,SKU-012,Grocery,10
2024-04-03,SKU-012,Grocery,10
2024-04-04,SKU-012,Grocery,10
2024-04-05,SKU-012,Grocery,13
2024-04-06,SKU-012,Grocery,10
2024-04-07,SKU-012,Grocery,11
2024-04-08,SKU-012,Grocery,12
2024-04-09,SKU-012,Grocery,13
2024-04-10,SKU-012,Grocery,13
2024-04-11,SKU-012,Grocery,14
2024-04-12,SKU-012,Grocery,9
2024-04-13,SKU-012,Grocery,12
2024-04-14,SKU-012,Grocery,9
2024-04-15,SKU-012,Grocery,11
2024-04-16,SKU-012,Grocery,14
2024-04-17,SKU-012,Grocery,10
2024-04-18,SKU-012,Grocery,12
2024-04-19,SKU-012,Grocery,11
2024-04-20,SKU-012,Grocery,9
2024-04-21,SKU-012,Grocery,14
2024-04-22,SKU-012,Grocery,10
2024-04-23,SKU-012,Grocery,13
2024-04-24,SKU-012,Grocery,11
2024-04-25,SKU-012,Grocery,10
2024-04-26,SKU-012,Grocery,16
2024-04-27,SKU-012,Grocery,10
2024-04-28,SKU-012,Grocery,9
2024-04-29,SKU-012,Grocery,10
2024-04-30,SKU-012,Grocery,11
2024-05-01,SKU-012,Grocery,11
2024-05-02,SKU-012,Grocery,10
2024-05-03,SKU-012,Grocery,12
2024-05-04,SKU-012,Grocery,11
2024-05-05,SKU-012,Grocery,11
2024-05-06,SKU-012,Grocery,12
2024-05-07,SKU-012,Grocery,11
2024-05-08,SKU-012,Grocery,12
2024-05-09,SKU-012,Grocery,10
2024-05-10,SKU-012,Grocery,10
2024-05-11,SKU-012,Grocery,11
2024-05-12,SKU-012,Grocery,13
2024-05-13,SKU-012,Grocery,10
2024-05-14,SKU-012,Grocery,14
2024-05-15,SKU-012,Grocery,11
2024-05-16,SKU-012,Grocery,13
2024-05-17,SKU-012,Grocery,9
2024-05-18,SKU-012,Grocery,11
2024-05-19,SKU-012,Grocery,9
2024-05-20,SKU-012,Grocery,15
2024-05-21,SKU-012,Grocery,16
2024-05-22,SKU-012,Grocery,13
2024-05-23,SKU-012,Grocery,13
2024-05-24,SKU-012,Grocery,11
2024-05-25,SKU-012,Grocery,9
2024-05-26,SKU-012,Grocery,17
2024-05-27,SKU-012,Grocery,13
2024-05-28,SKU-012,Grocery,11
2024-05-29,SKU-012,Grocery,11
2024-05-30,SKU-012,Grocery,15
2024-05-31,SKU-012,Grocery,9
2024-06-01,SKU-012,Grocery,12
2024-06-02,SKU-012,Grocery,11
2024-06-03,SKU-012,Grocery,10
2024-06-04,SKU-012,Grocery,16
2024-06-05,SKU-012,Grocery,12
2024-06-06,SKU-012,Grocery,13
2024-06-07,SKU-012,Grocery,14
2024-06-08,SKU-012,Grocery,11
2024-06-09,SKU-012,Grocery,11
2024-06-10,SKU-012,Grocery,13
2024-06-11,SKU-012,Grocery,14
2024-06-12,SKU-012,Grocery,14
2024-06-13,SKU-012,Grocery,16
2024-06-14,SKU-012,Grocery,12
2024-06-15,SKU-012,Grocery,11
2024-06-16,SKU-012,Grocery,9
2024-06-17,SKU-012,Grocery,12
2024-06-18,SKU-012,Grocery,18
2024-06-19,SKU-012,Grocery,16
2024-06-20,SKU-012,Grocery,16
2024-06-21,SKU-012,Grocery,12
2024-06-22,SKU-012,Grocery,16
2024-06-23,SKU-012,Grocery,9
2024-06-24,SKU-012,Grocery,10
2024-06-25,SKU-012,Grocery,11
2024-06-26,SKU-012,Grocery,11
2024-06-27,SKU-012,Grocery,10
2024-06-28,SKU-012,Grocery,9
2024-06-29,SKU-012,Grocery,11
2024-06-30,SKU-012,Grocery,9
2024-07-01,SKU-012,Grocery,10
2024-07-02,SKU-012,Grocery,11
2024-07-03,SKU-012,Grocery,14
2024-07-04,SKU-012,Grocery,16
2024-07-05,SKU-012,Grocery,12
2024-07-06,SKU-012,Grocery,16
2024-07-07,SKU-012,Grocery,11
2024-07-08,SKU-012,Grocery,13
2024-07-09,SKU-012,Grocery,14
2024-07-10,SKU-012,Grocery,14
2024-07-11,SKU-012,Grocery,12
2024-07-12,SKU-012,Grocery,12
2024-07-13,SKU-012,Grocery,9
2024-07-14,SKU-012,Grocery,11
2024-07-15,SKU-012,Grocery,10
2024-07-16,SKU-012,Grocery,11
2024-07-17,SKU-012,Grocery,11
2024-07-18,SKU-012,Grocery,13
2024-07-19,SKU-012,Grocery,10
2024-07-20,SKU-012,Grocery,9
2024-07-21,SKU-012,Grocery,11
2024-07-22,SKU-012,Grocery,10
2024-07-23,SKU-012,Grocery,14
2024-07-24,SKU-012,Grocery,14
2024-07-25,SKU-012,Grocery,15
2024-07-26,SKU-012,Grocery,10
2024-07-27,SKU-012,Grocery,9
2024-07-28,SKU-012,Grocery,11
2024-07-29,SKU-012,Grocery,10
2024-07-30,SKU-012,Grocery,11
2024-07-31,SKU-012,Grocery,14
2024-08-01,SKU-012,Grocery,13
2024-08-02,SKU-012,Grocery,13
2024-08-03,SKU-012,Grocery,13
2024-08-04,SKU-012,Grocery,11
2024-08-05,SKU-012,Grocery,10
2024-08-06,SKU-012,Grocery,17
2024-08-07,SKU-012,Grocery,11
2024-08-08,SKU-012,Grocery,17
2024-08-09,SKU-012,Grocery,10
2024-08-10,SKU-012,Grocery,15
2024-08-11,SKU-012,Grocery,16
2024-08-12,SKU-012,Grocery,10
2024-08-13,SKU-012,Grocery,12
2024-08-14,SKU-012,Grocery,11
2024-08-15,SKU-012,Grocery,11
2024-08-16,SKU-012,Grocery,10
2024-08-17,SKU-012,Grocery,9
2024-08-18,SKU-012,Grocery,10
2024-08-19,SKU-012,Grocery,15
2024-08-20,SKU-012,Grocery,20
2024-08-21,SKU-012,Grocery,15
2024-08-22,SKU-012,Grocery,15
2024-08-23,SKU-012,Grocery,13
2024-08-24,SKU-012,Grocery,9
2024-08-25,SKU-012,Grocery,11
2024-08-26,SKU-012,Grocery,10
2024-08-27,SKU-012,Grocery,14
2024-08-28,SKU-012,Grocery,14
2024-08-29,SKU-012,Grocery,19
2024-08-30,SKU-012,Grocery,10
2024-08-31,SKU-012,Grocery,11
2024-09-01,SKU-012,Grocery,11
2024-09-02,SKU-012,Grocery,13
2024-09-03,SKU-012,Grocery,12
2024-09-04,SKU-012,Grocery,18
2024-09-05,SKU-012,Grocery,11
2024-09-06,SKU-012,Grocery,15
2024-09-07,SKU-012,Grocery,9
2024-09-08,SKU-012,Grocery,12
2024-09-09,SKU-012,Grocery,11
2024-09-10,SKU-012,Grocery,14
2024-09-11,SKU-012,Grocery,14
2024-09-12,SKU-012,Grocery,14
2024-09-13,SKU-012,Grocery,10
2024-09-14,SKU-012,Grocery,13
2024-09-15,SKU-012,Grocery,14
2024-09-16,SKU-012,Grocery,13
2024-09-17,SKU-012,Grocery,15
2024-09-18,SKU-012,Grocery,15
2024-09-19,SKU-012,Grocery,11
2024-09-20,SKU-012,Grocery,10
2024-09-21,SKU-012,Grocery,14
2024-09-22,SKU-012,Grocery,9
2024-09-23,SKU-012,Grocery,13
2024-09-24,SKU-012,Grocery,14
2024-09-25,SKU-012,Grocery,15
2024-09-26,SKU-012,Grocery,16
2024-09-27,SKU-012,Grocery,10
2024-09-28,SKU-012,Grocery,12
2024-09-29,SKU-012,Grocery,12
2024-09-30,SKU-012,Grocery,10
2024-10-01,SKU-012,Grocery,11
2024-10-02,SKU-012,Grocery,12
2024-10-03,SKU-012,Grocery,11
2024-10-04,SKU-012,Grocery,15
2024-10-05,SKU-012,Grocery,16
2024-10-06,SKU-012,Grocery,10
2024-10-07,SKU-012,Grocery,11
2024-10-08,SKU-012,Grocery,12
2024-10-09,SKU-012,Grocery,15
2024-10-10,SKU-012,Grocery,14
2024-10-11,SKU-012,Grocery,10
2024-10-12,SKU-012,Grocery,15
2024-10-13,SKU-012,Grocery,10
2024-10-14,SKU-012,Grocery,11
2024-10-15,SKU-012,Grocery,13
2024-10-16,SKU-012,Grocery,18
2024-10-17,SKU-012,Grocery,14
2024-10-18,SKU-012,Grocery,13
2024-10-19,SKU-012,Grocery,10
2024-10-20,SKU-012,Grocery,15
2024-10-21,SKU-012,Grocery,13
2024-10-22,SKU-012,Grocery,17
2024-10-23,SKU-012,Grocery,12
2024-10-24,SKU-012,Grocery,12
2024-10-25,SKU-012,Grocery,14
2024-10-26,SKU-012,Grocery,17
2024-10-27,SKU-012,Grocery,10
2024-10-28,SKU-012,Grocery,11
2024-10-29,SKU-012,Grocery,12
2024-10-30,SKU-012,Grocery,13
2024-10-31,SKU-012,Grocery,15
2024-11-01,SKU-012,Grocery,13
2024-11-02,SKU-012,Grocery,10
2024-11-03,SKU-012,Grocery,12
2024-11-04,SKU-012,Grocery,14
2024-11-05,SKU-012,Grocery,18
2024-11-06,SKU-012,Grocery,18
2024-11-07,SKU-012,Grocery,18
2024-11-08,SKU-012,Grocery,14
2024-11-09,SKU-012,Grocery,12
2024-11-10,SKU-012,Grocery,15
2024-11-11,SKU-012,Grocery,12
2024-11-12,SKU-012,Grocery,13
2024-11-13,SKU-012,Grocery,16
2024-11-14,SKU-012,Grocery,12
2024-11-15,SKU-012,Grocery,11
2024-11-16,SKU-012,Grocery,13
2024-11-17,SKU-012,Grocery,11
2024-11-18,SKU-012,Grocery,14
2024-11-19,SKU-012,Grocery,13
2024-11-20,SKU-012,Grocery,17
2024-11-21,SKU-012,Grocery,12
2024-11-22,SKU-012,Grocery,14
2024-11-23,SKU-012,Grocery,10
2024-11-24,SKU-012,Grocery,16
2024-11-25,SKU-012,Grocery,14
2024-11-26,SKU-012,Grocery,12
2024-11-27,SKU-012,Grocery,17
2024-11-28,SKU-012,Grocery,19
2024-11-29,SKU-012,Grocery,14
2024-11-30,SKU-012,Grocery,18
2024-12-01,SKU-012,Grocery,14
2024-12-02,SKU-012,Grocery,12
2024-12-03,SKU-012,Grocery,13
2024-12-04,SKU-012,Grocery,13
2024-12-05,SKU-012,Grocery,21
2024-12-06,SKU-012,Grocery,11
2024-12-07,SKU-012,Grocery,11
2024-12-08,SKU-012,Grocery,14
2024-12-09,SKU-012,Grocery,12
2024-12-10,SKU-012,Grocery,20
2024-12-11,SKU-012,Grocery,20
2024-12-12,SKU-012,Grocery,13
2024-12-13,SKU-012,Grocery,14
2024-12-14,SKU-012,Grocery,11
2024-12-15,SKU-012,Grocery,14
2024-12-16,SKU-012,Grocery,12
2024-12-17,SKU-012,Grocery,17
2024-12-18,SKU-012,Grocery,14
2024-12-19,SKU-012,Grocery,16
2024-12-20,SKU-012,Grocery,16
2024-12-21,SKU-012,Grocery,14
2024-12-22,SKU-012,Grocery,11
2024-12-23,SKU-012,Grocery,15
2024-12-24,SKU-012,Grocery,20
2024-12-25,SKU-012,Grocery,17
2024-12-26,SKU-012,Grocery,13
2024-12-27,SKU-012,Grocery,17
2024-12-28,SKU-012,Grocery,13
2024-12-29,SKU-012,Grocery,16
2023-01-02,SKU-013,Beauty,3
2023-01-03,SKU-013,Beauty,3
2023-01-04,SKU-013,Beauty,4
2023-01-05,SKU-013,Beauty,3
2023-01-06,SKU-013,Beauty,4
2023-01-07,SKU-013,Beauty,3
2023-01-08,SKU-013,Beauty,3
2023-01-09,SKU-013,Beauty,4
2023-01-10,SKU-013,Beauty,3
2023-01-11,SKU-013,Beauty,4
2023-01-12,SKU-013,Beauty,3
2023-01-13,SKU-013,Beauty,3
2023-01-14,SKU-013,Beauty,3
2023-01-15,SKU-013,Beauty,3
2023-01-16,SKU-013,Beauty,5
2023-01-17,SKU-013,Beauty,4
2023-01-18,SKU-013,Beauty,5
2023-01-19,SKU-013,Beauty,5
2023-01-20,SKU-013,Beauty,3
2023-01-21,SKU-013,Beauty,3
2023-01-22,SKU-013,Beauty,4
2023-01-23,SKU-013,Beauty,5
2023-01-24,SKU-013,Beauty,4
2023-01-25,SKU-013,Beauty,4
2023-01-26,SKU-013,Beauty,5
2023-01-27,SKU-013,Beauty,3
2023-01-28,SKU-013,Beauty,5
2023-01-29,SKU-013,Beauty,3
2023-01-30,SKU-013,Beauty,3
2023-01-31,SKU-013,Beauty,4
2023-02-01,SKU-013,Beauty,4
2023-02-02,SKU-013,Beauty,5
2023-02-03,SKU-013,Beauty,6
2023-02-04,SKU-013,Beauty,5
2023-02-05,SKU-013,Beauty,5
2023-02-06,SKU-013,Beauty,4
2023-02-07,SKU-013,Beauty,4
2023-02-08,SKU-013,Beauty,6
2023-02-09,SKU-013,Beauty,4
2023-02-10,SKU-013,Beauty,3
2023-02-11,SKU-013,Beauty,3
2023-02-12,SKU-013,Beauty,3
2023-02-13,SKU-013,Beauty,4
2023-02-14,SKU-013,Beauty,4
2023-02-15,SKU-013,Beauty,4
2023-02-16,SKU-013,Beauty,4
2023-02-17,SKU-013,Beauty,4
2023-02-18,SKU-013,Beauty,4
2023-02-19,SKU-013,Beauty,3
2023-02-20,SKU-013,Beauty,4
2023-02-21,SKU-013,Beauty,5
2023-02-22,SKU-013,Beauty,4
2023-02-23,SKU-013,Beauty,4
2023-02-24,SKU-013,Beauty,4
2023-02-25,SKU-013,Beauty,4
2023-02-26,SKU-013,Beauty,4
2023-02-27,SKU-013,Beauty,5
2023-02-28,SKU-013,Beauty,4
2023-03-01,SKU-013,Beauty,5
2023-03-02,SKU-013,Beauty,4
2023-03-03,SKU-013,Beauty,4
2023-03-04,SKU-013,Beauty,4
2023-03-05,SKU-013,Beauty,4
2023-03-06,SKU-013,Beauty,5
2023-03-07,SKU-013,Beauty,5
2023-03-08,SKU-013,Beauty,5
2023-03-09,SKU-013,Beauty,4
2023-03-10,SKU-013,Beauty,4
2023-03-11,SKU-013,Beauty,4
2023-03-12,SKU-013,Beauty,3
2023-03-13,SKU-013,Beauty,7
2023-03-14,SKU-013,Beauty,5
2023-03-15,SKU-013,Beauty,6
2023-03-16,SKU-013,Beauty,5
2023-03-17,SKU-013,Beauty,5
2023-03-18,SKU-013,Beauty,4
2023-03-19,SKU-013,Beauty,4
2023-03-20,SKU-013,Beauty,5
2023-03-21,SKU-013,Beauty,5
2023-03-22,SKU-013,Beauty,6
2023-03-23,SKU-013,Beauty,5
2023-03-24,SKU-013,Beauty,5
2023-03-25,SKU-013,Beauty,4
2023-03-26,SKU-013,Beauty,4
2023-03-27,SKU-013,Beauty,6
2023-03-28,SKU-013,Beauty,5
2023-03-29,SKU-013,Beauty,6
2023-03-30,SKU-013,Beauty,9
2023-03-31,SKU-013,Beauty,4
2023-04-01,SKU-013,Beauty,4
2023-04-02,SKU-013,Beauty,5
2023-04-03,SKU-013,Beauty,8
2023-04-04,SKU-013,Beauty,5
2023-04-05,SKU-013,Beauty,6
2023-04-06,SKU-013,Beauty,8
2023-04-07,SKU-013,Beauty,5
2023-04-08,SKU-013,Beauty,4
2023-04-09,SKU-013,Beauty,4
2023-04-10,SKU-013,Beauty,5
2023-04-11,SKU-013,Beauty,5
2023-04-12,SKU-013,Beauty,5
2023-04-13,SKU-013,Beauty,5
2023-04-14,SKU-013,Beauty,5
2023-04-15,SKU-013,Beauty,4
2023-04-16,SKU-013,Beauty,5
2023-04-17,SKU-013,Beauty,7
2023-04-18,SKU-013,Beauty,7
2023-04-19,SKU-013,Beauty,5
2023-04-20,SKU-013,Beauty,8
2023-04-21,SKU-013,Beauty,6
2023-04-22,SKU-013,Beauty,5
2023-04-23,SKU-013,Beauty,6
2023-04-24,SKU-013,Beauty,6
2023-04-25,SKU-013,Beauty,7
2023-04-26,SKU-013,Beauty,7
2023-04-27,SKU-013,Beauty,5
2023-04-28,SKU-013,Beauty,6
2023-04-29,SKU-013,Beauty,4
2023-04-30,SKU-013,Beauty,5
2023-05-01,SKU-013,Beauty,5
2023-05-02,SKU-013,Beauty,7
2023-05-03,SKU-013,Beauty,6
2023-05-04,SKU-013,Beauty,6
2023-05-05,SKU-013,Beauty,7
2023-05-06,SKU-013,Beauty,5
2023-05-07,SKU-013,Beauty,5
2023-05-08,SKU-013,Beauty,8
2023-05-09,SKU-013,Beauty,8
2023-05-10,SKU-013,Beauty,6
2023-05-11,SKU-013,Beauty,7
2023-05-12,SKU-013,Beauty,5
2023-05-13,SKU-013,Beauty,5
2023-05-14,SKU-013,Beauty,5
2023-05-15,SKU-013,Beauty,5
2023-05-16,SKU-013,Beauty,6
2023-05-17,SKU-013,Beauty,7
2023-05-18,SKU-013,Beauty,8
2023-05-19,SKU-013,Beauty,9
2023-05-20,SKU-013,Beauty,6
2023-05-21,SKU-013,Beauty,6
2023-05-22,SKU-013,Beauty,5
2023-05-23,SKU-013,Beauty,7
2023-05-24,SKU-013,Beauty,6
2023-05-25,SKU-013,Beauty,10
2023-05-26,SKU-013,Beauty,5
2023-05-27,SKU-013,Beauty,6
2023-05-28,SKU-013,Beauty,6
2023-05-29,SKU-013,Beauty,7
2023-05-30,SKU-013,Beauty,6
2023-05-31,SKU-013,Beauty,6
2023-06-01,SKU-013,Beauty,6
2023-06-02,SKU-013,Beauty,5
2023-06-03,SKU-013,Beauty,9
2023-06-04,SKU-013,Beauty,5
2023-06-05,SKU-013,Beauty,7
2023-06-06,SKU-013,Beauty,6
2023-06-07,SKU-013,Beauty,8
2023-06-08,SKU-013,Beauty,6
2023-06-09,SKU-013,Beauty,6
2023-06-10,SKU-013,Beauty,5
2023-06-11,SKU-013,Beauty,5
2023-06-12,SKU-013,Beauty,6
2023-06-13,SKU-013,Beauty,7
2023-06-14,SKU-013,Beauty,8
2023-06-15,SKU-013,Beauty,6
2023-06-16,SKU-013,Beauty,7
2023-06-17,SKU-013,Beauty,6
2023-06-18,SKU-013,Beauty,8
2023-06-19,SKU-013,Beauty,7
2023-06-20,SKU-013,Beauty,8
2023-06-21,SKU-013,Beauty,10
2023-06-22,SKU-013,Beauty,6
2023-06-23,SKU-013,Beauty,8
2023-06-24,SKU-013,Beauty,5
2023-06-25,SKU-013,Beauty,6
2023-06-26,SKU-013,Beauty,8
2023-06-27,SKU-013,Beauty,9
2023-06-28,SKU-013,Beauty,8
2023-06-29,SKU-013,Beauty,6
2023-06-30,SKU-013,Beauty,6
2023-07-01,SKU-013,Beauty,7
2023-07-02,SKU-013,Beauty,8
2023-07-03,SKU-013,Beauty,6
2023-07-04,SKU-013,Beauty,7
2023-07-05,SKU-013,Beauty,7
2023-07-06,SKU-013,Beauty,6
2023-07-07,SKU-013,Beauty,6
2023-07-08,SKU-013,Beauty,7
2023-07-09,SKU-013,Beauty,8
2023-07-10,SKU-013,Beauty,8
2023-07-11,SKU-013,Beauty,9
2023-07-12,SKU-013,Beauty,11
2023-07-13,SKU-013,Beauty,6
2023-07-14,SKU-013,Beauty,7
2023-07-15,SKU-013,Beauty,5
2023-07-16,SKU-013,Beauty,7
2023-07-17,SKU-013,Beauty,6
2023-07-18,SKU-013,Beauty,8
2023-07-19,SKU-013,Beauty,7
2023-07-20,SKU-013,Beauty,8
2023-07-21,SKU-013,Beauty,7
2023-07-22,SKU-013,Beauty,7
2023-07-23,SKU-013,Beauty,6
2023-07-24,SKU-013,Beauty,9
2023-07-25,SKU-013,Beauty,9
2023-07-26,SKU-013,Beauty,9
2023-07-27,SKU-013,Beauty,8
2023-07-28,SKU-013,Beauty,6
2023-07-29,SKU-013,Beauty,7
2023-07-30,SKU-013,Beauty,7
2023-07-31,SKU-013,Beauty,11
2023-08-01,SKU-013,Beauty,8
2023-08-02,SKU-013,Beauty,7
2023-08-03,SKU-013,Beauty,8
2023-08-04,SKU-013,Beauty,6
2023-08-05,SKU-013,Beauty,5
2023-08-06,SKU-013,Beauty,7
2023-08-07,SKU-013,Beauty,8
2023-08-08,SKU-013,Beauty,7
2023-08-09,SKU-013,Beauty,9
2023-08-10,SKU-013,Beauty,7
2023-08-11,SKU-013,Beauty,6
2023-08-12,SKU-013,Beauty,7
2023-08-13,SKU-013,Beauty,7
2023-08-14,SKU-013,Beauty,6
2023-08-15,SKU-013,Beauty,7
2023-08-16,SKU-013,Beauty,7
2023-08-17,SKU-013,Beauty,7
2023-08-18,SKU-013,Beauty,6
2023-08-19,SKU-013,Beauty,7
2023-08-20,SKU-013,Beauty,10
2023-08-21,SKU-013,Beauty,7
2023-08-22,SKU-013,Beauty,9
2023-08-23,SKU-013,Beauty,8
2023-08-24,SKU-013,Beauty,7
2023-08-25,SKU-013,Beauty,6
2023-08-26,SKU-013,Beauty,7
2023-08-27,SKU-013,Beauty,6
2023-08-28,SKU-013,Beauty,10
2023-08-29,SKU-013,Beauty,9
2023-08-30,SKU-013,Beauty,7
2023-08-31,SKU-013,Beauty,9
2023-09-01,SKU-013,Beauty,6
2023-09-02,SKU-013,Beauty,6
2023-09-03,SKU-013,Beauty,7
2023-09-04,SKU-013,Beauty,7
2023-09-05,SKU-013,Beauty,11
2023-09-06,SKU-013,Beauty,9
2023-09-07,SKU-013,Beauty,7
2023-09-08,SKU-013,Beauty,8
2023-09-09,SKU-013,Beauty,6
2023-09-10,SKU-013,Beauty,6
2023-09-11,SKU-013,Beauty,9
2023-09-12,SKU-013,Beauty,9
2023-09-13,SKU-013,Beauty,8
2023-09-14,SKU-013,Beauty,9
2023-09-15,SKU-013,Beauty,8
2023-09-16,SKU-013,Beauty,6
2023-09-17,SKU-013,Beauty,9
2023-09-18,SKU-013,Beauty,10
2023-09-19,SKU-013,Beauty,8
2023-09-20,SKU-013,Beauty,10
2023-09-21,SKU-013,Beauty,10
2023-09-22,SKU-013,Beauty,8
2023-09-23,SKU-013,Beauty,6
2023-09-24,SKU-013,Beauty,6
2023-09-25,SKU-013,Beauty,10
2023-09-26,SKU-013,Beauty,9
2023-09-27,SKU-013,Beauty,13
2023-09-28,SKU-013,Beauty,11
2023-09-29,SKU-013,Beauty,8
2023-09-30,SKU-013,Beauty,6
2023-10-01,SKU-013,Beauty,6
2023-10-02,SKU-013,Beauty,9
2023-10-03,SKU-013,Beauty,10
2023-10-04,SKU-013,Beauty,8
2023-10-05,SKU-013,Beauty,10
2023-10-06,SKU-013,Beauty,8
2023-10-07,SKU-013,Beauty,6
2023-10-08,SKU-013,Beauty,8
2023-10-09,SKU-013,Beauty,10
2023-10-10,SKU-013,Beauty,8
2023-10-11,SKU-013,Beauty,12
2023-10-12,SKU-013,Beauty,10
2023-10-13,SKU-013,Beauty,7
2023-10-14,SKU-013,Beauty,8
2023-10-15,SKU-013,Beauty,8
2023-10-16,SKU-013,Beauty,7
2023-10-17,SKU-013,Beauty,14
2023-10-18,SKU-013,Beauty,8
2023-10-19,SKU-013,Beauty,9
2023-10-20,SKU-013,Beauty,7
2023-10-21,SKU-013,Beauty,7
2023-10-22,SKU-013,Beauty,7
2023-10-23,SKU-013,Beauty,7
2023-10-24,SKU-013,Beauty,10
2023-10-25,SKU-013,Beauty,11
2023-10-26,SKU-013,Beauty,9
2023-10-27,SKU-013,Beauty,9
2023-10-28,SKU-013,Beauty,7
2023-10-29,SKU-013,Beauty,7
2023-10-30,SKU-013,Beauty,12
2023-10-31,SKU-013,Beauty,9
2023-11-01,SKU-013,Beauty,11
2023-11-02,SKU-013,Beauty,8
2023-11-03,SKU-013,Beauty,7
2023-11-04,SKU-013,Beauty,7
2023-11-05,SKU-013,Beauty,8
2023-11-06,SKU-013,Beauty,10
2023-11-07,SKU-013,Beauty,12
2023-11-08,SKU-013,Beauty,11
2023-11-09,SKU-013,Beauty,10
2023-11-10,SKU-013,Beauty,7
2023-11-11,SKU-013,Beauty,7
2023-11-12,SKU-013,Beauty,9
2023-11-13,SKU-013,Beauty,8
2023-11-14,SKU-013,Beauty,9
2023-11-15,SKU-013,Beauty,11
2023-11-16,SKU-013,Beauty,10
2023-11-17,SKU-013,Beauty,11
2023-11-18,SKU-013,Beauty,12
2023-11-19,SKU-013,Beauty,7
2023-11-20,SKU-013,Beauty,8
2023-11-21,SKU-013,Beauty,16
2023-11-22,SKU-013,Beauty,11
2023-11-23,SKU-013,Beauty,11
2023-11-24,SKU-013,Beauty,10
2023-11-25,SKU-013,Beauty,7
2023-11-26,SKU-013,Beauty,8
2023-11-27,SKU-013,Beauty,8
2023-11-28,SKU-013,Beauty,13
2023-11-29,SKU-013,Beauty,14
2023-11-30,SKU-013,Beauty,9
2023-12-01,SKU-013,Beauty,8
2023-12-02,SKU-013,Beauty,9
2023-12-03,SKU-013,Beauty,13
2023-12-04,SKU-013,Beauty,8
2023-12-05,SKU-013,Beauty,10
2023-12-06,SKU-013,Beauty,17
2023-12-07,SKU-013,Beauty,14
2023-12-08,SKU-013,Beauty,12
2023-12-09,SKU-013,Beauty,12
2023-12-10,SKU-013,Beauty,9
2023-12-11,SKU-013,Beauty,8
2023-12-12,SKU-013,Beauty,14
2023-12-13,SKU-013,Beauty,12
2023-12-14,SKU-013,Beauty,9
2023-12-15,SKU-013,Beauty,8
2023-12-16,SKU-013,Beauty,10
2023-12-17,SKU-013,Beauty,8
2023-12-18,SKU-013,Beauty,16
2023-12-19,SKU-013,Beauty,10
2023-12-20,SKU-013,Beauty,14
2023-12-21,SKU-013,Beauty,9
2023-12-22,SKU-013,Beauty,9
2023-12-23,SKU-013,Beauty,8
2023-12-24,SKU-013,Beauty,10
2023-12-25,SKU-013,Beauty,12
2023-12-26,SKU-013,Beauty,15
2023-12-27,SKU-013,Beauty,13
2023-12-28,SKU-013,Beauty,9
2023-12-29,SKU-013,Beauty,16
2023-12-30,SKU-013,Beauty,8
2023-12-31,SKU-013,Beauty,10
2024-01-01,SKU-013,Beauty,9
2024-01-02,SKU-013,Beauty,10
2024-01-03,SKU-013,Beauty,13
2024-01-04,SKU-013,Beauty,10
2024-01-05,SKU-013,Beauty,11
2024-01-06,SKU-013,Beauty,8
2024-01-07,SKU-013,Beauty,11
2024-01-08,SKU-013,Beauty,14
2024-01-09,SKU-013,Beauty,18
2024-01-10,SKU-013,Beauty,16
2024-01-11,SKU-013,Beauty,15
2024-01-12,SKU-013,Beauty,9
2024-01-13,SKU-013,Beauty,13
2024-01-14,SKU-013,Beauty,9
2024-01-15,SKU-013,Beauty,10
2024-01-16,SKU-013,Beauty,13
2024-01-17,SKU-013,Beauty,11
2024-01-18,SKU-013,Beauty,15
2024-01-19,SKU-013,Beauty,9
2024-01-20,SKU-013,Beauty,11
2024-01-21,SKU-013,Beauty,8
2024-01-22,SKU-013,Beauty,12
2024-01-23,SKU-013,Beauty,16
2024-01-24,SKU-013,Beauty,11
2024-01-25,SKU-013,Beauty,11
2024-01-26,SKU-013,Beauty,14
2024-01-27,SKU-013,Beauty,13
2024-01-28,SKU-013,Beauty,11
2024-01-29,SKU-013,Beauty,10
2024-01-30,SKU-013,Beauty,14
2024-01-31,SKU-013,Beauty,17
2024-02-01,SKU-013,Beauty,11
2024-02-02,SKU-013,Beauty,14
2024-02-03,SKU-013,Beauty,13
2024-02-04,SKU-013,Beauty,9
2024-02-05,SKU-013,Beauty,10
2024-02-06,SKU-013,Beauty,11
2024-02-07,SKU-013,Beauty,17
2024-02-08,SKU-013,Beauty,11
2024-02-09,SKU-013,Beauty,12
2024-02-10,SKU-013,Beauty,9
2024-02-11,SKU-013,Beauty,9
2024-02-12,SKU-013,Beauty,10
2024-02-13,SKU-013,Beauty,11
2024-02-14,SKU-013,Beauty,14
2024-02-15,SKU-013,Beauty,13
2024-02-16,SKU-013,Beauty,10
2024-02-17,SKU-013,Beauty,9
2024-02-18,SKU-013,Beauty,9
2024-02-19,SKU-013,Beauty,13
2024-02-20,SKU-013,Beauty,12
2024-02-21,SKU-013,Beauty,15
2024-02-22,SKU-013,Beauty,11
2024-02-23,SKU-013,Beauty,13
2024-02-24,SKU-013,Beauty,9
2024-02-25,SKU-013,Beauty,10
2024-02-26,SKU-013,Beauty,13
2024-02-27,SKU-013,Beauty,17
2024-02-28,SKU-013,Beauty,15
2024-02-29,SKU-013,Beauty,14
2024-03-01,SKU-013,Beauty,13
2024-03-02,SKU-013,Beauty,12
2024-03-03,SKU-013,Beauty,15
2024-03-04,SKU-013,Beauty,14
2024-03-05,SKU-013,Beauty,12
2024-03-06,SKU-013,Beauty,18
2024-03-07,SKU-013,Beauty,16
2024-03-08,SKU-013,Beauty,15
2024-03-09,SKU-013,Beauty,14
2024-03-10,SKU-013,Beauty,10
2024-03-11,SKU-013,Beauty,11
2024-03-12,SKU-013,Beauty,12
2024-03-13,SKU-013,Beauty,13
2024-03-14,SKU-013,Beauty,14
2024-03-15,SKU-013,Beauty,13
2024-03-16,SKU-013,Beauty,12
2024-03-17,SKU-013,Beauty,10
2024-03-18,SKU-013,Beauty,11
2024-03-19,SKU-013,Beauty,12
2024-03-20,SKU-013,Beauty,12
2024-03-21,SKU-013,Beauty,14
2024-03-22,SKU-013,Beauty,13
2024-03-23,SKU-013,Beauty,10
2024-03-24,SKU-013,Beauty,10
2024-03-25,SKU-013,Beauty,11
2024-03-26,SKU-013,Beauty,15
2024-03-27,SKU-013,Beauty,18
2024-03-28,SKU-013,Beauty,18
2024-03-29,SKU-013,Beauty,11
2024-03-30,SKU-013,Beauty,10
2024-03-31,SKU-013,Beauty,10
2024-04-01,SKU-013,Beauty,11
2024-04-02,SKU-013,Beauty,13
2024-04-03,SKU-013,Beauty,13
2024-04-04,SKU-013,Beauty,12
2024-04-05,SKU-013,Beauty,15
2024-04-06,SKU-013,Beauty,13
2024-04-07,SKU-013,Beauty,14
2024-04-08,SKU-013,Beauty,13
2024-04-09,SKU-013,Beauty,15
2024-04-10,SKU-013,Beauty,17
2024-04-11,SKU-013,Beauty,18
2024-04-12,SKU-013,Beauty,11
2024-04-13,SKU-013,Beauty,15
2024-04-14,SKU-013,Beauty,10
2024-04-15,SKU-013,Beauty,14
2024-04-16,SKU-013,Beauty,16
2024-04-17,SKU-013,Beauty,12
2024-04-18,SKU-013,Beauty,15
2024-04-19,SKU-013,Beauty,14
2024-04-20,SKU-013,Beauty,10
2024-04-21,SKU-013,Beauty,18
2024-04-22,SKU-013,Beauty,12
2024-04-23,SKU-013,Beauty,16
2024-04-24,SKU-013,Beauty,13
2024-04-25,SKU-013,Beauty,13
2024-04-26,SKU-013,Beauty,20
2024-04-27,SKU-013,Beauty,13
2024-04-28,SKU-013,Beauty,10
2024-04-29,SKU-013,Beauty,12
2024-04-30,SKU-013,Beauty,13
2024-05-01,SKU-013,Beauty,13
2024-05-02,SKU-013,Beauty,13
2024-05-03,SKU-013,Beauty,13
2024-05-04,SKU-013,Beauty,13
2024-05-05,SKU-013,Beauty,13
2024-05-06,SKU-013,Beauty,15
2024-05-07,SKU-013,Beauty,13
2024-05-08,SKU-013,Beauty,13
2024-05-09,SKU-013,Beauty,13
2024-05-10,SKU-013,Beauty,11
2024-05-11,SKU-013,Beauty,13
2024-05-12,SKU-013,Beauty,16
2024-05-13,SKU-013,Beauty,12
2024-05-14,SKU-013,Beauty,17
2024-05-15,SKU-013,Beauty,13
2024-05-16,SKU-013,Beauty,16
2024-05-17,SKU-013,Beauty,11
2024-05-18,SKU-013,Beauty,13
2024-05-19,SKU-013,Beauty,11
2024-05-20,SKU-013,Beauty,18
2024-05-21,SKU-013,Beauty,19
2024-05-22,SKU-013,Beauty,17
2024-05-23,SKU-013,Beauty,15
2024-05-24,SKU-013,Beauty,14
2024-05-25,SKU-013,Beauty,11
2024-05-26,SKU-013,Beauty,22
2024-05-27,SKU-013,Beauty,15
2024-05-28,SKU-013,Beauty,14
2024-05-29,SKU-013,Beauty,13
2024-05-30,SKU-013,Beauty,18
2024-05-31,SKU-013,Beauty,12
2024-06-01,SKU-013,Beauty,16
2024-06-02,SKU-013,Beauty,13
2024-06-03,SKU-013,Beauty,12
2024-06-04,SKU-013,Beauty,19
2024-06-05,SKU-013,Beauty,13
2024-06-06,SKU-013,Beauty,15
2024-06-07,SKU-013,Beauty,18
2024-06-08,SKU-013,Beauty,13
2024-06-09,SKU-013,Beauty,13
2024-06-10,SKU-013,Beauty,16
2024-06-11,SKU-013,Beauty,17
2024-06-12,SKU-013,Beauty,17
2024-06-13,SKU-013,Beauty,19
2024-06-14,SKU-013,Beauty,15
2024-06-15,SKU-013,Beauty,13
2024-06-16,SKU-013,Beauty,11
2024-06-17,SKU-013,Beauty,16
2024-06-18,SKU-013,Beauty,23
2024-06-19,SKU-013,Beauty,21
2024-06-20,SKU-013,Beauty,20
2024-06-21,SKU-013,Beauty,14
2024-06-22,SKU-013,Beauty,19
2024-06-23,SKU-013,Beauty,11
2024-06-24,SKU-013,Beauty,12
2024-06-25,SKU-013,Beauty,13
2024-06-26,SKU-013,Beauty,14
2024-06-27,SKU-013,Beauty,13
2024-06-28,SKU-013,Beauty,12
2024-06-29,SKU-013,Beauty,14
2024-06-30,SKU-013,Beauty,11
2024-07-01,SKU-013,Beauty,12
2024-07-02,SKU-013,Beauty,14
2024-07-03,SKU-013,Beauty,17
2024-07-04,SKU-013,Beauty,18
2024-07-05,SKU-013,Beauty,15
2024-07-06,SKU-013,Beauty,19
2024-07-07,SKU-013,Beauty,14
2024-07-08,SKU-013,Beauty,16
2024-07-09,SKU-013,Beauty,16
2024-07-10,SKU-013,Beauty,17
2024-07-11,SKU-013,Beauty,16
2024-07-12,SKU-013,Beauty,15
2024-07-13,SKU-013,Beauty,12
2024-07-14,SKU-013,Beauty,14
2024-07-15,SKU-013,Beauty,12
2024-07-16,SKU-013,Beauty,13
2024-07-17,SKU-013,Beauty,14
2024-07-18,SKU-013,Beauty,16
2024-07-19,SKU-013,Beauty,12
2024-07-20,SKU-013,Beauty,11
2024-07-21,SKU-013,Beauty,14
2024-07-22,SKU-013,Beauty,12
2024-07-23,SKU-013,Beauty,17
2024-07-24,SKU-013,Beauty,18
2024-07-25,SKU-013,Beauty,20
2024-07-26,SKU-013,Beauty,12
2024-07-27,SKU-013,Beauty,11
2024-07-28,SKU-013,Beauty,14
2024-07-29,SKU-013,Beauty,13
2024-07-30,SKU-013,Beauty,13
2024-07-31,SKU-013,Beauty,18
2024-08-01,SKU-013,Beauty,16
2024-08-02,SKU-013,Beauty,15
2024-08-03,SKU-013,Beauty,16
2024-08-04,SKU-013,Beauty,14
2024-08-05,SKU-013,Beauty,12
2024-08-06,SKU-013,Beauty,20
2024-08-07,SKU-013,Beauty,14
2024-08-08,SKU-013,Beauty,19
2024-08-09,SKU-013,Beauty,12
2024-08-10,SKU-013,Beauty,19
2024-08-11,SKU-013,Beauty,19
2024-08-12,SKU-013,Beauty,12
2024-08-13,SKU-013,Beauty,14
2024-08-14,SKU-013,Beauty,14
2024-08-15,SKU-013,Beauty,14
2024-08-16,SKU-013,Beauty,12
2024-08-17,SKU-013,Beauty,11
2024-08-18,SKU-013,Beauty,12
2024-08-19,SKU-013,Beauty,18
2024-08-20,SKU-013,Beauty,23
2024-08-21,SKU-013,Beauty,18
2024-08-22,SKU-013,Beauty,20
2024-08-23,SKU-013,Beauty,15
2024-08-24,SKU-013,Beauty,12
2024-08-25,SKU-013,Beauty,14
2024-08-26,SKU-013,Beauty,13
2024-08-27,SKU-013,Beauty,17
2024-08-28,SKU-013,Beauty,17
2024-08-29,SKU-013,Beauty,23
2024-08-30,SKU-013,Beauty,13
2024-08-31,SKU-013,Beauty,14
2024-09-01,SKU-013,Beauty,14
2024-09-02,SKU-013,Beauty,16
2024-09-03,SKU-013,Beauty,14
2024-09-04,SKU-013,Beauty,22
2024-09-05,SKU-013,Beauty,14
2024-09-06,SKU-013,Beauty,18
2024-09-07,SKU-013,Beauty,11
2024-09-08,SKU-013,Beauty,15
2024-09-09,SKU-013,Beauty,13
2024-09-10,SKU-013,Beauty,18
2024-09-11,SKU-013,Beauty,17
2024-09-12,SKU-013,Beauty,17
2024-09-13,SKU-013,Beauty,13
2024-09-14,SKU-013,Beauty,17
2024-09-15,SKU-013,Beauty,17
2024-09-16,SKU-013,Beauty,16
2024-09-17,SKU-013,Beauty,18
2024-09-18,SKU-013,Beauty,19
2024-09-19,SKU-013,Beauty,14
2024-09-20,SKU-013,Beauty,12
2024-09-21,SKU-013,Beauty,17
2024-09-22,SKU-013,Beauty,12
2024-09-23,SKU-013,Beauty,16
2024-09-24,SKU-013,Beauty,18
2024-09-25,SKU-013,Beauty,18
2024-09-26,SKU-013,Beauty,20
2024-09-27,SKU-013,Beauty,12
2024-09-28,SKU-013,Beauty,14
2024-09-29,SKU-013,Beauty,15
2024-09-30,SKU-013,Beauty,13
2024-10-01,SKU-013,Beauty,14
2024-10-02,SKU-013,Beauty,14
2024-10-03,SKU-013,Beauty,13
2024-10-04,SKU-013,Beauty,19
2024-10-05,SKU-013,Beauty,20
2024-10-06,SKU-013,Beauty,12
2024-10-07,SKU-013,Beauty,13
2024-10-08,SKU-013,Beauty,14
2024-10-09,SKU-013,Beauty,18
2024-10-10,SKU-013,Beauty,17
2024-10-11,SKU-013,Beauty,13
2024-10-12,SKU-013,Beauty,17
2024-10-13,SKU-013,Beauty,12
2024-10-14,SKU-013,Beauty,14
2024-10-15,SKU-013,Beauty,15
2024-10-16,SKU-013,Beauty,23
2024-10-17,SKU-013,Beauty,17
2024-10-18,SKU-013,Beauty,16
2024-10-19,SKU-013,Beauty,12
2024-10-20,SKU-013,Beauty,18
2024-10-21,SKU-013,Beauty,17
2024-10-22,SKU-013,Beauty,22
2024-10-23,SKU-013,Beauty,15
2024-10-24,SKU-013,Beauty,14
2024-10-25,SKU-013,Beauty,16
2024-10-26,SKU-013,Beauty,21
2024-10-27,SKU-013,Beauty,13
2024-10-28,SKU-013,Beauty,14
2024-10-29,SKU-013,Beauty,14
2024-10-30,SKU-013,Beauty,15
2024-10-31,SKU-013,Beauty,18
2024-11-01,SKU-013,Beauty,17
2024-11-02,SKU-013,Beauty,12
2024-11-03,SKU-013,Beauty,15
2024-11-04,SKU-013,Beauty,17
2024-11-05,SKU-013,Beauty,23
2024-11-06,SKU-013,Beauty,23
2024-11-07,SKU-013,Beauty,21
2024-11-08,SKU-013,Beauty,17
2024-11-09,SKU-013,Beauty,15
2024-11-10,SKU-013,Beauty,18
2024-11-11,SKU-013,Beauty,14
2024-11-12,SKU-013,Beauty,16
2024-11-13,SKU-013,Beauty,20
2024-11-14,SKU-013,Beauty,15
2024-11-15,SKU-013,Beauty,13
2024-11-16,SKU-013,Beauty,16
2024-11-17,SKU-013,Beauty,13
2024-11-18,SKU-013,Beauty,18
2024-11-19,SKU-013,Beauty,16
2024-11-20,SKU-013,Beauty,20
2024-11-21,SKU-013,Beauty,15
2024-11-22,SKU-013,Beauty,16
2024-11-23,SKU-013,Beauty,12
2024-11-24,SKU-013,Beauty,18
2024-11-25,SKU-013,Beauty,19
2024-11-26,SKU-013,Beauty,16
2024-11-27,SKU-013,Beauty,20
2024-11-28,SKU-013,Beauty,22
2024-11-29,SKU-013,Beauty,17
2024-11-30,SKU-013,Beauty,23
2024-12-01,SKU-013,Beauty,16
2024-12-02,SKU-013,Beauty,15
2024-12-03,SKU-013,Beauty,16
2024-12-04,SKU-013,Beauty,17
2024-12-05,SKU-013,Beauty,26
2024-12-06,SKU-013,Beauty,13
2024-12-07,SKU-013,Beauty,13
2024-12-08,SKU-013,Beauty,16
2024-12-09,SKU-013,Beauty,15
2024-12-10,SKU-013,Beauty,25
2024-12-11,SKU-013,Beauty,23
2024-12-12,SKU-013,Beauty,16
2024-12-13,SKU-013,Beauty,17
2024-12-14,SKU-013,Beauty,13
2024-12-15,SKU-013,Beauty,17
2024-12-16,SKU-013,Beauty,15
2024-12-17,SKU-013,Beauty,21
2024-12-18,SKU-013,Beauty,17
2024-12-19,SKU-013,Beauty,20
2024-12-20,SKU-013,Beauty,18
2024-12-21,SKU-013,Beauty,16
2024-12-22,SKU-013,Beauty,14
2024-12-23,SKU-013,Beauty,19
2024-12-24,SKU-013,Beauty,25
2024-12-25,SKU-013,Beauty,21
2024-12-26,SKU-013,Beauty,17
2024-12-27,SKU-013,Beauty,21
2024-12-28,SKU-013,Beauty,17
2024-12-29,SKU-013,Beauty,21
2023-01-02,SKU-014,Fashion,4
2023-01-03,SKU-014,Fashion,3
2023-01-04,SKU-014,Fashion,5
2023-01-05,SKU-014,Fashion,4
2023-01-06,SKU-014,Fashion,4
2023-01-07,SKU-014,Fashion,3
2023-01-08,SKU-014,Fashion,4
2023-01-09,SKU-014,Fashion,4
2023-01-10,SKU-014,Fashion,3
2023-01-11,SKU-014,Fashion,5
2023-01-12,SKU-014,Fashion,3
2023-01-13,SKU-014,Fashion,4
2023-01-14,SKU-014,Fashion,4
2023-01-15,SKU-014,Fashion,3
2023-01-16,SKU-014,Fashion,5
2023-01-17,SKU-014,Fashion,5
2023-01-18,SKU-014,Fashion,6
2023-01-19,SKU-014,Fashion,5
2023-01-20,SKU-014,Fashion,3
2023-01-21,SKU-014,Fashion,3
2023-01-22,SKU-014,Fashion,5
2023-01-23,SKU-014,Fashion,5
2023-01-24,SKU-014,Fashion,5
2023-01-25,SKU-014,Fashion,4
2023-01-26,SKU-014,Fashion,6
2023-01-27,SKU-014,Fashion,4
2023-01-28,SKU-014,Fashion,6
2023-01-29,SKU-014,Fashion,3
2023-01-30,SKU-014,Fashion,4
2023-01-31,SKU-014,Fashion,5
2023-02-01,SKU-014,Fashion,4
2023-02-02,SKU-014,Fashion,6
2023-02-03,SKU-014,Fashion,7
2023-02-04,SKU-014,Fashion,5
2023-02-05,SKU-014,Fashion,5
2023-02-06,SKU-014,Fashion,4
2023-02-07,SKU-014,Fashion,4
2023-02-08,SKU-014,Fashion,7
2023-02-09,SKU-014,Fashion,4
2023-02-10,SKU-014,Fashion,4
2023-02-11,SKU-014,Fashion,4
2023-02-12,SKU-014,Fashion,4
2023-02-13,SKU-014,Fashion,4
2023-02-14,SKU-014,Fashion,5
2023-02-15,SKU-014,Fashion,5
2023-02-16,SKU-014,Fashion,5
2023-02-17,SKU-014,Fashion,4
2023-02-18,SKU-014,Fashion,5
2023-02-19,SKU-014,Fashion,4
2023-02-20,SKU-014,Fashion,4
2023-02-21,SKU-014,Fashion,6
2023-02-22,SKU-014,Fashion,5
2023-02-23,SKU-014,Fashion,5
2023-02-24,SKU-014,Fashion,4
2023-02-25,SKU-014,Fashion,5
2023-02-26,SKU-014,Fashion,5
2023-02-27,SKU-014,Fashion,6
2023-02-28,SKU-014,Fashion,5
2023-03-01,SKU-014,Fashion,6
2023-03-02,SKU-014,Fashion,5
2023-03-03,SKU-014,Fashion,4
2023-03-04,SKU-014,Fashion,4
2023-03-05,SKU-014,Fashion,4
2023-03-06,SKU-014,Fashion,6
2023-03-07,SKU-014,Fashion,6
2023-03-08,SKU-014,Fashion,6
2023-03-09,SKU-014,Fashion,5
2023-03-10,SKU-014,Fashion,5
2023-03-11,SKU-014,Fashion,4
2023-03-12,SKU-014,Fashion,4
2023-03-13,SKU-014,Fashion,8
2023-03-14,SKU-014,Fashion,5
2023-03-15,SKU-014,Fashion,7
2023-03-16,SKU-014,Fashion,5
2023-03-17,SKU-014,Fashion,6
2023-03-18,SKU-014,Fashion,4
2023-03-19,SKU-014,Fashion,5
2023-03-20,SKU-014,Fashion,6
2023-03-21,SKU-014,Fashion,6
2023-03-22,SKU-014,Fashion,7
2023-03-23,SKU-014,Fashion,6
2023-03-24,SKU-014,Fashion,6
2023-03-25,SKU-014,Fashion,5
2023-03-26,SKU-014,Fashion,5
2023-03-27,SKU-014,Fashion,6
2023-03-28,SKU-014,Fashion,5
2023-03-29,SKU-014,Fashion,7
2023-03-30,SKU-014,Fashion,11
2023-03-31,SKU-014,Fashion,5
2023-04-01,SKU-014,Fashion,5
2023-04-02,SKU-014,Fashion,6
2023-04-03,SKU-014,Fashion,10
2023-04-04,SKU-014,Fashion,6
2023-04-05,SKU-014,Fashion,8
2023-04-06,SKU-014,Fashion,10
2023-04-07,SKU-014,Fashion,6
2023-04-08,SKU-014,Fashion,5
2023-04-09,SKU-014,Fashion,5
2023-04-10,SKU-014,Fashion,6
2023-04-11,SKU-014,Fashion,6
2023-04-12,SKU-014,Fashion,6
2023-04-13,SKU-014,Fashion,6
2023-04-14,SKU-014,Fashion,5
2023-04-15,SKU-014,Fashion,5
2023-04-16,SKU-014,Fashion,7
2023-04-17,SKU-014,Fashion,8
2023-04-18,SKU-014,Fashion,8
2023-04-19,SKU-014,Fashion,6
2023-04-20,SKU-014,Fashion,9
2023-04-21,SKU-014,Fashion,6
2023-04-22,SKU-014,Fashion,6
2023-04-23,SKU-014,Fashion,6
2023-04-24,SKU-014,Fashion,7
2023-04-25,SKU-014,Fashion,8
2023-04-26,SKU-014,Fashion,8
2023-04-27,SKU-014,Fashion,6
2023-04-28,SKU-014,Fashion,7
2023-04-29,SKU-014,Fashion,5
2023-04-30,SKU-014,Fashion,5
2023-05-01,SKU-014,Fashion,6
2023-05-02,SKU-014,Fashion,8
2023-05-03,SKU-014,Fashion,6
2023-05-04,SKU-014,Fashion,8
2023-05-05,SKU-014,Fashion,8
2023-05-06,SKU-014,Fashion,5
2023-05-07,SKU-014,Fashion,6
2023-05-08,SKU-014,Fashion,9
2023-05-09,SKU-014,Fashion,10
2023-05-10,SKU-014,Fashion,7
2023-05-11,SKU-014,Fashion,8
2023-05-12,SKU-014,Fashion,6
2023-05-13,SKU-014,Fashion,5
2023-05-14,SKU-014,Fashion,6
2023-05-15,SKU-014,Fashion,6
2023-05-16,SKU-014,Fashion,7
2023-05-17,SKU-014,Fashion,9
2023-05-18,SKU-014,Fashion,9
2023-05-19,SKU-014,Fashion,10
2023-05-20,SKU-014,Fashion,7
2023-05-21,SKU-014,Fashion,7
2023-05-22,SKU-014,Fashion,7
2023-05-23,SKU-014,Fashion,9
2023-05-24,SKU-014,Fashion,7
2023-05-25,SKU-014,Fashion,12
2023-05-26,SKU-014,Fashion,6
2023-05-27,SKU-014,Fashion,7
2023-05-28,SKU-014,Fashion,7
2023-05-29,SKU-014,Fashion,8
2023-05-30,SKU-014,Fashion,7
2023-05-31,SKU-014,Fashion,7
2023-06-01,SKU-014,Fashion,7
2023-06-02,SKU-014,Fashion,6
2023-06-03,SKU-014,Fashion,11
2023-06-04,SKU-014,Fashion,6
2023-06-05,SKU-014,Fashion,8
2023-06-06,SKU-014,Fashion,7
2023-06-07,SKU-014,Fashion,9
2023-06-08,SKU-014,Fashion,7
2023-06-09,SKU-014,Fashion,8
2023-06-10,SKU-014,Fashion,6
2023-06-11,SKU-014,Fashion,6
2023-06-12,SKU-014,Fashion,7
2023-06-13,SKU-014,Fashion,9
2023-06-14,SKU-014,Fashion,10
2023-06-15,SKU-014,Fashion,7
2023-06-16,SKU-014,Fashion,8
2023-06-17,SKU-014,Fashion,8
2023-06-18,SKU-014,Fashion,9
2023-06-19,SKU-014,Fashion,8
2023-06-20,SKU-014,Fashion,9
2023-06-21,SKU-014,Fashion,11
2023-06-22,SKU-014,Fashion,7
2023-06-23,SKU-014,Fashion,10
2023-06-24,SKU-014,Fashion,6
2023-06-25,SKU-014,Fashion,8
2023-06-26,SKU-014,Fashion,10
2023-06-27,SKU-014,Fashion,11
2023-06-28,SKU-014,Fashion,10
2023-06-29,SKU-014,Fashion,7
2023-06-30,SKU-014,Fashion,7
2023-07-01,SKU-014,Fashion,8
2023-07-02,SKU-014,Fashion,9
2023-07-03,SKU-014,Fashion,7
2023-07-04,SKU-014,Fashion,8
2023-07-05,SKU-014,Fashion,8
2023-07-06,SKU-014,Fashion,8
2023-07-07,SKU-014,Fashion,7
2023-07-08,SKU-014,Fashion,8
2023-07-09,SKU-014,Fashion,9
2023-07-10,SKU-014,Fashion,9
2023-07-11,SKU-014,Fashion,12
2023-07-12,SKU-014,Fashion,14
2023-07-13,SKU-014,Fashion,8
2023-07-14,SKU-014,Fashion,8
2023-07-15,SKU-014,Fashion,7
2023-07-16,SKU-014,Fashion,8
2023-07-17,SKU-014,Fashion,7
2023-07-18,SKU-014,Fashion,10
2023-07-19,SKU-014,Fashion,8
2023-07-20,SKU-014,Fashion,9
2023-07-21,SKU-014,Fashion,8
2023-07-22,SKU-014,Fashion,8
2023-07-23,SKU-014,Fashion,7
2023-07-24,SKU-014,Fashion,11
2023-07-25,SKU-014,Fashion,10
2023-07-26,SKU-014,Fashion,10
2023-07-27,SKU-014,Fashion,10
2023-07-28,SKU-014,Fashion,7
2023-07-29,SKU-014,Fashion,8
2023-07-30,SKU-014,Fashion,8
2023-07-31,SKU-014,Fashion,13
2023-08-01,SKU-014,Fashion,10
2023-08-02,SKU-014,Fashion,8
2023-08-03,SKU-014,Fashion,10
2023-08-04,SKU-014,Fashion,7
2023-08-05,SKU-014,Fashion,7
2023-08-06,SKU-014,Fashion,8
2023-08-07,SKU-014,Fashion,9
2023-08-08,SKU-014,Fashion,8
2023-08-09,SKU-014,Fashion,10
2023-08-10,SKU-014,Fashion,8
2023-08-11,SKU-014,Fashion,7
2023-08-12,SKU-014,Fashion,8
2023-08-13,SKU-014,Fashion,8
2023-08-14,SKU-014,Fashion,8
2023-08-15,SKU-014,Fashion,8
2023-08-16,SKU-014,Fashion,9
2023-08-17,SKU-014,Fashion,8
2023-08-18,SKU-014,Fashion,8
2023-08-19,SKU-014,Fashion,8
2023-08-20,SKU-014,Fashion,12
2023-08-21,SKU-014,Fashion,8
2023-08-22,SKU-014,Fashion,10
2023-08-23,SKU-014,Fashion,9
2023-08-24,SKU-014,Fashion,8
2023-08-25,SKU-014,Fashion,7
2023-08-26,SKU-014,Fashion,8
2023-08-27,SKU-014,Fashion,7
2023-08-28,SKU-014,Fashion,12
2023-08-29,SKU-014,Fashion,11
2023-08-30,SKU-014,Fashion,9
2023-08-31,SKU-014,Fashion,10
2023-09-01,SKU-014,Fashion,8
2023-09-02,SKU-014,Fashion,7
2023-09-03,SKU-014,Fashion,9
2023-09-04,SKU-014,Fashion,8
2023-09-05,SKU-014,Fashion,12
2023-09-06,SKU-014,Fashion,11
2023-09-07,SKU-014,Fashion,8
2023-09-08,SKU-014,Fashion,9
2023-09-09,SKU-014,Fashion,7
2023-09-10,SKU-014,Fashion,7
2023-09-11,SKU-014,Fashion,10
2023-09-12,SKU-014,Fashion,11
2023-09-13,SKU-014,Fashion,9
2023-09-14,SKU-014,Fashion,10
2023-09-15,SKU-014,Fashion,9
2023-09-16,SKU-014,Fashion,7
2023-09-17,SKU-014,Fashion,11
2023-09-18,SKU-014,Fashion,12
2023-09-19,SKU-014,Fashion,9
2023-09-20,SKU-014,Fashion,11
2023-09-21,SKU-014,Fashion,13
2023-09-22,SKU-014,Fashion,9
2023-09-23,SKU-014,Fashion,7
2023-09-24,SKU-014,Fashion,8
2023-09-25,SKU-014,Fashion,12
2023-09-26,SKU-014,Fashion,12
2023-09-27,SKU-014,Fashion,16
2023-09-28,SKU-014,Fashion,13
2023-09-29,SKU-014,Fashion,10
2023-09-30,SKU-014,Fashion,7
2023-10-01,SKU-014,Fashion,8
2023-10-02,SKU-014,Fashion,10
2023-10-03,SKU-014,Fashion,12
2023-10-04,SKU-014,Fashion,10
2023-10-05,SKU-014,Fashion,13
2023-10-06,SKU-014,Fashion,10
2023-10-07,SKU-014,Fashion,7
2023-10-08,SKU-014,Fashion,10
2023-10-09,SKU-014,Fashion,13
2023-10-10,SKU-014,Fashion,10
2023-10-11,SKU-014,Fashion,14
2023-10-12,SKU-014,Fashion,11
2023-10-13,SKU-014,Fashion,8
2023-10-14,SKU-014,Fashion,10
2023-10-15,SKU-014,Fashion,10
2023-10-16,SKU-014,Fashion,9
2023-10-17,SKU-014,Fashion,16
2023-10-18,SKU-014,Fashion,10
2023-10-19,SKU-014,Fashion,11
2023-10-20,SKU-014,Fashion,9
2023-10-21,SKU-014,Fashion,8
2023-10-22,SKU-014,Fashion,8
2023-10-23,SKU-014,Fashion,9
2023-10-24,SKU-014,Fashion,12
2023-10-25,SKU-014,Fashion,12
2023-10-26,SKU-014,Fashion,11
2023-10-27,SKU-014,Fashion,11
2023-10-28,SKU-014,Fashion,8
2023-10-29,SKU-014,Fashion,8
2023-10-30,SKU-014,Fashion,13
2023-10-31,SKU-014,Fashion,10
2023-11-01,SKU-014,Fashion,13
2023-11-02,SKU-014,Fashion,10
2023-11-03,SKU-014,Fashion,8
2023-11-04,SKU-014,Fashion,7
2023-11-05,SKU-014,Fashion,10
2023-11-06,SKU-014,Fashion,11
2023-11-07,SKU-014,Fashion,15
2023-11-08,SKU-014,Fashion,13
2023-11-09,SKU-014,Fashion,13
2023-11-10,SKU-014,Fashion,9
2023-11-11,SKU-014,Fashion,8
2023-11-12,SKU-014,Fashion,11
2023-11-13,SKU-014,Fashion,10
2023-11-14,SKU-014,Fashion,10
2023-11-15,SKU-014,Fashion,13
2023-11-16,SKU-014,Fashion,12
2023-11-17,SKU-014,Fashion,13
2023-11-18,SKU-014,Fashion,14
2023-11-19,SKU-014,Fashion,9
2023-11-20,SKU-014,Fashion,10
2023-11-21,SKU-014,Fashion,19
2023-11-22,SKU-014,Fashion,13
2023-11-23,SKU-014,Fashion,12
2023-11-24,SKU-014,Fashion,12
2023-11-25,SKU-014,Fashion,9
2023-11-26,SKU-014,Fashion,9
2023-11-27,SKU-014,Fashion,10
2023-11-28,SKU-014,Fashion,16
2023-11-29,SKU-014,Fashion,17
2023-11-30,SKU-014,Fashion,10
2023-12-01,SKU-014,Fashion,10
2023-12-02,SKU-014,Fashion,11
2023-12-03,SKU-014,Fashion,15
2023-12-04,SKU-014,Fashion,10
2023-12-05,SKU-014,Fashion,11
2023-12-06,SKU-014,Fashion,20
2023-12-07,SKU-014,Fashion,15
2023-12-08,SKU-014,Fashion,14
2023-12-09,SKU-014,Fashion,15
2023-12-10,SKU-014,Fashion,12
2023-12-11,SKU-014,Fashion,11
2023-12-12,SKU-014,Fashion,16
2023-12-13,SKU-014,Fashion,14
2023-12-14,SKU-014,Fashion,11
2023-12-15,SKU-014,Fashion,10
2023-12-16,SKU-014,Fashion,11
2023-12-17,SKU-014,Fashion,10
2023-12-18,SKU-014,Fashion,18
2023-12-19,SKU-014,Fashion,12
2023-12-20,SKU-014,Fashion,17
2023-12-21,SKU-014,Fashion,11
2023-12-22,SKU-014,Fashion,10
2023-12-23,SKU-014,Fashion,10
2023-12-24,SKU-014,Fashion,12
2023-12-25,SKU-014,Fashion,13
2023-12-26,SKU-014,Fashion,17
2023-12-27,SKU-014,Fashion,15
2023-12-28,SKU-014,Fashion,11
2023-12-29,SKU-014,Fashion,19
2023-12-30,SKU-014,Fashion,9
2023-12-31,SKU-014,Fashion,12
2024-01-01,SKU-014,Fashion,11
2024-01-02,SKU-014,Fashion,12
2024-01-03,SKU-014,Fashion,15
2024-01-04,SKU-014,Fashion,11
2024-01-05,SKU-014,Fashion,13
2024-01-06,SKU-014,Fashion,10
2024-01-07,SKU-014,Fashion,13
2024-01-08,SKU-014,Fashion,17
2024-01-09,SKU-014,Fashion,21
2024-01-10,SKU-014,Fashion,19
2024-01-11,SKU-014,Fashion,17
2024-01-12,SKU-014,Fashion,10
2024-01-13,SKU-014,Fashion,14
2024-01-14,SKU-014,Fashion,11
2024-01-15,SKU-014,Fashion,11
2024-01-16,SKU-014,Fashion,15
2024-01-17,SKU-014,Fashion,13
2024-01-18,SKU-014,Fashion,18
2024-01-19,SKU-014,Fashion,11
2024-01-20,SKU-014,Fashion,13
2024-01-21,SKU-014,Fashion,10
2024-01-22,SKU-014,Fashion,15
2024-01-23,SKU-014,Fashion,18
2024-01-24,SKU-014,Fashion,13
2024-01-25,SKU-014,Fashion,13
2024-01-26,SKU-014,Fashion,16
2024-01-27,SKU-014,Fashion,15
2024-01-28,SKU-014,Fashion,13
2024-01-29,SKU-014,Fashion,12
2024-01-30,SKU-014,Fashion,16
2024-01-31,SKU-014,Fashion,20
2024-02-01,SKU-014,Fashion,14
2024-02-02,SKU-014,Fashion,17
2024-02-03,SKU-014,Fashion,16
2024-02-04,SKU-014,Fashion,11
2024-02-05,SKU-014,Fashion,12
2024-02-06,SKU-014,Fashion,13
2024-02-07,SKU-014,Fashion,20
2024-02-08,SKU-014,Fashion,13
2024-02-09,SKU-014,Fashion,14
2024-02-10,SKU-014,Fashion,11
2024-02-11,SKU-014,Fashion,11
2024-02-12,SKU-014,Fashion,12
2024-02-13,SKU-014,Fashion,13
2024-02-14,SKU-014,Fashion,17
2024-02-15,SKU-014,Fashion,17
2024-02-16,SKU-014,Fashion,12
2024-02-17,SKU-014,Fashion,11
2024-02-18,SKU-014,Fashion,12
2024-02-19,SKU-014,Fashion,15
2024-02-20,SKU-014,Fashion,13
2024-02-21,SKU-014,Fashion,18
2024-02-22,SKU-014,Fashion,13
2024-02-23,SKU-014,Fashion,15
2024-02-24,SKU-014,Fashion,11
2024-02-25,SKU-014,Fashion,12
2024-02-26,SKU-014,Fashion,16
2024-02-27,SKU-014,Fashion,20
2024-02-28,SKU-014,Fashion,18
2024-02-29,SKU-014,Fashion,17
2024-03-01,SKU-014,Fashion,15
2024-03-02,SKU-014,Fashion,14
2024-03-03,SKU-014,Fashion,18
2024-03-04,SKU-014,Fashion,16
2024-03-05,SKU-014,Fashion,14
2024-03-06,SKU-014,Fashion,21
2024-03-07,SKU-014,Fashion,20
2024-03-08,SKU-014,Fashion,18
2024-03-09,SKU-014,Fashion,17
2024-03-10,SKU-014,Fashion,12
2024-03-11,SKU-014,Fashion,14
2024-03-12,SKU-014,Fashion,15
2024-03-13,SKU-014,Fashion,15
2024-03-14,SKU-014,Fashion,18
2024-03-15,SKU-014,Fashion,15
2024-03-16,SKU-014,Fashion,14
2024-03-17,SKU-014,Fashion,12
2024-03-18,SKU-014,Fashion,13
2024-03-19,SKU-014,Fashion,15
2024-03-20,SKU-014,Fashion,16
2024-03-21,SKU-014,Fashion,18
2024-03-22,SKU-014,Fashion,16
2024-03-23,SKU-014,Fashion,12
2024-03-24,SKU-014,Fashion,13
2024-03-25,SKU-014,Fashion,13
2024-03-26,SKU-014,Fashion,19
2024-03-27,SKU-014,Fashion,23
2024-03-28,SKU-014,Fashion,21
2024-03-29,SKU-014,Fashion,14
2024-03-30,SKU-014,Fashion,12
2024-03-31,SKU-014,Fashion,12
2024-04-01,SKU-014,Fashion,14
2024-04-02,SKU-014,Fashion,15
2024-04-03,SKU-014,Fashion,15
2024-04-04,SKU-014,Fashion,14
2024-04-05,SKU-014,Fashion,20
2024-04-06,SKU-014,Fashion,15
2024-04-07,SKU-014,Fashion,15
2024-04-08,SKU-014,Fashion,17
2024-04-09,SKU-014,Fashion,19
2024-04-10,SKU-014,Fashion,19
2024-04-11,SKU-014,Fashion,22
2024-04-12,SKU-014,Fashion,13
2024-04-13,SKU-014,Fashion,18
2024-04-14,SKU-014,Fashion,13
2024-04-15,SKU-014,Fashion,17
2024-04-16,SKU-014,Fashion,19
2024-04-17,SKU-014,Fashion,16
2024-04-18,SKU-014,Fashion,18
2024-04-19,SKU-014,Fashion,17
2024-04-20,SKU-014,Fashion,12
2024-04-21,SKU-014,Fashion,21
2024-04-22,SKU-014,Fashion,14
2024-04-23,SKU-014,Fashion,20
2024-04-24,SKU-014,Fashion,17
2024-04-25,SKU-014,Fashion,16
2024-04-26,SKU-014,Fashion,23
2024-04-27,SKU-014,Fashion,15
2024-04-28,SKU-014,Fashion,12
2024-04-29,SKU-014,Fashion,14
2024-04-30,SKU-014,Fashion,15
2024-05-01,SKU-014,Fashion,17
2024-05-02,SKU-014,Fashion,16
2024-05-03,SKU-014,Fashion,17
2024-05-04,SKU-014,Fashion,15
2024-05-05,SKU-014,Fashion,16
2024-05-06,SKU-014,Fashion,18
2024-05-07,SKU-014,Fashion,16
2024-05-08,SKU-014,Fashion,16
2024-05-09,SKU-014,Fashion,15
2024-05-10,SKU-014,Fashion,14
2024-05-11,SKU-014,Fashion,16
2024-05-12,SKU-014,Fashion,19
2024-05-13,SKU-014,Fashion,14
2024-05-14,SKU-014,Fashion,20
2024-05-15,SKU-014,Fashion,16
2024-05-16,SKU-014,Fashion,20
2024-05-17,SKU-014,Fashion,14
2024-05-18,SKU-014,Fashion,16
2024-05-19,SKU-014,Fashion,13
2024-05-20,SKU-014,Fashion,22
2024-05-21,SKU-014,Fashion,23
2024-05-22,SKU-014,Fashion,20
2024-05-23,SKU-014,Fashion,19
2024-05-24,SKU-014,Fashion,17
2024-05-25,SKU-014,Fashion,13
2024-05-26,SKU-014,Fashion,27
2024-05-27,SKU-014,Fashion,18
2024-05-28,SKU-014,Fashion,17
2024-05-29,SKU-014,Fashion,16
2024-05-30,SKU-014,Fashion,22
2024-05-31,SKU-014,Fashion,13
2024-06-01,SKU-014,Fashion,19
2024-06-02,SKU-014,Fashion,16
2024-06-03,SKU-014,Fashion,15
2024-06-04,SKU-014,Fashion,24
2024-06-05,SKU-014,Fashion,16
2024-06-06,SKU-014,Fashion,19
2024-06-07,SKU-014,Fashion,20
2024-06-08,SKU-014,Fashion,15
2024-06-09,SKU-014,Fashion,16
2024-06-10,SKU-014,Fashion,18
2024-06-11,SKU-014,Fashion,21
2024-06-12,SKU-014,Fashion,21
2024-06-13,SKU-014,Fashion,23
2024-06-14,SKU-014,Fashion,17
2024-06-15,SKU-014,Fashion,17
2024-06-16,SKU-014,Fashion,14
2024-06-17,SKU-014,Fashion,17
2024-06-18,SKU-014,Fashion,27
2024-06-19,SKU-014,Fashion,25
2024-06-20,SKU-014,Fashion,23
2024-06-21,SKU-014,Fashion,17
2024-06-22,SKU-014,Fashion,22
2024-06-23,SKU-014,Fashion,13
2024-06-24,SKU-014,Fashion,15
2024-06-25,SKU-014,Fashion,17
2024-06-26,SKU-014,Fashion,16
2024-06-27,SKU-014,Fashion,16
2024-06-28,SKU-014,Fashion,14
2024-06-29,SKU-014,Fashion,16
2024-06-30,SKU-014,Fashion,14
2024-07-01,SKU-014,Fashion,15
2024-07-02,SKU-014,Fashion,17
2024-07-03,SKU-014,Fashion,20
2024-07-04,SKU-014,Fashion,23
2024-07-05,SKU-014,Fashion,18
2024-07-06,SKU-014,Fashion,22
2024-07-07,SKU-014,Fashion,16
2024-07-08,SKU-014,Fashion,19
2024-07-09,SKU-014,Fashion,20
2024-07-10,SKU-014,Fashion,21
2024-07-11,SKU-014,Fashion,20
2024-07-12,SKU-014,Fashion,18
2024-07-13,SKU-014,Fashion,14
2024-07-14,SKU-014,Fashion,17
2024-07-15,SKU-014,Fashion,15
2024-07-16,SKU-014,Fashion,17
2024-07-17,SKU-014,Fashion,17
2024-07-18,SKU-014,Fashion,19
2024-07-19,SKU-014,Fashion,14
2024-07-20,SKU-014,Fashion,13
2024-07-21,SKU-014,Fashion,17
2024-07-22,SKU-014,Fashion,15
2024-07-23,SKU-014,Fashion,21
2024-07-24,SKU-014,Fashion,21
2024-07-25,SKU-014,Fashion,22
2024-07-26,SKU-014,Fashion,14
2024-07-27,SKU-014,Fashion,13
2024-07-28,SKU-014,Fashion,17
2024-07-29,SKU-014,Fashion,15
2024-07-30,SKU-014,Fashion,17
2024-07-31,SKU-014,Fashion,21
2024-08-01,SKU-014,Fashion,19
2024-08-02,SKU-014,Fashion,18
2024-08-03,SKU-014,Fashion,20
2024-08-04,SKU-014,Fashion,17
2024-08-05,SKU-014,Fashion,15
2024-08-06,SKU-014,Fashion,24
2024-08-07,SKU-014,Fashion,17
2024-08-08,SKU-014,Fashion,24
2024-08-09,SKU-014,Fashion,15
2024-08-10,SKU-014,Fashion,22
2024-08-11,SKU-014,Fashion,24
2024-08-12,SKU-014,Fashion,15
2024-08-13,SKU-014,Fashion,16
2024-08-14,SKU-014,Fashion,16
2024-08-15,SKU-014,Fashion,16
2024-08-16,SKU-014,Fashion,14
2024-08-17,SKU-014,Fashion,13
2024-08-18,SKU-014,Fashion,14
2024-08-19,SKU-014,Fashion,21
2024-08-20,SKU-014,Fashion,28
2024-08-21,SKU-014,Fashion,21
2024-08-22,SKU-014,Fashion,24
2024-08-23,SKU-014,Fashion,19
2024-08-24,SKU-014,Fashion,13
2024-08-25,SKU-014,Fashion,17
2024-08-26,SKU-014,Fashion,15
2024-08-27,SKU-014,Fashion,21
2024-08-28,SKU-014,Fashion,21
2024-08-29,SKU-014,Fashion,27
2024-08-30,SKU-014,Fashion,14
2024-08-31,SKU-014,Fashion,16
2024-09-01,SKU-014,Fashion,18
2024-09-02,SKU-014,Fashion,19
2024-09-03,SKU-014,Fashion,17
2024-09-04,SKU-014,Fashion,25
2024-09-05,SKU-014,Fashion,16
2024-09-06,SKU-014,Fashion,21
2024-09-07,SKU-014,Fashion,14
2024-09-08,SKU-014,Fashion,17
2024-09-09,SKU-014,Fashion,16
2024-09-10,SKU-014,Fashion,20
2024-09-11,SKU-014,Fashion,21
2024-09-12,SKU-014,Fashion,21
2024-09-13,SKU-014,Fashion,15
2024-09-14,SKU-014,Fashion,20
2024-09-15,SKU-014,Fashion,20
2024-09-16,SKU-014,Fashion,19
2024-09-17,SKU-014,Fashion,21
2024-09-18,SKU-014,Fashion,22
2024-09-19,SKU-014,Fashion,16
2024-09-20,SKU-014,Fashion,14
2024-09-21,SKU-014,Fashion,19
2024-09-22,SKU-014,Fashion,14
2024-09-23,SKU-014,Fashion,19
2024-09-24,SKU-014,Fashion,22
2024-09-25,SKU-014,Fashion,22
2024-09-26,SKU-014,Fashion,24
2024-09-27,SKU-014,Fashion,15
2024-09-28,SKU-014,Fashion,17
2024-09-29,SKU-014,Fashion,18
2024-09-30,SKU-014,Fashion,16
2024-10-01,SKU-014,Fashion,16
2024-10-02,SKU-014,Fashion,18
2024-10-03,SKU-014,Fashion,16
2024-10-04,SKU-014,Fashion,22
2024-10-05,SKU-014,Fashion,24
2024-10-06,SKU-014,Fashion,15
2024-10-07,SKU-014,Fashion,16
2024-10-08,SKU-014,Fashion,18
2024-10-09,SKU-014,Fashion,22
2024-10-10,SKU-014,Fashion,22
2024-10-11,SKU-014,Fashion,15
2024-10-12,SKU-014,Fashion,21
2024-10-13,SKU-014,Fashion,14
2024-10-14,SKU-014,Fashion,16
2024-10-15,SKU-014,Fashion,18
2024-10-16,SKU-014,Fashion,27
2024-10-17,SKU-014,Fashion,21
2024-10-18,SKU-014,Fashion,19
2024-10-19,SKU-014,Fashion,15
2024-10-20,SKU-014,Fashion,21
2024-10-21,SKU-014,Fashion,20
2024-10-22,SKU-014,Fashion,25
2024-10-23,SKU-014,Fashion,18
2024-10-24,SKU-014,Fashion,17
2024-10-25,SKU-014,Fashion,20
2024-10-26,SKU-014,Fashion,23
2024-10-27,SKU-014,Fashion,15
2024-10-28,SKU-014,Fashion,16
2024-10-29,SKU-014,Fashion,18
2024-10-30,SKU-014,Fashion,18
2024-10-31,SKU-014,Fashion,21
2024-11-01,SKU-014,Fashion,19
2024-11-02,SKU-014,Fashion,14
2024-11-03,SKU-014,Fashion,18
2024-11-04,SKU-014,Fashion,20
2024-11-05,SKU-014,Fashion,26
2024-11-06,SKU-014,Fashion,28
2024-11-07,SKU-014,Fashion,25
2024-11-08,SKU-014,Fashion,20
2024-11-09,SKU-014,Fashion,19
2024-11-10,SKU-014,Fashion,22
2024-11-11,SKU-014,Fashion,17
2024-11-12,SKU-014,Fashion,19
2024-11-13,SKU-014,Fashion,24
2024-11-14,SKU-014,Fashion,17
2024-11-15,SKU-014,Fashion,16
2024-11-16,SKU-014,Fashion,18
2024-11-17,SKU-014,Fashion,15
2024-11-18,SKU-014,Fashion,21
2024-11-19,SKU-014,Fashion,18
2024-11-20,SKU-014,Fashion,23
2024-11-21,SKU-014,Fashion,17
2024-11-22,SKU-014,Fashion,20
2024-11-23,SKU-014,Fashion,16
2024-11-24,SKU-014,Fashion,22
2024-11-25,SKU-014,Fashion,21
2024-11-26,SKU-014,Fashion,19
2024-11-27,SKU-014,Fashion,25
2024-11-28,SKU-014,Fashion,26
2024-11-29,SKU-014,Fashion,20
2024-11-30,SKU-014,Fashion,26
2024-12-01,SKU-014,Fashion,20
2024-12-02,SKU-014,Fashion,17
2024-12-03,SKU-014,Fashion,20
2024-12-04,SKU-014,Fashion,21
2024-12-05,SKU-014,Fashion,32
2024-12-06,SKU-014,Fashion,16
2024-12-07,SKU-014,Fashion,16
2024-12-08,SKU-014,Fashion,21
2024-12-09,SKU-014,Fashion,18
2024-12-10,SKU-014,Fashion,29
2024-12-11,SKU-014,Fashion,30
2024-12-12,SKU-014,Fashion,19
2024-12-13,SKU-014,Fashion,21
2024-12-14,SKU-014,Fashion,16
2024-12-15,SKU-014,Fashion,21
2024-12-16,SKU-014,Fashion,19
2024-12-17,SKU-014,Fashion,25
2024-12-18,SKU-014,Fashion,20
2024-12-19,SKU-014,Fashion,24
2024-12-20,SKU-014,Fashion,22
2024-12-21,SKU-014,Fashion,21
2024-12-22,SKU-014,Fashion,16
2024-12-23,SKU-014,Fashion,24
2024-12-24,SKU-014,Fashion,29
2024-12-25,SKU-014,Fashion,25
2024-12-26,SKU-014,Fashion,20
2024-12-27,SKU-014,Fashion,27
2024-12-28,SKU-014,Fashion,20
2024-12-29,SKU-014,Fashion,25
2023-01-02,SKU-015,Home,4
2023-01-03,SKU-015,Home,4
2023-01-04,SKU-015,Home,5
2023-01-05,SKU-015,Home,5
2023-01-06,SKU-015,Home,5
2023-01-07,SKU-015,Home,3
2023-01-08,SKU-015,Home,4
2023-01-09,SKU-015,Home,5
2023-01-10,SKU-015,Home,4
2023-01-11,SKU-015,Home,5
2023-01-12,SKU-015,Home,4
2023-01-13,SKU-015,Home,4
2023-01-14,SKU-015,Home,4
2023-01-15,SKU-015,Home,4
2023-01-16,SKU-015,Home,6
2023-01-17,SKU-015,Home,5
2023-01-18,SKU-015,Home,6
2023-01-19,SKU-015,Home,6
2023-01-20,SKU-015,Home,4
2023-01-21,SKU-015,Home,4
2023-01-22,SKU-015,Home,5
2023-01-23,SKU-015,Home,6
2023-01-24,SKU-015,Home,5
2023-01-25,SKU-015,Home,5
2023-01-26,SKU-015,Home,7
2023-01-27,SKU-015,Home,4
2023-01-28,SKU-015,Home,7
2023-01-29,SKU-015,Home,4
2023-01-30,SKU-015,Home,5
2023-01-31,SKU-015,Home,6
2023-02-01,SKU-015,Home,5
2023-02-02,SKU-015,Home,7
2023-02-03,SKU-015,Home,8
2023-02-04,SKU-015,Home,6
2023-02-05,SKU-015,Home,6
2023-02-06,SKU-015,Home,5
2023-02-07,SKU-015,Home,5
2023-02-08,SKU-015,Home,7
2023-02-09,SKU-015,Home,5
2023-02-10,SKU-015,Home,4
2023-02-11,SKU-015,Home,4
2023-02-12,SKU-015,Home,4
2023-02-13,SKU-015,Home,5
2023-02-14,SKU-015,Home,5
2023-02-15,SKU-015,Home,5
2023-02-16,SKU-015,Home,5
2023-02-17,SKU-015,Home,4
2023-02-18,SKU-015,Home,5
2023-02-19,SKU-015,Home,5
2023-02-20,SKU-015,Home,5
2023-02-21,SKU-015,Home,7
2023-02-22,SKU-015,Home,6
2023-02-23,SKU-015,Home,6
2023-02-24,SKU-015,Home,5
2023-02-25,SKU-015,Home,5
2023-02-26,SKU-015,Home,6
2023-02-27,SKU-015,Home,6
2023-02-28,SKU-015,Home,6
2023-03-01,SKU-015,Home,7
2023-03-02,SKU-015,Home,6
2023-03-03,SKU-015,Home,5
2023-03-04,SKU-015,Home,5
2023-03-05,SKU-015,Home,5
2023-03-06,SKU-015,Home,6
2023-03-07,SKU-015,Home,7
2023-03-08,SKU-015,Home,7
2023-03-09,SKU-015,Home,6
2023-03-10,SKU-015,Home,5
2023-03-11,SKU-015,Home,5
2023-03-12,SKU-015,Home,5
2023-03-13,SKU-015,Home,10
2023-03-14,SKU-015,Home,6
2023-03-15,SKU-015,Home,8
2023-03-16,SKU-015,Home,6
2023-03-17,SKU-015,Home,7
2023-03-18,SKU-015,Home,5
2023-03-19,SKU-015,Home,5
2023-03-20,SKU-015,Home,7
2023-03-21,SKU-015,Home,6
2023-03-22,SKU-015,Home,8
2023-03-23,SKU-015,Home,6
2023-03-24,SKU-015,Home,7
2023-03-25,SKU-015,Home,5
2023-03-26,SKU-015,Home,5
2023-03-27,SKU-015,Home,7
2023-03-28,SKU-015,Home,7
2023-03-29,SKU-015,Home,8
2023-03-30,SKU-015,Home,13
2023-03-31,SKU-015,Home,6
2023-04-01,SKU-015,Home,5
2023-04-02,SKU-015,Home,7
2023-04-03,SKU-015,Home,10
2023-04-04,SKU-015,Home,7
2023-04-05,SKU-015,Home,9
2023-04-06,SKU-015,Home,11
2023-04-07,SKU-015,Home,7
2023-04-08,SKU-015,Home,5
2023-04-09,SKU-015,Home,6
2023-04-10,SKU-015,Home,6
2023-04-11,SKU-015,Home,7
2023-04-12,SKU-015,Home,7
2023-04-13,SKU-015,Home,7
2023-04-14,SKU-015,Home,6
2023-04-15,SKU-015,Home,6
2023-04-16,SKU-015,Home,7
2023-04-17,SKU-015,Home,10
2023-04-18,SKU-015,Home,9
2023-04-19,SKU-015,Home,7
2023-04-20,SKU-015,Home,11
2023-04-21,SKU-015,Home,8
2023-04-22,SKU-015,Home,8
2023-04-23,SKU-015,Home,7
2023-04-24,SKU-015,Home,8
2023-04-25,SKU-015,Home,9
2023-04-26,SKU-015,Home,9
2023-04-27,SKU-015,Home,7
2023-04-28,SKU-015,Home,8
2023-04-29,SKU-015,Home,6
2023-04-30,SKU-015,Home,6
2023-05-01,SKU-015,Home,7
2023-05-02,SKU-015,Home,9
2023-05-03,SKU-015,Home,8
2023-05-04,SKU-015,Home,9
2023-05-05,SKU-015,Home,10
2023-05-06,SKU-015,Home,6
2023-05-07,SKU-015,Home,6
2023-05-08,SKU-015,Home,11
2023-05-09,SKU-015,Home,12
2023-05-10,SKU-015,Home,8
2023-05-11,SKU-015,Home,9
2023-05-12,SKU-015,Home,7
2023-05-13,SKU-015,Home,6
2023-05-14,SKU-015,Home,7
2023-05-15,SKU-015,Home,7
2023-05-16,SKU-015,Home,8
2023-05-17,SKU-015,Home,10
2023-05-18,SKU-015,Home,11
2023-05-19,SKU-015,Home,12
2023-05-20,SKU-015,Home,8
2023-05-21,SKU-015,Home,8
2023-05-22,SKU-015,Home,8
2023-05-23,SKU-015,Home,10
2023-05-24,SKU-015,Home,8
2023-05-25,SKU-015,Home,13
2023-05-26,SKU-015,Home,7
2023-05-27,SKU-015,Home,8
2023-05-28,SKU-015,Home,8
2023-05-29,SKU-015,Home,9
2023-05-30,SKU-015,Home,8
2023-05-31,SKU-015,Home,8
2023-06-01,SKU-015,Home,8
2023-06-02,SKU-015,Home,7
2023-06-03,SKU-015,Home,13
2023-06-04,SKU-015,Home,7
2023-06-05,SKU-015,Home,10
2023-06-06,SKU-015,Home,9
2023-06-07,SKU-015,Home,11
2023-06-08,SKU-015,Home,8
2023-06-09,SKU-015,Home,9
2023-06-10,SKU-015,Home,7
2023-06-11,SKU-015,Home,7
2023-06-12,SKU-015,Home,8
2023-06-13,SKU-015,Home,11
2023-06-14,SKU-015,Home,11
2023-06-15,SKU-015,Home,8
2023-06-16,SKU-015,Home,9
2023-06-17,SKU-015,Home,9
2023-06-18,SKU-015,Home,10
2023-06-19,SKU-015,Home,10
2023-06-20,SKU-015,Home,10
2023-06-21,SKU-015,Home,13
2023-06-22,SKU-015,Home,8
2023-06-23,SKU-015,Home,11
2023-06-24,SKU-015,Home,7
2023-06-25,SKU-015,Home,9
2023-06-26,SKU-015,Home,12
2023-06-27,SKU-015,Home,12
2023-06-28,SKU-015,Home,12
2023-06-29,SKU-015,Home,8
2023-06-30,SKU-015,Home,8
2023-07-01,SKU-015,Home,9
2023-07-02,SKU-015,Home,11
2023-07-03,SKU-015,Home,8
2023-07-04,SKU-015,Home,9
2023-07-05,SKU-015,Home,9
2023-07-06,SKU-015,Home,9
2023-07-07,SKU-015,Home,8
2023-07-08,SKU-015,Home,9
2023-07-09,SKU-015,Home,12
2023-07-10,SKU-015,Home,10
2023-07-11,SKU-015,Home,13
2023-07-12,SKU-015,Home,16
2023-07-13,SKU-015,Home,9
2023-07-14,SKU-015,Home,10
2023-07-15,SKU-015,Home,7
2023-07-16,SKU-015,Home,9
2023-07-17,SKU-015,Home,9
2023-07-18,SKU-015,Home,12
2023-07-19,SKU-015,Home,9
2023-07-20,SKU-015,Home,11
2023-07-21,SKU-015,Home,10
2023-07-22,SKU-015,Home,9
2023-07-23,SKU-015,Home,8
2023-07-24,SKU-015,Home,12
2023-07-25,SKU-015,Home,11
2023-07-26,SKU-015,Home,12
2023-07-27,SKU-015,Home,11
2023-07-28,SKU-015,Home,8
2023-07-29,SKU-015,Home,9
2023-07-30,SKU-015,Home,10
2023-07-31,SKU-015,Home,15
2023-08-01,SKU-015,Home,12
2023-08-02,SKU-015,Home,10
2023-08-03,SKU-015,Home,12
2023-08-04,SKU-015,Home,8
2023-08-05,SKU-015,Home,8
2023-08-06,SKU-015,Home,10
2023-08-07,SKU-015,Home,11
2023-08-08,SKU-015,Home,10
2023-08-09,SKU-015,Home,12
2023-08-10,SKU-015,Home,9
2023-08-11,SKU-015,Home,8
2023-08-12,SKU-015,Home,10
2023-08-13,SKU-015,Home,10
2023-08-14,SKU-015,Home,9
2023-08-15,SKU-015,Home,10
2023-08-16,SKU-015,Home,10
2023-08-17,SKU-015,Home,9
2023-08-18,SKU-015,Home,9
2023-08-19,SKU-015,Home,10
2023-08-20,SKU-015,Home,14
2023-08-21,SKU-015,Home,9
2023-08-22,SKU-015,Home,12
2023-08-23,SKU-015,Home,10
2023-08-24,SKU-015,Home,9
2023-08-25,SKU-015,Home,9
2023-08-26,SKU-015,Home,10
2023-08-27,SKU-015,Home,8
2023-08-28,SKU-015,Home,13
2023-08-29,SKU-015,Home,13
2023-08-30,SKU-015,Home,10
2023-08-31,SKU-015,Home,12
2023-09-01,SKU-015,Home,9
2023-09-02,SKU-015,Home,8
2023-09-03,SKU-015,Home,10
2023-09-04,SKU-015,Home,9
2023-09-05,SKU-015,Home,16
2023-09-06,SKU-015,Home,13
2023-09-07,SKU-015,Home,10
2023-09-08,SKU-015,Home,11
2023-09-09,SKU-015,Home,8
2023-09-10,SKU-015,Home,8
2023-09-11,SKU-015,Home,12
2023-09-12,SKU-015,Home,13
2023-09-13,SKU-015,Home,11
2023-09-14,SKU-015,Home,12
2023-09-15,SKU-015,Home,11
2023-09-16,SKU-015,Home,8
2023-09-17,SKU-015,Home,13
2023-09-18,SKU-015,Home,14
2023-09-19,SKU-015,Home,11
2023-09-20,SKU-015,Home,14
2023-09-21,SKU-015,Home,14
2023-09-22,SKU-015,Home,11
2023-09-23,SKU-015,Home,9
2023-09-24,SKU-015,Home,9
2023-09-25,SKU-015,Home,14
2023-09-26,SKU-015,Home,14
2023-09-27,SKU-015,Home,18
2023-09-28,SKU-015,Home,15
2023-09-29,SKU-015,Home,11
2023-09-30,SKU-015,Home,8
2023-10-01,SKU-015,Home,9
2023-10-02,SKU-015,Home,12
2023-10-03,SKU-015,Home,13
2023-10-04,SKU-015,Home,11
2023-10-05,SKU-015,Home,16
2023-10-06,SKU-015,Home,12
2023-10-07,SKU-015,Home,9
2023-10-08,SKU-015,Home,11
2023-10-09,SKU-015,Home,15
2023-10-10,SKU-015,Home,11
2023-10-11,SKU-015,Home,17
2023-10-12,SKU-015,Home,13
2023-10-13,SKU-015,Home,9
2023-10-14,SKU-015,Home,11
2023-10-15,SKU-015,Home,12
2023-10-16,SKU-015,Home,10
2023-10-17,SKU-015,Home,20
2023-10-18,SKU-015,Home,11
2023-10-19,SKU-015,Home,13
2023-10-20,SKU-015,Home,10
2023-10-21,SKU-015,Home,9
2023-10-22,SKU-015,Home,9
2023-10-23,SKU-015,Home,10
2023-10-24,SKU-015,Home,14
2023-10-25,SKU-015,Home,14
2023-10-26,SKU-015,Home,13
2023-10-27,SKU-015,Home,12
2023-10-28,SKU-015,Home,9
2023-10-29,SKU-015,Home,9
2023-10-30,SKU-015,Home,15
2023-10-31,SKU-015,Home,12
2023-11-01,SKU-015,Home,15
2023-11-02,SKU-015,Home,11
2023-11-03,SKU-015,Home,10
2023-11-04,SKU-015,Home,10
2023-11-05,SKU-015,Home,12
2023-11-06,SKU-015,Home,14
2023-11-07,SKU-015,Home,18
2023-11-08,SKU-015,Home,15
2023-11-09,SKU-015,Home,14
2023-11-10,SKU-015,Home,10
2023-11-11,SKU-015,Home,10
2023-11-12,SKU-015,Home,12
2023-11-13,SKU-015,Home,11
2023-11-14,SKU-015,Home,12
2023-11-15,SKU-015,Home,15
2023-11-16,SKU-015,Home,14
2023-11-17,SKU-015,Home,16
2023-11-18,SKU-015,Home,17
2023-11-19,SKU-015,Home,10
2023-11-20,SKU-015,Home,11
2023-11-21,SKU-015,Home,22
2023-11-22,SKU-015,Home,15
2023-11-23,SKU-015,Home,15
2023-11-24,SKU-015,Home,13
2023-11-25,SKU-015,Home,11
2023-11-26,SKU-015,Home,10
2023-11-27,SKU-015,Home,12
2023-11-28,SKU-015,Home,18
2023-11-29,SKU-015,Home,19
2023-11-30,SKU-015,Home,12
2023-12-01,SKU-015,Home,11
2023-12-02,SKU-015,Home,13
2023-12-03,SKU-015,Home,18
2023-12-04,SKU-015,Home,12
2023-12-05,SKU-015,Home,13
2023-12-06,SKU-015,Home,23
2023-12-07,SKU-015,Home,18
2023-12-08,SKU-015,Home,16
2023-12-09,SKU-015,Home,18
2023-12-10,SKU-015,Home,13
2023-12-11,SKU-015,Home,12
2023-12-12,SKU-015,Home,20
2023-12-13,SKU-015,Home,16
2023-12-14,SKU-015,Home,12
2023-12-15,SKU-015,Home,12
2023-12-16,SKU-015,Home,13
2023-12-17,SKU-015,Home,11
2023-12-18,SKU-015,Home,21
2023-12-19,SKU-015,Home,13
2023-12-20,SKU-015,Home,20
2023-12-21,SKU-015,Home,13
2023-12-22,SKU-015,Home,12
2023-12-23,SKU-015,Home,11
2023-12-24,SKU-015,Home,14
2023-12-25,SKU-015,Home,16
2023-12-26,SKU-015,Home,20
2023-12-27,SKU-015,Home,17
2023-12-28,SKU-015,Home,13
2023-12-29,SKU-015,Home,22
2023-12-30,SKU-015,Home,12
2023-12-31,SKU-015,Home,14
2024-01-01,SKU-015,Home,13
2024-01-02,SKU-015,Home,14
2024-01-03,SKU-015,Home,18
2024-01-04,SKU-015,Home,14
2024-01-05,SKU-015,Home,15
2024-01-06,SKU-015,Home,12
2024-01-07,SKU-015,Home,15
2024-01-08,SKU-015,Home,19
2024-01-09,SKU-015,Home,26
2024-01-10,SKU-015,Home,21
2024-01-11,SKU-015,Home,21
2024-01-12,SKU-015,Home,13
2024-01-13,SKU-015,Home,17
2024-01-14,SKU-015,Home,13
2024-01-15,SKU-015,Home,13
2024-01-16,SKU-015,Home,18
2024-01-17,SKU-015,Home,15
2024-01-18,SKU-015,Home,21
2024-01-19,SKU-015,Home,12
2024-01-20,SKU-015,Home,15
2024-01-21,SKU-015,Home,12
2024-01-22,SKU-015,Home,17
2024-01-23,SKU-015,Home,22
2024-01-24,SKU-015,Home,15
2024-01-25,SKU-015,Home,14
2024-01-26,SKU-015,Home,21
2024-01-27,SKU-015,Home,18
2024-01-28,SKU-015,Home,15
2024-01-29,SKU-015,Home,14
2024-01-30,SKU-015,Home,18
2024-01-31,SKU-015,Home,23
2024-02-01,SKU-015,Home,15
2024-02-02,SKU-015,Home,20
2024-02-03,SKU-015,Home,18
2024-02-04,SKU-015,Home,13
2024-02-05,SKU-015,Home,14
2024-02-06,SKU-015,Home,16
2024-02-07,SKU-015,Home,24
2024-02-08,SKU-015,Home,15
2024-02-09,SKU-015,Home,17
2024-02-10,SKU-015,Home,13
2024-02-11,SKU-015,Home,13
2024-02-12,SKU-015,Home,15
2024-02-13,SKU-015,Home,16
2024-02-14,SKU-015,Home,21
2024-02-15,SKU-015,Home,19
2024-02-16,SKU-015,Home,14
2024-02-17,SKU-015,Home,13
2024-02-18,SKU-015,Home,13
2024-02-19,SKU-015,Home,17
2024-02-20,SKU-015,Home,16
2024-02-21,SKU-015,Home,20
2024-02-22,SKU-015,Home,16
2024-02-23,SKU-015,Home,17
2024-02-24,SKU-015,Home,13
2024-02-25,SKU-015,Home,14
2024-02-26,SKU-015,Home,19
2024-02-27,SKU-015,Home,24
2024-02-28,SKU-015,Home,21
2024-02-29,SKU-015,Home,20
2024-03-01,SKU-015,Home,18
2024-03-02,SKU-015,Home,16
2024-03-03,SKU-015,Home,21
2024-03-04,SKU-015,Home,18
2024-03-05,SKU-015,Home,17
2024-03-06,SKU-015,Home,25
2024-03-07,SKU-015,Home,24
2024-03-08,SKU-015,Home,22
2024-03-09,SKU-015,Home,20
2024-03-10,SKU-015,Home,14
2024-03-11,SKU-015,Home,16
2024-03-12,SKU-015,Home,17
2024-03-13,SKU-015,Home,18
2024-03-14,SKU-015,Home,21
2024-03-15,SKU-015,Home,19
2024-03-16,SKU-015,Home,17
2024-03-17,SKU-015,Home,14
2024-03-18,SKU-015,Home,15
2024-03-19,SKU-015,Home,17
2024-03-20,SKU-015,Home,17
2024-03-21,SKU-015,Home,20
2024-03-22,SKU-015,Home,18
2024-03-23,SKU-015,Home,14
2024-03-24,SKU-015,Home,15
2024-03-25,SKU-015,Home,16
2024-03-26,SKU-015,Home,21
2024-03-27,SKU-015,Home,27
2024-03-28,SKU-015,Home,24
2024-03-29,SKU-015,Home,15
2024-03-30,SKU-015,Home,14
2024-03-31,SKU-015,Home,15
2024-04-01,SKU-015,Home,16
2024-04-02,SKU-015,Home,17
2024-04-03,SKU-015,Home,17
2024-04-04,SKU-015,Home,17
2024-04-05,SKU-015,Home,23
2024-04-06,SKU-015,Home,18
2024-04-07,SKU-015,Home,18
2024-04-08,SKU-015,Home,20
2024-04-09,SKU-015,Home,23
2024-04-10,SKU-015,Home,23
2024-04-11,SKU-015,Home,25
2024-04-12,SKU-015,Home,16
2024-04-13,SKU-015,Home,21
2024-04-14,SKU-015,Home,16
2024-04-15,SKU-015,Home,20
2024-04-16,SKU-015,Home,23
2024-04-17,SKU-015,Home,18
2024-04-18,SKU-015,Home,22
2024-04-19,SKU-015,Home,19
2024-04-20,SKU-015,Home,15
2024-04-21,SKU-015,Home,26
2024-04-22,SKU-015,Home,17
2024-04-23,SKU-015,Home,22
2024-04-24,SKU-015,Home,19
2024-04-25,SKU-015,Home,18
2024-04-26,SKU-015,Home,26
2024-04-27,SKU-015,Home,18
2024-04-28,SKU-015,Home,15
2024-04-29,SKU-015,Home,17
2024-04-30,SKU-015,Home,19
2024-05-01,SKU-015,Home,19
2024-05-02,SKU-015,Home,18
2024-05-03,SKU-015,Home,20
2024-05-04,SKU-015,Home,18
2024-05-05,SKU-015,Home,19
2024-05-06,SKU-015,Home,21
2024-05-07,SKU-015,Home,19
2024-05-08,SKU-015,Home,18
2024-05-09,SKU-015,Home,17
2024-05-10,SKU-015,Home,15
2024-05-11,SKU-015,Home,18
2024-05-12,SKU-015,Home,23
2024-05-13,SKU-015,Home,17
2024-05-14,SKU-015,Home,23
2024-05-15,SKU-015,Home,19
2024-05-16,SKU-015,Home,23
2024-05-17,SKU-015,Home,16
2024-05-18,SKU-015,Home,19
2024-05-19,SKU-015,Home,15
2024-05-20,SKU-015,Home,26
2024-05-21,SKU-015,Home,29
2024-05-22,SKU-015,Home,24
2024-05-23,SKU-015,Home,21
2024-05-24,SKU-015,Home,20
2024-05-25,SKU-015,Home,15
2024-05-26,SKU-015,Home,30
2024-05-27,SKU-015,Home,22
2024-05-28,SKU-015,Home,19
2024-05-29,SKU-015,Home,19
2024-05-30,SKU-015,Home,27
2024-05-31,SKU-015,Home,16
2024-06-01,SKU-015,Home,22
2024-06-02,SKU-015,Home,19
2024-06-03,SKU-015,Home,18
2024-06-04,SKU-015,Home,29
2024-06-05,SKU-015,Home,19
2024-06-06,SKU-015,Home,21
2024-06-07,SKU-015,Home,24
2024-06-08,SKU-015,Home,18
2024-06-09,SKU-015,Home,20
2024-06-10,SKU-015,Home,22
2024-06-11,SKU-015,Home,24
2024-06-12,SKU-015,Home,24
2024-06-13,SKU-015,Home,27
2024-06-14,SKU-015,Home,19
2024-06-15,SKU-015,Home,19
2024-06-16,SKU-015,Home,16
2024-06-17,SKU-015,Home,22
2024-06-18,SKU-015,Home,32
2024-06-19,SKU-015,Home,28
2024-06-20,SKU-015,Home,26
2024-06-21,SKU-015,Home,19
2024-06-22,SKU-015,Home,26
2024-06-23,SKU-015,Home,15
2024-06-24,SKU-015,Home,18
2024-06-25,SKU-015,Home,19
2024-06-26,SKU-015,Home,19
2024-06-27,SKU-015,Home,18
2024-06-28,SKU-015,Home,15
2024-06-29,SKU-015,Home,20
2024-06-30,SKU-015,Home,16
2024-07-01,SKU-015,Home,18
2024-07-02,SKU-015,Home,19
2024-07-03,SKU-015,Home,25
2024-07-04,SKU-015,Home,27
2024-07-05,SKU-015,Home,20
2024-07-06,SKU-015,Home,26
2024-07-07,SKU-015,Home,21
2024-07-08,SKU-015,Home,22
2024-07-09,SKU-015,Home,24
2024-07-10,SKU-015,Home,24
2024-07-11,SKU-015,Home,22
2024-07-12,SKU-015,Home,21
2024-07-13,SKU-015,Home,16
2024-07-14,SKU-015,Home,20
2024-07-15,SKU-015,Home,17
2024-07-16,SKU-015,Home,19
2024-07-17,SKU-015,Home,19
2024-07-18,SKU-015,Home,23
2024-07-19,SKU-015,Home,17
2024-07-20,SKU-015,Home,16
2024-07-21,SKU-015,Home,20
2024-07-22,SKU-015,Home,17
2024-07-23,SKU-015,Home,25
2024-07-24,SKU-015,Home,25
2024-07-25,SKU-015,Home,27
2024-07-26,SKU-015,Home,17
2024-07-27,SKU-015,Home,16
2024-07-28,SKU-015,Home,20
2024-07-29,SKU-015,Home,16
2024-07-30,SKU-015,Home,20
2024-07-31,SKU-015,Home,25
2024-08-01,SKU-015,Home,24
2024-08-02,SKU-015,Home,22
2024-08-03,SKU-015,Home,24
2024-08-04,SKU-015,Home,20
2024-08-05,SKU-015,Home,18
2024-08-06,SKU-015,Home,30
2024-08-07,SKU-015,Home,20
2024-08-08,SKU-015,Home,26
2024-08-09,SKU-015,Home,17
2024-08-10,SKU-015,Home,27
2024-08-11,SKU-015,Home,28
2024-08-12,SKU-015,Home,17
2024-08-13,SKU-015,Home,19
2024-08-14,SKU-015,Home,20
2024-08-15,SKU-015,Home,19
2024-08-16,SKU-015,Home,18
2024-08-17,SKU-015,Home,16
2024-08-18,SKU-015,Home,17
2024-08-19,SKU-015,Home,26
2024-08-20,SKU-015,Home,32
2024-08-21,SKU-015,Home,24
2024-08-22,SKU-015,Home,28
2024-08-23,SKU-015,Home,21
2024-08-24,SKU-015,Home,16
2024-08-25,SKU-015,Home,21
2024-08-26,SKU-015,Home,18
2024-08-27,SKU-015,Home,24
2024-08-28,SKU-015,Home,24
2024-08-29,SKU-015,Home,32
2024-08-30,SKU-015,Home,17
2024-08-31,SKU-015,Home,20
2024-09-01,SKU-015,Home,20
2024-09-02,SKU-015,Home,23
2024-09-03,SKU-015,Home,20
2024-09-04,SKU-015,Home,30
2024-09-05,SKU-015,Home,20
2024-09-06,SKU-015,Home,25
2024-09-07,SKU-015,Home,16
2024-09-08,SKU-015,Home,20
2024-09-09,SKU-015,Home,18
2024-09-10,SKU-015,Home,25
2024-09-11,SKU-015,Home,25
2024-09-12,SKU-015,Home,24
2024-09-13,SKU-015,Home,17
2024-09-14,SKU-015,Home,24
2024-09-15,SKU-015,Home,24
2024-09-16,SKU-015,Home,23
2024-09-17,SKU-015,Home,25
2024-09-18,SKU-015,Home,26
2024-09-19,SKU-015,Home,19
2024-09-20,SKU-015,Home,18
2024-09-21,SKU-015,Home,23
2024-09-22,SKU-015,Home,17
2024-09-23,SKU-015,Home,22
2024-09-24,SKU-015,Home,26
2024-09-25,SKU-015,Home,25
2024-09-26,SKU-015,Home,28
2024-09-27,SKU-015,Home,17
2024-09-28,SKU-015,Home,21
2024-09-29,SKU-015,Home,21
2024-09-30,SKU-015,Home,18
2024-10-01,SKU-015,Home,21
2024-10-02,SKU-015,Home,21
2024-10-03,SKU-015,Home,19
2024-10-04,SKU-015,Home,26
2024-10-05,SKU-015,Home,29
2024-10-06,SKU-015,Home,17
2024-10-07,SKU-015,Home,19
2024-10-08,SKU-015,Home,20
2024-10-09,SKU-015,Home,26
2024-10-10,SKU-015,Home,24
2024-10-11,SKU-015,Home,18
2024-10-12,SKU-015,Home,24
2024-10-13,SKU-015,Home,17
2024-10-14,SKU-015,Home,19
2024-10-15,SKU-015,Home,21
2024-10-16,SKU-015,Home,32
2024-10-17,SKU-015,Home,26
2024-10-18,SKU-015,Home,23
2024-10-19,SKU-015,Home,17
2024-10-20,SKU-015,Home,25
2024-10-21,SKU-015,Home,23
2024-10-22,SKU-015,Home,32
2024-10-23,SKU-015,Home,21
2024-10-24,SKU-015,Home,20
2024-10-25,SKU-015,Home,23
2024-10-26,SKU-015,Home,29
2024-10-27,SKU-015,Home,18
2024-10-28,SKU-015,Home,19
2024-10-29,SKU-015,Home,22
2024-10-30,SKU-015,Home,22
2024-10-31,SKU-015,Home,25
2024-11-01,SKU-015,Home,22
2024-11-02,SKU-015,Home,17
2024-11-03,SKU-015,Home,22
2024-11-04,SKU-015,Home,24
2024-11-05,SKU-015,Home,33
2024-11-06,SKU-015,Home,33
2024-11-07,SKU-015,Home,30
2024-11-08,SKU-015,Home,23
2024-11-09,SKU-015,Home,22
2024-11-10,SKU-015,Home,27
2024-11-11,SKU-015,Home,20
2024-11-12,SKU-015,Home,22
2024-11-13,SKU-015,Home,28
2024-11-14,SKU-015,Home,22
2024-11-15,SKU-015,Home,18
2024-11-16,SKU-015,Home,23
2024-11-17,SKU-015,Home,19
2024-11-18,SKU-015,Home,24
2024-11-19,SKU-015,Home,22
2024-11-20,SKU-015,Home,27
2024-11-21,SKU-015,Home,21
2024-11-22,SKU-015,Home,24
2024-11-23,SKU-015,Home,18
2024-11-24,SKU-015,Home,28
2024-11-25,SKU-015,Home,26
2024-11-26,SKU-015,Home,22
2024-11-27,SKU-015,Home,28
2024-11-28,SKU-015,Home,33
2024-11-29,SKU-015,Home,25
2024-11-30,SKU-015,Home,31
2024-12-01,SKU-015,Home,24
2024-12-02,SKU-015,Home,21
2024-12-03,SKU-015,Home,24
2024-12-04,SKU-015,Home,23
2024-12-05,SKU-015,Home,38
2024-12-06,SKU-015,Home,19
2024-12-07,SKU-015,Home,18
2024-12-08,SKU-015,Home,23
2024-12-09,SKU-015,Home,21
2024-12-10,SKU-015,Home,33
2024-12-11,SKU-015,Home,34
2024-12-12,SKU-015,Home,22
2024-12-13,SKU-015,Home,25
2024-12-14,SKU-015,Home,19
2024-12-15,SKU-015,Home,23
2024-12-16,SKU-015,Home,21
2024-12-17,SKU-015,Home,29
2024-12-18,SKU-015,Home,25
2024-12-19,SKU-015,Home,28
2024-12-20,SKU-015,Home,25
2024-12-21,SKU-015,Home,24
2024-12-22,SKU-015,Home,19
2024-12-23,SKU-015,Home,27
2024-12-24,SKU-015,Home,34
2024-12-25,SKU-015,Home,30
2024-12-26,SKU-015,Home,23
2024-12-27,SKU-015,Home,30
2024-12-28,SKU-015,Home,23
2024-12-29,SKU-015,Home,29
2023-01-02,SKU-016,Electronics,3
2023-01-03,SKU-016,Electronics,2
2023-01-04,SKU-016,Electronics,3
2023-01-05,SKU-016,Electronics,3
2023-01-06,SKU-016,Electronics,3
2023-01-07,SKU-016,Electronics,2
2023-01-08,SKU-016,Electronics,2
2023-01-09,SKU-016,Electronics,3
2023-01-10,SKU-016,Electronics,2
2023-01-11,SKU-016,Electronics,3
2023-01-12,SKU-016,Electronics,2
2023-01-13,SKU-016,Electronics,3
2023-01-14,SKU-016,Electronics,2
2023-01-15,SKU-016,Electronics,2
2023-01-16,SKU-016,Electronics,3
2023-01-17,SKU-016,Electronics,3
2023-01-18,SKU-016,Electronics,4
2023-01-19,SKU-016,Electronics,4
2023-01-20,SKU-016,Electronics,2
2023-01-21,SKU-016,Electronics,2
2023-01-22,SKU-016,Electronics,3
2023-01-23,SKU-016,Electronics,3
2023-01-24,SKU-016,Electronics,3
2023-01-25,SKU-016,Electronics,3
2023-01-26,SKU-016,Electronics,4
2023-01-27,SKU-016,Electronics,3
2023-01-28,SKU-016,Electronics,4
2023-01-29,SKU-016,Electronics,2
2023-01-30,SKU-016,Electronics,2
2023-01-31,SKU-016,Electronics,4
2023-02-01,SKU-016,Electronics,3
2023-02-02,SKU-016,Electronics,4
2023-02-03,SKU-016,Electronics,5
2023-02-04,SKU-016,Electronics,3
2023-02-05,SKU-016,Electronics,3
2023-02-06,SKU-016,Electronics,3
2023-02-07,SKU-016,Electronics,3
2023-02-08,SKU-016,Electronics,4
2023-02-09,SKU-016,Electronics,3
2023-02-10,SKU-016,Electronics,3
2023-02-11,SKU-016,Electronics,2
2023-02-12,SKU-016,Electronics,2
2023-02-13,SKU-016,Electronics,3
2023-02-14,SKU-016,Electronics,3
2023-02-15,SKU-016,Electronics,3
2023-02-16,SKU-016,Electronics,3
2023-02-17,SKU-016,Electronics,3
2023-02-18,SKU-016,Electronics,3
2023-02-19,SKU-016,Electronics,3
2023-02-20,SKU-016,Electronics,3
2023-02-21,SKU-016,Electronics,4
2023-02-22,SKU-016,Electronics,3
2023-02-23,SKU-016,Electronics,3
2023-02-24,SKU-016,Electronics,3
2023-02-25,SKU-016,Electronics,3
2023-02-26,SKU-016,Electronics,3
2023-02-27,SKU-016,Electronics,4
2023-02-28,SKU-016,Electronics,3
2023-03-01,SKU-016,Electronics,4
2023-03-02,SKU-016,Electronics,3
2023-03-03,SKU-016,Electronics,3
2023-03-04,SKU-016,Electronics,3
2023-03-05,SKU-016,Electronics,3
2023-03-06,SKU-016,Electronics,4
2023-03-07,SKU-016,Electronics,4
2023-03-08,SKU-016,Electronics,4
2023-03-09,SKU-016,Electronics,4
2023-03-10,SKU-016,Electronics,3
2023-03-11,SKU-016,Electronics,3
2023-03-12,SKU-016,Electronics,3
2023-03-13,SKU-016,Electronics,6
2023-03-14,SKU-016,Electronics,4
2023-03-15,SKU-016,Electronics,5
2023-03-16,SKU-016,Electronics,3
2023-03-17,SKU-016,Electronics,4
2023-03-18,SKU-016,Electronics,3
2023-03-19,SKU-016,Electronics,3
2023-03-20,SKU-016,Electronics,4
2023-03-21,SKU-016,Electronics,4
2023-03-22,SKU-016,Electronics,5
2023-03-23,SKU-016,Electronics,3
2023-03-24,SKU-016,Electronics,4
2023-03-25,SKU-016,Electronics,3
2023-03-26,SKU-016,Electronics,3
2023-03-27,SKU-016,Electronics,5
2023-03-28,SKU-016,Electronics,4
2023-03-29,SKU-016,Electronics,5
2023-03-30,SKU-016,Electronics,7
2023-03-31,SKU-016,Electronics,3
2023-04-01,SKU-016,Electronics,3
2023-04-02,SKU-016,Electronics,4
2023-04-03,SKU-016,Electronics,6
2023-04-04,SKU-016,Electronics,4
2023-04-05,SKU-016,Electronics,5
2023-04-06,SKU-016,Electronics,7
2023-04-07,SKU-016,Electronics,4
2023-04-08,SKU-016,Electronics,3
2023-04-09,SKU-016,Electronics,3
2023-04-10,SKU-016,Electronics,4
2023-04-11,SKU-016,Electronics,4
2023-04-12,SKU-016,Electronics,4
2023-04-13,SKU-016,Electronics,4
2023-04-14,SKU-016,Electronics,4
2023-04-15,SKU-016,Electronics,4
2023-04-16,SKU-016,Electronics,4
2023-04-17,SKU-016,Electronics,6
2023-04-18,SKU-016,Electronics,5
2023-04-19,SKU-016,Electronics,4
2023-04-20,SKU-016,Electronics,6
2023-04-21,SKU-016,Electronics,5
2023-04-22,SKU-016,Electronics,4
2023-04-23,SKU-016,Electronics,5
2023-04-24,SKU-016,Electronics,5
2023-04-25,SKU-016,Electronics,6
2023-04-26,SKU-016,Electronics,5
2023-04-27,SKU-016,Electronics,4
2023-04-28,SKU-016,Electronics,5
2023-04-29,SKU-016,Electronics,4
2023-04-30,SKU-016,Electronics,4
2023-05-01,SKU-016,Electronics,4
2023-05-02,SKU-016,Electronics,6
2023-05-03,SKU-016,Electronics,4
2023-05-04,SKU-016,Electronics,5
2023-05-05,SKU-016,Electronics,6
2023-05-06,SKU-016,Electronics,4
2023-05-07,SKU-016,Electronics,4
2023-05-08,SKU-016,Electronics,6
2023-05-09,SKU-016,Electronics,7
2023-05-10,SKU-016,Electronics,5
2023-05-11,SKU-016,Electronics,6
2023-05-12,SKU-016,Electronics,4
2023-05-13,SKU-016,Electronics,4
2023-05-14,SKU-016,Electronics,4
2023-05-15,SKU-016,Electronics,4
2023-05-16,SKU-016,Electronics,5
2023-05-17,SKU-016,Electronics,6
2023-05-18,SKU-016,Electronics,7
2023-05-19,SKU-016,Electronics,7
2023-05-20,SKU-016,Electronics,5
2023-05-21,SKU-016,Electronics,5
2023-05-22,SKU-016,Electronics,4
2023-05-23,SKU-016,Electronics,6
2023-05-24,SKU-016,Electronics,5
2023-05-25,SKU-016,Electronics,8
2023-05-26,SKU-016,Electronics,4
2023-05-27,SKU-016,Electronics,5
2023-05-28,SKU-016,Electronics,5
2023-05-29,SKU-016,Electronics,6
2023-05-30,SKU-016,Electronics,5
2023-05-31,SKU-016,Electronics,5
2023-06-01,SKU-016,Electronics,5
2023-06-02,SKU-016,Electronics,4
2023-06-03,SKU-016,Electronics,8
2023-06-04,SKU-016,Electronics,4
2023-06-05,SKU-016,Electronics,6
2023-06-06,SKU-016,Electronics,5
2023-06-07,SKU-016,Electronics,6
2023-06-08,SKU-016,Electronics,5
2023-06-09,SKU-016,Electronics,5
2023-06-10,SKU-016,Electronics,4
2023-06-11,SKU-016,Electronics,4
2023-06-12,SKU-016,Electronics,5
2023-06-13,SKU-016,Electronics,6
2023-06-14,SKU-016,Electronics,6
2023-06-15,SKU-016,Electronics,5
2023-06-16,SKU-016,Electronics,6
2023-06-17,SKU-016,Electronics,5
2023-06-18,SKU-016,Electronics,6
2023-06-19,SKU-016,Electronics,5
2023-06-20,SKU-016,Electronics,7
2023-06-21,SKU-016,Electronics,8
2023-06-22,SKU-016,Electronics,5
2023-06-23,SKU-016,Electronics,7
2023-06-24,SKU-016,Electronics,4
2023-06-25,SKU-016,Electronics,5
2023-06-26,SKU-016,Electronics,7
2023-06-27,SKU-016,Electronics,8
2023-06-28,SKU-016,Electronics,7
2023-06-29,SKU-016,Electronics,5
2023-06-30,SKU-016,Electronics,5
2023-07-01,SKU-016,Electronics,5
2023-07-02,SKU-016,Electronics,6
2023-07-03,SKU-016,Electronics,5
2023-07-04,SKU-016,Electronics,5
2023-07-05,SKU-016,Electronics,6
2023-07-06,SKU-016,Electronics,5
2023-07-07,SKU-016,Electronics,5
2023-07-08,SKU-016,Electronics,5
2023-07-09,SKU-016,Electronics,7
2023-07-10,SKU-016,Electronics,6
2023-07-11,SKU-016,Electronics,8
2023-07-12,SKU-016,Electronics,10
2023-07-13,SKU-016,Electronics,5
2023-07-14,SKU-016,Electronics,6
2023-07-15,SKU-016,Electronics,4
2023-07-16,SKU-016,Electronics,6
2023-07-17,SKU-016,Electronics,5
2023-07-18,SKU-016,Electronics,7
2023-07-19,SKU-016,Electronics,6
2023-07-20,SKU-016,Electronics,7
2023-07-21,SKU-016,Electronics,6
2023-07-22,SKU-016,Electronics,6
2023-07-23,SKU-016,Electronics,5
2023-07-24,SKU-016,Electronics,8
2023-07-25,SKU-016,Electronics,7
2023-07-26,SKU-016,Electronics,7
2023-07-27,SKU-016,Electronics,7
2023-07-28,SKU-016,Electronics,5
2023-07-29,SKU-016,Electronics,6
2023-07-30,SKU-016,Electronics,6
2023-07-31,SKU-016,Electronics,9
2023-08-01,SKU-016,Electronics,7
2023-08-02,SKU-016,Electronics,6
2023-08-03,SKU-016,Electronics,7
2023-08-04,SKU-016,Electronics,5
2023-08-05,SKU-016,Electronics,5
2023-08-06,SKU-016,Electronics,6
2023-08-07,SKU-016,Electronics,6
2023-08-08,SKU-016,Electronics,6
2023-08-09,SKU-016,Electronics,7
2023-08-10,SKU-016,Electronics,5
2023-08-11,SKU-016,Electronics,5
2023-08-12,SKU-016,Electronics,6
2023-08-13,SKU-016,Electronics,6
2023-08-14,SKU-016,Electronics,6
2023-08-15,SKU-016,Electronics,6
2023-08-16,SKU-016,Electronics,6
2023-08-17,SKU-016,Electronics,6
2023-08-18,SKU-016,Electronics,5
2023-08-19,SKU-016,Electronics,6
2023-08-20,SKU-016,Electronics,8
2023-08-21,SKU-016,Electronics,5
2023-08-22,SKU-016,Electronics,7
2023-08-23,SKU-016,Electronics,6
2023-08-24,SKU-016,Electronics,6
2023-08-25,SKU-016,Electronics,5
2023-08-26,SKU-016,Electronics,6
2023-08-27,SKU-016,Electronics,5
2023-08-28,SKU-016,Electronics,8
2023-08-29,SKU-016,Electronics,8
2023-08-30,SKU-016,Electronics,6
2023-08-31,SKU-016,Electronics,7
2023-09-01,SKU-016,Electronics,5
2023-09-02,SKU-016,Electronics,5
2023-09-03,SKU-016,Electronics,7
2023-09-04,SKU-016,Electronics,6
2023-09-05,SKU-016,Electronics,9
2023-09-06,SKU-016,Electronics,8
2023-09-07,SKU-016,Electronics,6
2023-09-08,SKU-016,Electronics,7
2023-09-09,SKU-016,Electronics,5
2023-09-10,SKU-016,Electronics,5
2023-09-11,SKU-016,Electronics,7
2023-09-12,SKU-016,Electronics,8
2023-09-13,SKU-016,Electronics,7
2023-09-14,SKU-016,Electronics,8
2023-09-15,SKU-016,Electronics,7
2023-09-16,SKU-016,Electronics,5
2023-09-17,SKU-016,Electronics,8
2023-09-18,SKU-016,Electronics,9
2023-09-19,SKU-016,Electronics,6
2023-09-20,SKU-016,Electronics,8
2023-09-21,SKU-016,Electronics,9
2023-09-22,SKU-016,Electronics,7
2023-09-23,SKU-016,Electronics,5
2023-09-24,SKU-016,Electronics,5
2023-09-25,SKU-016,Electronics,9
2023-09-26,SKU-016,Electronics,8
2023-09-27,SKU-016,Electronics,11
2023-09-28,SKU-016,Electronics,9
2023-09-29,SKU-016,Electronics,7
2023-09-30,SKU-016,Electronics,5
2023-10-01,SKU-016,Electronics,5
2023-10-02,SKU-016,Electronics,7
2023-10-03,SKU-016,Electronics,8
2023-10-04,SKU-016,Electronics,7
2023-10-05,SKU-016,Electronics,9
2023-10-06,SKU-016,Electronics,7
2023-10-07,SKU-016,Electronics,5
2023-10-08,SKU-016,Electronics,7
2023-10-09,SKU-016,Electronics,9
2023-10-10,SKU-016,Electronics,7
2023-10-11,SKU-016,Electronics,10
2023-10-12,SKU-016,Electronics,8
2023-10-13,SKU-016,Electronics,6
2023-10-14,SKU-016,Electronics,7
2023-10-15,SKU-016,Electronics,7
2023-10-16,SKU-016,Electronics,6
2023-10-17,SKU-016,Electronics,12
2023-10-18,SKU-016,Electronics,7
2023-10-19,SKU-016,Electronics,8
2023-10-20,SKU-016,Electronics,6
2023-10-21,SKU-016,Electronics,6
2023-10-22,SKU-016,Electronics,6
2023-10-23,SKU-016,Electronics,6
2023-10-24,SKU-016,Electronics,9
2023-10-25,SKU-016,Electronics,9
2023-10-26,SKU-016,Electronics,8
2023-10-27,SKU-016,Electronics,8
2023-10-28,SKU-016,Electronics,6
2023-10-29,SKU-016,Electronics,6
2023-10-30,SKU-016,Electronics,9
2023-10-31,SKU-016,Electronics,7
2023-11-01,SKU-016,Electronics,9
2023-11-02,SKU-016,Electronics,7
2023-11-03,SKU-016,Electronics,6
2023-11-04,SKU-016,Electronics,6
2023-11-05,SKU-016,Electronics,8
2023-11-06,SKU-016,Electronics,8
2023-11-07,SKU-016,Electronics,11
2023-11-08,SKU-016,Electronics,9
2023-11-09,SKU-016,Electronics,8
2023-11-10,SKU-016,Electronics,6
2023-11-11,SKU-016,Electronics,6
2023-11-12,SKU-016,Electronics,7
2023-11-13,SKU-016,Electronics,7
2023-11-14,SKU-016,Electronics,7
2023-11-15,SKU-016,Electronics,9
2023-11-16,SKU-016,Electronics,9
2023-11-17,SKU-016,Electronics,9
2023-11-18,SKU-016,Electronics,10
2023-11-19,SKU-016,Electronics,6
2023-11-20,SKU-016,Electronics,7
2023-11-21,SKU-016,Electronics,13
2023-11-22,SKU-016,Electronics,10
2023-11-23,SKU-016,Electronics,9
2023-11-24,SKU-016,Electronics,8
2023-11-25,SKU-016,Electronics,6
2023-11-26,SKU-016,Electronics,7
2023-11-27,SKU-016,Electronics,7
2023-11-28,SKU-016,Electronics,12
2023-11-29,SKU-016,Electronics,12
2023-11-30,SKU-016,Electronics,7
2023-12-01,SKU-016,Electronics,7
2023-12-02,SKU-016,Electronics,8
2023-12-03,SKU-016,Electronics,11
2023-12-04,SKU-016,Electronics,7
2023-12-05,SKU-016,Electronics,8
2023-12-06,SKU-016,Electronics,14
2023-12-07,SKU-016,Electronics,11
2023-12-08,SKU-016,Electronics,10
2023-12-09,SKU-016,Electronics,11
2023-12-10,SKU-016,Electronics,8
2023-12-11,SKU-016,Electronics,7
2023-12-12,SKU-016,Electronics,12
2023-12-13,SKU-016,Electronics,10
2023-12-14,SKU-016,Electronics,8
2023-12-15,SKU-016,Electronics,7
2023-12-16,SKU-016,Electronics,8
2023-12-17,SKU-016,Electronics,7
2023-12-18,SKU-016,Electronics,13
2023-12-19,SKU-016,Electronics,8
2023-12-20,SKU-016,Electronics,12
2023-12-21,SKU-016,Electronics,8
2023-12-22,SKU-016,Electronics,7
2023-12-23,SKU-016,Electronics,7
2023-12-24,SKU-016,Electronics,9
2023-12-25,SKU-016,Electronics,10
2023-12-26,SKU-016,Electronics,12
2023-12-27,SKU-016,Electronics,10
2023-12-28,SKU-016,Electronics,9
2023-12-29,SKU-016,Electronics,14
2023-12-30,SKU-016,Electronics,7
2023-12-31,SKU-016,Electronics,9
2024-01-01,SKU-016,Electronics,8
2024-01-02,SKU-016,Electronics,8
2024-01-03,SKU-016,Electronics,11
2024-01-04,SKU-016,Electronics,8
2024-01-05,SKU-016,Electronics,9
2024-01-06,SKU-016,Electronics,7
2024-01-07,SKU-016,Electronics,9
2024-01-08,SKU-016,Electronics,12
2024-01-09,SKU-016,Electronics,15
2024-01-10,SKU-016,Electronics,14
2024-01-11,SKU-016,Electronics,12
2024-01-12,SKU-016,Electronics,7
2024-01-13,SKU-016,Electronics,10
2024-01-14,SKU-016,Electronics,7
2024-01-15,SKU-016,Electronics,8
2024-01-16,SKU-016,Electronics,11
2024-01-17,SKU-016,Electronics,9
2024-01-18,SKU-016,Electronics,13
2024-01-19,SKU-016,Electronics,8
2024-01-20,SKU-016,Electronics,9
2024-01-21,SKU-016,Electronics,7
2024-01-22,SKU-016,Electronics,10
2024-01-23,SKU-016,Electronics,13
2024-01-24,SKU-016,Electronics,9
2024-01-25,SKU-016,Electronics,9
2024-01-26,SKU-016,Electronics,11
2024-01-27,SKU-016,Electronics,11
2024-01-28,SKU-016,Electronics,9
2024-01-29,SKU-016,Electronics,8
2024-01-30,SKU-016,Electronics,11
2024-01-31,SKU-016,Electronics,14
2024-02-01,SKU-016,Electronics,9
2024-02-02,SKU-016,Electronics,12
2024-02-03,SKU-016,Electronics,11
2024-02-04,SKU-016,Electronics,8
2024-02-05,SKU-016,Electronics,9
2024-02-06,SKU-016,Electronics,10
2024-02-07,SKU-016,Electronics,15
2024-02-08,SKU-016,Electronics,9
2024-02-09,SKU-016,Electronics,11
2024-02-10,SKU-016,Electronics,8
2024-02-11,SKU-016,Electronics,8
2024-02-12,SKU-016,Electronics,9
2024-02-13,SKU-016,Electronics,10
2024-02-14,SKU-016,Electronics,12
2024-02-15,SKU-016,Electronics,12
2024-02-16,SKU-016,Electronics,9
2024-02-17,SKU-016,Electronics,8
2024-02-18,SKU-016,Electronics,8
2024-02-19,SKU-016,Electronics,11
2024-02-20,SKU-016,Electronics,10
2024-02-21,SKU-016,Electronics,12
2024-02-22,SKU-016,Electronics,10
2024-02-23,SKU-016,Electronics,10
2024-02-24,SKU-016,Electronics,9
2024-02-25,SKU-016,Electronics,8
2024-02-26,SKU-016,Electronics,11
2024-02-27,SKU-016,Electronics,14
2024-02-28,SKU-016,Electronics,13
2024-02-29,SKU-016,Electronics,12
2024-03-01,SKU-016,Electronics,11
2024-03-02,SKU-016,Electronics,10
2024-03-03,SKU-016,Electronics,12
2024-03-04,SKU-016,Electronics,12
2024-03-05,SKU-016,Electronics,11
2024-03-06,SKU-016,Electronics,15
2024-03-07,SKU-016,Electronics,14
2024-03-08,SKU-016,Electronics,13
2024-03-09,SKU-016,Electronics,13
2024-03-10,SKU-016,Electronics,9
2024-03-11,SKU-016,Electronics,10
2024-03-12,SKU-016,Electronics,11
2024-03-13,SKU-016,Electronics,11
2024-03-14,SKU-016,Electronics,13
2024-03-15,SKU-016,Electronics,11
2024-03-16,SKU-016,Electronics,10
2024-03-17,SKU-016,Electronics,9
2024-03-18,SKU-016,Electronics,10
2024-03-19,SKU-016,Electronics,10
2024-03-20,SKU-016,Electronics,11
2024-03-21,SKU-016,Electronics,12
2024-03-22,SKU-016,Electronics,11
2024-03-23,SKU-016,Electronics,8
2024-03-24,SKU-016,Electronics,9
2024-03-25,SKU-016,Electronics,9
2024-03-26,SKU-016,Electronics,14
2024-03-27,SKU-016,Electronics,16
2024-03-28,SKU-016,Electronics,14
2024-03-29,SKU-016,Electronics,9
2024-03-30,SKU-016,Electronics,9
2024-03-31,SKU-016,Electronics,9
2024-04-01,SKU-016,Electronics,9
2024-04-02,SKU-016,Electronics,11
2024-04-03,SKU-016,Electronics,11
2024-04-04,SKU-016,Electronics,11
2024-04-05,SKU-016,Electronics,14
2024-04-06,SKU-016,Electronics,11
2024-04-07,SKU-016,Electronics,11
2024-04-08,SKU-016,Electronics,12
2024-04-09,SKU-016,Electronics,13
2024-04-10,SKU-016,Electronics,14
2024-04-11,SKU-016,Electronics,15
2024-04-12,SKU-016,Electronics,10
2024-04-13,SKU-016,Electronics,13
2024-04-14,SKU-016,Electronics,9
2024-04-15,SKU-016,Electronics,12
2024-04-16,SKU-016,Electronics,13
2024-04-17,SKU-016,Electronics,11
2024-04-18,SKU-016,Electronics,13
2024-04-19,SKU-016,Electronics,11
2024-04-20,SKU-016,Electronics,9
2024-04-21,SKU-016,Electronics,15
2024-04-22,SKU-016,Electronics,10
2024-04-23,SKU-016,Electronics,13
2024-04-24,SKU-016,Electronics,12
2024-04-25,SKU-016,Electronics,11
2024-04-26,SKU-016,Electronics,16
2024-04-27,SKU-016,Electronics,11
2024-04-28,SKU-016,Electronics,9
2024-04-29,SKU-016,Electronics,10
2024-04-30,SKU-016,Electronics,11
2024-05-01,SKU-016,Electronics,12
2024-05-02,SKU-016,Electronics,11
2024-05-03,SKU-016,Electronics,12
2024-05-04,SKU-016,Electronics,11
2024-05-05,SKU-016,Electronics,12
2024-05-06,SKU-016,Electronics,13
2024-05-07,SKU-016,Electronics,11
2024-05-08,SKU-016,Electronics,12
2024-05-09,SKU-016,Electronics,11
2024-05-10,SKU-016,Electronics,10
2024-05-11,SKU-016,Electronics,11
2024-05-12,SKU-016,Electronics,14
2024-05-13,SKU-016,Electronics,10
2024-05-14,SKU-016,Electronics,14
2024-05-15,SKU-016,Electronics,12
2024-05-16,SKU-016,Electronics,14
2024-05-17,SKU-016,Electronics,10
2024-05-18,SKU-016,Electronics,11
2024-05-19,SKU-016,Electronics,9
2024-05-20,SKU-016,Electronics,15
2024-05-21,SKU-016,Electronics,17
2024-05-22,SKU-016,Electronics,13
2024-05-23,SKU-016,Electronics,13
2024-05-24,SKU-016,Electronics,12
2024-05-25,SKU-016,Electronics,9
2024-05-26,SKU-016,Electronics,18
2024-05-27,SKU-016,Electronics,13
2024-05-28,SKU-016,Electronics,11
2024-05-29,SKU-016,Electronics,12
2024-05-30,SKU-016,Electronics,16
2024-05-31,SKU-016,Electronics,10
2024-06-01,SKU-016,Electronics,14
2024-06-02,SKU-016,Electronics,12
2024-06-03,SKU-016,Electronics,11
2024-06-04,SKU-016,Electronics,17
2024-06-05,SKU-016,Electronics,12
2024-06-06,SKU-016,Electronics,14
2024-06-07,SKU-016,Electronics,15
2024-06-08,SKU-016,Electronics,12
2024-06-09,SKU-016,Electronics,12
2024-06-10,SKU-016,Electronics,13
2024-06-11,SKU-016,Electronics,14
2024-06-12,SKU-016,Electronics,15
2024-06-13,SKU-016,Electronics,17
2024-06-14,SKU-016,Electronics,12
2024-06-15,SKU-016,Electronics,11
2024-06-16,SKU-016,Electronics,10
2024-06-17,SKU-016,Electronics,13
2024-06-18,SKU-016,Electronics,19
2024-06-19,SKU-016,Electronics,19
2024-06-20,SKU-016,Electronics,17
2024-06-21,SKU-016,Electronics,13
2024-06-22,SKU-016,Electronics,17
2024-06-23,SKU-016,Electronics,10
2024-06-24,SKU-016,Electronics,11
2024-06-25,SKU-016,Electronics,12
2024-06-26,SKU-016,Electronics,12
2024-06-27,SKU-016,Electronics,11
2024-06-28,SKU-016,Electronics,10
2024-06-29,SKU-016,Electronics,13
2024-06-30,SKU-016,Electronics,10
2024-07-01,SKU-016,Electronics,11
2024-07-02,SKU-016,Electronics,12
2024-07-03,SKU-016,Electronics,15
2024-07-04,SKU-016,Electronics,17
2024-07-05,SKU-016,Electronics,13
2024-07-06,SKU-016,Electronics,16
2024-07-07,SKU-016,Electronics,12
2024-07-08,SKU-016,Electronics,13
2024-07-09,SKU-016,Electronics,14
2024-07-10,SKU-016,Electronics,15
2024-07-11,SKU-016,Electronics,14
2024-07-12,SKU-016,Electronics,13
2024-07-13,SKU-016,Electronics,9
2024-07-14,SKU-016,Electronics,12
2024-07-15,SKU-016,Electronics,11
2024-07-16,SKU-016,Electronics,12
2024-07-17,SKU-016,Electronics,12
2024-07-18,SKU-016,Electronics,14
2024-07-19,SKU-016,Electronics,10
2024-07-20,SKU-016,Electronics,10
2024-07-21,SKU-016,Electronics,11
2024-07-22,SKU-016,Electronics,11
2024-07-23,SKU-016,Electronics,15
2024-07-24,SKU-016,Electronics,16
2024-07-25,SKU-016,Electronics,16
2024-07-26,SKU-016,Electronics,10
2024-07-27,SKU-016,Electronics,10
2024-07-28,SKU-016,Electronics,13
2024-07-29,SKU-016,Electronics,11
2024-07-30,SKU-016,Electronics,12
2024-07-31,SKU-016,Electronics,15
2024-08-01,SKU-016,Electronics,14
2024-08-02,SKU-016,Electronics,13
2024-08-03,SKU-016,Electronics,14
2024-08-04,SKU-016,Electronics,12
2024-08-05,SKU-016,Electronics,11
2024-08-06,SKU-016,Electronics,18
2024-08-07,SKU-016,Electronics,13
2024-08-08,SKU-016,Electronics,18
2024-08-09,SKU-016,Electronics,10
2024-08-10,SKU-016,Electronics,17
2024-08-11,SKU-016,Electronics,17
2024-08-12,SKU-016,Electronics,11
2024-08-13,SKU-016,Electronics,12
2024-08-14,SKU-016,Electronics,13
2024-08-15,SKU-016,Electronics,12
2024-08-16,SKU-016,Electronics,10
2024-08-17,SKU-016,Electronics,9
2024-08-18,SKU-016,Electronics,10
2024-08-19,SKU-016,Electronics,17
2024-08-20,SKU-016,Electronics,20
2024-08-21,SKU-016,Electronics,15
2024-08-22,SKU-016,Electronics,17
2024-08-23,SKU-016,Electronics,13
2024-08-24,SKU-016,Electronics,10
2024-08-25,SKU-016,Electronics,12
2024-08-26,SKU-016,Electronics,11
2024-08-27,SKU-016,Electronics,15
2024-08-28,SKU-016,Electronics,15
2024-08-29,SKU-016,Electronics,20
2024-08-30,SKU-016,Electronics,11
2024-08-31,SKU-016,Electronics,12
2024-09-01,SKU-016,Electronics,13
2024-09-02,SKU-016,Electronics,13
2024-09-03,SKU-016,Electronics,12
2024-09-04,SKU-016,Electronics,19
2024-09-05,SKU-016,Electronics,12
2024-09-06,SKU-016,Electronics,15
2024-09-07,SKU-016,Electronics,10
2024-09-08,SKU-016,Electronics,13
2024-09-09,SKU-016,Electronics,12
2024-09-10,SKU-016,Electronics,15
2024-09-11,SKU-016,Electronics,16
2024-09-12,SKU-016,Electronics,15
2024-09-13,SKU-016,Electronics,11
2024-09-14,SKU-016,Electronics,15
2024-09-15,SKU-016,Electronics,15
2024-09-16,SKU-016,Electronics,14
2024-09-17,SKU-016,Electronics,15
2024-09-18,SKU-016,Electronics,16
2024-09-19,SKU-016,Electronics,12
2024-09-20,SKU-016,Electronics,10
2024-09-21,SKU-016,Electronics,15
2024-09-22,SKU-016,Electronics,10
2024-09-23,SKU-016,Electronics,14
2024-09-24,SKU-016,Electronics,15
2024-09-25,SKU-016,Electronics,16
2024-09-26,SKU-016,Electronics,18
2024-09-27,SKU-016,Electronics,11
2024-09-28,SKU-016,Electronics,13
2024-09-29,SKU-016,Electronics,13
2024-09-30,SKU-016,Electronics,11
2024-10-01,SKU-016,Electronics,13
2024-10-02,SKU-016,Electronics,13
2024-10-03,SKU-016,Electronics,12
2024-10-04,SKU-016,Electronics,16
2024-10-05,SKU-016,Electronics,17
2024-10-06,SKU-016,Electronics,11
2024-10-07,SKU-016,Electronics,12
2024-10-08,SKU-016,Electronics,13
2024-10-09,SKU-016,Electronics,16
2024-10-10,SKU-016,Electronics,15
2024-10-11,SKU-016,Electronics,11
2024-10-12,SKU-016,Electronics,15
2024-10-13,SKU-016,Electronics,11
2024-10-14,SKU-016,Electronics,12
2024-10-15,SKU-016,Electronics,13
2024-10-16,SKU-016,Electronics,19
2024-10-17,SKU-016,Electronics,15
2024-10-18,SKU-016,Electronics,14
2024-10-19,SKU-016,Electronics,10
2024-10-20,SKU-016,Electronics,16
2024-10-21,SKU-016,Electronics,15
2024-10-22,SKU-016,Electronics,19
2024-10-23,SKU-016,Electronics,13
2024-10-24,SKU-016,Electronics,13
2024-10-25,SKU-016,Electronics,14
2024-10-26,SKU-016,Electronics,18
2024-10-27,SKU-016,Electronics,11
2024-10-28,SKU-016,Electronics,12
2024-10-29,SKU-016,Electronics,13
2024-10-30,SKU-016,Electronics,13
2024-10-31,SKU-016,Electronics,15
2024-11-01,SKU-016,Electronics,14
2024-11-02,SKU-016,Electronics,11
2024-11-03,SKU-016,Electronics,13
2024-11-04,SKU-016,Electronics,16
2024-11-05,SKU-016,Electronics,20
2024-11-06,SKU-016,Electronics,20
2024-11-07,SKU-016,Electronics,19
2024-11-08,SKU-016,Electronics,14
2024-11-09,SKU-016,Electronics,14
2024-11-10,SKU-016,Electronics,16
2024-11-11,SKU-016,Electronics,12
2024-11-12,SKU-016,Electronics,13
2024-11-13,SKU-016,Electronics,17
2024-11-14,SKU-016,Electronics,13
2024-11-15,SKU-016,Electronics,12
2024-11-16,SKU-016,Electronics,14
2024-11-17,SKU-016,Electronics,11
2024-11-18,SKU-016,Electronics,15
2024-11-19,SKU-016,Electronics,14
2024-11-20,SKU-016,Electronics,17
2024-11-21,SKU-016,Electronics,13
2024-11-22,SKU-016,Electronics,15
2024-11-23,SKU-016,Electronics,12
2024-11-24,SKU-016,Electronics,17
2024-11-25,SKU-016,Electronics,15
2024-11-26,SKU-016,Electronics,14
2024-11-27,SKU-016,Electronics,18
2024-11-28,SKU-016,Electronics,19
2024-11-29,SKU-016,Electronics,15
2024-11-30,SKU-016,Electronics,19
2024-12-01,SKU-016,Electronics,15
2024-12-02,SKU-016,Electronics,13
2024-12-03,SKU-016,Electronics,15
2024-12-04,SKU-016,Electronics,14
2024-12-05,SKU-016,Electronics,22
2024-12-06,SKU-016,Electronics,13
2024-12-07,SKU-016,Electronics,11
2024-12-08,SKU-016,Electronics,14
2024-12-09,SKU-016,Electronics,13
2024-12-10,SKU-016,Electronics,22
2024-12-11,SKU-016,Electronics,22
2024-12-12,SKU-016,Electronics,14
2024-12-13,SKU-016,Electronics,15
2024-12-14,SKU-016,Electronics,12
2024-12-15,SKU-016,Electronics,15
2024-12-16,SKU-016,Electronics,14
2024-12-17,SKU-016,Electronics,18
2024-12-18,SKU-016,Electronics,15
2024-12-19,SKU-016,Electronics,17
2024-12-20,SKU-016,Electronics,16
2024-12-21,SKU-016,Electronics,15
2024-12-22,SKU-016,Electronics,12
2024-12-23,SKU-016,Electronics,17
2024-12-24,SKU-016,Electronics,22
2024-12-25,SKU-016,Electronics,17
2024-12-26,SKU-016,Electronics,15
2024-12-27,SKU-016,Electronics,19
2024-12-28,SKU-016,Electronics,15
2024-12-29,SKU-016,Electronics,18
2023-01-02,SKU-017,Grocery,3
2023-01-03,SKU-017,Grocery,3
2023-01-04,SKU-017,Grocery,4
2023-01-05,SKU-017,Grocery,3
2023-01-06,SKU-017,Grocery,3
2023-01-07,SKU-017,Grocery,2
2023-01-08,SKU-017,Grocery,2
2023-01-09,SKU-017,Grocery,3
2023-01-10,SKU-017,Grocery,3
2023-01-11,SKU-017,Grocery,4
2023-01-12,SKU-017,Grocery,3
2023-01-13,SKU-017,Grocery,3
2023-01-14,SKU-017,Grocery,3
2023-01-15,SKU-017,Grocery,2
2023-01-16,SKU-017,Grocery,4
2023-01-17,SKU-017,Grocery,4
2023-01-18,SKU-017,Grocery,4
2023-01-19,SKU-017,Grocery,4
2023-01-20,SKU-017,Grocery,3
2023-01-21,SKU-017,Grocery,2
2023-01-22,SKU-017,Grocery,4
2023-01-23,SKU-017,Grocery,4
2023-01-24,SKU-017,Grocery,4
2023-01-25,SKU-017,Grocery,3
2023-01-26,SKU-017,Grocery,4
2023-01-27,SKU-017,Grocery,3
2023-01-28,SKU-017,Grocery,4
2023-01-29,SKU-017,Grocery,3
2023-01-30,SKU-017,Grocery,3
2023-01-31,SKU-017,Grocery,4
2023-02-01,SKU-017,Grocery,3
2023-02-02,SKU-017,Grocery,5
2023-02-03,SKU-017,Grocery,6
2023-02-04,SKU-017,Grocery,4
2023-02-05,SKU-017,Grocery,5
2023-02-06,SKU-017,Grocery,3
2023-02-07,SKU-017,Grocery,4
2023-02-08,SKU-017,Grocery,5
2023-02-09,SKU-017,Grocery,4
2023-02-10,SKU-017,Grocery,3
2023-02-11,SKU-017,Grocery,3
2023-02-12,SKU-017,Grocery,3
2023-02-13,SKU-017,Grocery,3
2023-02-14,SKU-017,Grocery,4
2023-02-15,SKU-017,Grocery,4
2023-02-16,SKU-017,Grocery,4
2023-02-17,SKU-017,Grocery,3
2023-02-18,SKU-017,Grocery,4
2023-02-19,SKU-017,Grocery,3
2023-02-20,SKU-017,Grocery,3
2023-02-21,SKU-017,Grocery,5
2023-02-22,SKU-017,Grocery,4
2023-02-23,SKU-017,Grocery,4
2023-02-24,SKU-017,Grocery,3
2023-02-25,SKU-017,Grocery,4
2023-02-26,SKU-017,Grocery,4
2023-02-27,SKU-017,Grocery,5
2023-02-28,SKU-017,Grocery,4
2023-03-01,SKU-017,Grocery,5
2023-03-02,SKU-017,Grocery,4
2023-03-03,SKU-017,Grocery,4
2023-03-04,SKU-017,Grocery,3
2023-03-05,SKU-017,Grocery,4
2023-03-06,SKU-017,Grocery,5
2023-03-07,SKU-017,Grocery,5
2023-03-08,SKU-017,Grocery,5
2023-03-09,SKU-017,Grocery,4
2023-03-10,SKU-017,Grocery,3
2023-03-11,SKU-017,Grocery,4
2023-03-12,SKU-017,Grocery,3
2023-03-13,SKU-017,Grocery,7
2023-03-14,SKU-017,Grocery,5
2023-03-15,SKU-017,Grocery,6
2023-03-16,SKU-017,Grocery,4
2023-03-17,SKU-017,Grocery,5
2023-03-18,SKU-017,Grocery,3
2023-03-19,SKU-017,Grocery,4
2023-03-20,SKU-017,Grocery,5
2023-03-21,SKU-017,Grocery,5
2023-03-22,SKU-017,Grocery,6
2023-03-23,SKU-017,Grocery,4
2023-03-24,SKU-017,Grocery,5
2023-03-25,SKU-017,Grocery,4
2023-03-26,SKU-017,Grocery,4
2023-03-27,SKU-017,Grocery,5
2023-03-28,SKU-017,Grocery,5
2023-03-29,SKU-017,Grocery,6
2023-03-30,SKU-017,Grocery,9
2023-03-31,SKU-017,Grocery,4
2023-04-01,SKU-017,Grocery,4
2023-04-02,SKU-017,Grocery,5
2023-04-03,SKU-017,Grocery,8
2023-04-04,SKU-017,Grocery,5
2023-04-05,SKU-017,Grocery,6
2023-04-06,SKU-017,Grocery,8
2023-04-07,SKU-017,Grocery,5
2023-04-08,SKU-017,Grocery,4
2023-04-09,SKU-017,Grocery,4
2023-04-10,SKU-017,Grocery,5
2023-04-11,SKU-017,Grocery,5
2023-04-12,SKU-017,Grocery,5
2023-04-13,SKU-017,Grocery,5
2023-04-14,SKU-017,Grocery,5
2023-04-15,SKU-017,Grocery,4
2023-04-16,SKU-017,Grocery,5
2023-04-17,SKU-017,Grocery,7
2023-04-18,SKU-017,Grocery,6
2023-04-19,SKU-017,Grocery,6
2023-04-20,SKU-017,Grocery,7
2023-04-21,SKU-017,Grocery,6
2023-04-22,SKU-017,Grocery,5
2023-04-23,SKU-017,Grocery,5
2023-04-24,SKU-017,Grocery,6
2023-04-25,SKU-017,Grocery,7
2023-04-26,SKU-017,Grocery,6
2023-04-27,SKU-017,Grocery,5
2023-04-28,SKU-017,Grocery,6
2023-04-29,SKU-017,Grocery,5
2023-04-30,SKU-017,Grocery,5
2023-05-01,SKU-017,Grocery,5
2023-05-02,SKU-017,Grocery,7
2023-05-03,SKU-017,Grocery,5
2023-05-04,SKU-017,Grocery,6
2023-05-05,SKU-017,Grocery,7
2023-05-06,SKU-017,Grocery,5
2023-05-07,SKU-017,Grocery,5
2023-05-08,SKU-017,Grocery,8
2023-05-09,SKU-017,Grocery,8
2023-05-10,SKU-017,Grocery,6
2023-05-11,SKU-017,Grocery,7
2023-05-12,SKU-017,Grocery,5
2023-05-13,SKU-017,Grocery,4
2023-05-14,SKU-017,Grocery,5
2023-05-15,SKU-017,Grocery,5
2023-05-16,SKU-017,Grocery,5
2023-05-17,SKU-017,Grocery,7
2023-05-18,SKU-017,Grocery,8
2023-05-19,SKU-017,Grocery,9
2023-05-20,SKU-017,Grocery,6
2023-05-21,SKU-017,Grocery,6
2023-05-22,SKU-017,Grocery,6
2023-05-23,SKU-017,Grocery,7
2023-05-24,SKU-017,Grocery,6
2023-05-25,SKU-017,Grocery,10
2023-05-26,SKU-017,Grocery,5
2023-05-27,SKU-017,Grocery,6
2023-05-28,SKU-017,Grocery,6
2023-05-29,SKU-017,Grocery,7
2023-05-30,SKU-017,Grocery,6
2023-05-31,SKU-017,Grocery,6
2023-06-01,SKU-017,Grocery,6
2023-06-02,SKU-017,Grocery,5
2023-06-03,SKU-017,Grocery,9
2023-06-04,SKU-017,Grocery,5
2023-06-05,SKU-017,Grocery,7
2023-06-06,SKU-017,Grocery,6
2023-06-07,SKU-017,Grocery,8
2023-06-08,SKU-017,Grocery,6
2023-06-09,SKU-017,Grocery,6
2023-06-10,SKU-017,Grocery,5
2023-06-11,SKU-017,Grocery,5
2023-06-12,SKU-017,Grocery,6
2023-06-13,SKU-017,Grocery,8
2023-06-14,SKU-017,Grocery,8
2023-06-15,SKU-017,Grocery,6
2023-06-16,SKU-017,Grocery,7
2023-06-17,SKU-017,Grocery,6
2023-06-18,SKU-017,Grocery,8
2023-06-19,SKU-017,Grocery,7
2023-06-20,SKU-017,Grocery,8
2023-06-21,SKU-017,Grocery,10
2023-06-22,SKU-017,Grocery,6
2023-06-23,SKU-017,Grocery,8
2023-06-24,SKU-017,Grocery,5
2023-06-25,SKU-017,Grocery,7
2023-06-26,SKU-017,Grocery,9
2023-06-27,SKU-017,Grocery,9
2023-06-28,SKU-017,Grocery,8
2023-06-29,SKU-017,Grocery,7
2023-06-30,SKU-017,Grocery,6
2023-07-01,SKU-017,Grocery,6
2023-07-02,SKU-017,Grocery,8
2023-07-03,SKU-017,Grocery,6
2023-07-04,SKU-017,Grocery,6
2023-07-05,SKU-017,Grocery,7
2023-07-06,SKU-017,Grocery,6
2023-07-07,SKU-017,Grocery,6
2023-07-08,SKU-017,Grocery,7
2023-07-09,SKU-017,Grocery,8
2023-07-10,SKU-017,Grocery,8
2023-07-11,SKU-017,Grocery,10
2023-07-12,SKU-017,Grocery,12
2023-07-13,SKU-017,Grocery,7
2023-07-14,SKU-017,Grocery,7
2023-07-15,SKU-017,Grocery,6
2023-07-16,SKU-017,Grocery,7
2023-07-17,SKU-017,Grocery,6
2023-07-18,SKU-017,Grocery,8
2023-07-19,SKU-017,Grocery,7
2023-07-20,SKU-017,Grocery,8
2023-07-21,SKU-017,Grocery,7
2023-07-22,SKU-017,Grocery,7
2023-07-23,SKU-017,Grocery,6
2023-07-24,SKU-017,Grocery,9
2023-07-25,SKU-017,Grocery,9
2023-07-26,SKU-017,Grocery,9
2023-07-27,SKU-017,Grocery,8
2023-07-28,SKU-017,Grocery,6
2023-07-29,SKU-017,Grocery,7
2023-07-30,SKU-017,Grocery,7
2023-07-31,SKU-017,Grocery,11
2023-08-01,SKU-017,Grocery,9
2023-08-02,SKU-017,Grocery,7
2023-08-03,SKU-017,Grocery,8
2023-08-04,SKU-017,Grocery,6
2023-08-05,SKU-017,Grocery,6
2023-08-06,SKU-017,Grocery,7
2023-08-07,SKU-017,Grocery,8
2023-08-08,SKU-017,Grocery,7
2023-08-09,SKU-017,Grocery,8
2023-08-10,SKU-017,Grocery,7
2023-08-11,SKU-017,Grocery,6
2023-08-12,SKU-017,Grocery,7
2023-08-13,SKU-017,Grocery,7
2023-08-14,SKU-017,Grocery,7
2023-08-15,SKU-017,Grocery,7
2023-08-16,SKU-017,Grocery,7
2023-08-17,SKU-017,Grocery,7
2023-08-18,SKU-017,Grocery,6
2023-08-19,SKU-017,Grocery,7
2023-08-20,SKU-017,Grocery,10
2023-08-21,SKU-017,Grocery,7
2023-08-22,SKU-017,Grocery,9
2023-08-23,SKU-017,Grocery,7
2023-08-24,SKU-017,Grocery,7
2023-08-25,SKU-017,Grocery,6
2023-08-26,SKU-017,Grocery,7
2023-08-27,SKU-017,Grocery,6
2023-08-28,SKU-017,Grocery,10
2023-08-29,SKU-017,Grocery,9
2023-08-30,SKU-017,Grocery,8
2023-08-31,SKU-017,Grocery,9
2023-09-01,SKU-017,Grocery,6
2023-09-02,SKU-017,Grocery,6
2023-09-03,SKU-017,Grocery,8
2023-09-04,SKU-017,Grocery,7
2023-09-05,SKU-017,Grocery,11
2023-09-06,SKU-017,Grocery,10
2023-09-07,SKU-017,Grocery,7
2023-09-08,SKU-017,Grocery,8
2023-09-09,SKU-017,Grocery,6
2023-09-10,SKU-017,Grocery,6
2023-09-11,SKU-017,Grocery,9
2023-09-12,SKU-017,Grocery,9
2023-09-13,SKU-017,Grocery,7
2023-09-14,SKU-017,Grocery,9
2023-09-15,SKU-017,Grocery,8
2023-09-16,SKU-017,Grocery,7
2023-09-17,SKU-017,Grocery,10
2023-09-18,SKU-017,Grocery,10
2023-09-19,SKU-017,Grocery,8
2023-09-20,SKU-017,Grocery,10
2023-09-21,SKU-017,Grocery,11
2023-09-22,SKU-017,Grocery,8
2023-09-23,SKU-017,Grocery,6
2023-09-24,SKU-017,Grocery,6
2023-09-25,SKU-017,Grocery,10
2023-09-26,SKU-017,Grocery,10
2023-09-27,SKU-017,Grocery,14
2023-09-28,SKU-017,Grocery,12
2023-09-29,SKU-017,Grocery,9
2023-09-30,SKU-017,Grocery,6
2023-10-01,SKU-017,Grocery,7
2023-10-02,SKU-017,Grocery,9
2023-10-03,SKU-017,Grocery,10
2023-10-04,SKU-017,Grocery,8
2023-10-05,SKU-017,Grocery,11
2023-10-06,SKU-017,Grocery,9
2023-10-07,SKU-017,Grocery,7
2023-10-08,SKU-017,Grocery,8
2023-10-09,SKU-017,Grocery,11
2023-10-10,SKU-017,Grocery,8
2023-10-11,SKU-017,Grocery,12
2023-10-12,SKU-017,Grocery,11
2023-10-13,SKU-017,Grocery,7
2023-10-14,SKU-017,Grocery,8
2023-10-15,SKU-017,Grocery,8
2023-10-16,SKU-017,Grocery,8
2023-10-17,SKU-017,Grocery,15
2023-10-18,SKU-017,Grocery,9
2023-10-19,SKU-017,Grocery,10
2023-10-20,SKU-017,Grocery,8
2023-10-21,SKU-017,Grocery,7
2023-10-22,SKU-017,Grocery,7
2023-10-23,SKU-017,Grocery,8
2023-10-24,SKU-017,Grocery,11
2023-10-25,SKU-017,Grocery,11
2023-10-26,SKU-017,Grocery,10
2023-10-27,SKU-017,Grocery,9
2023-10-28,SKU-017,Grocery,7
2023-10-29,SKU-017,Grocery,7
2023-10-30,SKU-017,Grocery,11
2023-10-31,SKU-017,Grocery,9
2023-11-01,SKU-017,Grocery,10
2023-11-02,SKU-017,Grocery,8
2023-11-03,SKU-017,Grocery,7
2023-11-04,SKU-017,Grocery,7
2023-11-05,SKU-017,Grocery,9
2023-11-06,SKU-017,Grocery,10
2023-11-07,SKU-017,Grocery,13
2023-11-08,SKU-017,Grocery,11
2023-11-09,SKU-017,Grocery,11
2023-11-10,SKU-017,Grocery,8
2023-11-11,SKU-017,Grocery,7
2023-11-12,SKU-017,Grocery,9
2023-11-13,SKU-017,Grocery,8
2023-11-14,SKU-017,Grocery,9
2023-11-15,SKU-017,Grocery,12
2023-11-16,SKU-017,Grocery,11
2023-11-17,SKU-017,Grocery,12
2023-11-18,SKU-017,Grocery,13
2023-11-19,SKU-017,Grocery,7
2023-11-20,SKU-017,Grocery,9
2023-11-21,SKU-017,Grocery,15
2023-11-22,SKU-017,Grocery,12
2023-11-23,SKU-017,Grocery,11
2023-11-24,SKU-017,Grocery,10
2023-11-25,SKU-017,Grocery,7
2023-11-26,SKU-017,Grocery,8
2023-11-27,SKU-017,Grocery,8
2023-11-28,SKU-017,Grocery,14
2023-11-29,SKU-017,Grocery,15
2023-11-30,SKU-017,Grocery,9
2023-12-01,SKU-017,Grocery,8
2023-12-02,SKU-017,Grocery,9
2023-12-03,SKU-017,Grocery,13
2023-12-04,SKU-017,Grocery,9
2023-12-05,SKU-017,Grocery,10
2023-12-06,SKU-017,Grocery,17
2023-12-07,SKU-017,Grocery,14
2023-12-08,SKU-017,Grocery,13
2023-12-09,SKU-017,Grocery,14
2023-12-10,SKU-017,Grocery,10
2023-12-11,SKU-017,Grocery,9
2023-12-12,SKU-017,Grocery,14
2023-12-13,SKU-017,Grocery,12
2023-12-14,SKU-017,Grocery,10
2023-12-15,SKU-017,Grocery,8
2023-12-16,SKU-017,Grocery,10
2023-12-17,SKU-017,Grocery,9
2023-12-18,SKU-017,Grocery,16
2023-12-19,SKU-017,Grocery,10
2023-12-20,SKU-017,Grocery,16
2023-12-21,SKU-017,Grocery,9
2023-12-22,SKU-017,Grocery,9
2023-12-23,SKU-017,Grocery,8
2023-12-24,SKU-017,Grocery,11
2023-12-25,SKU-017,Grocery,12
2023-12-26,SKU-017,Grocery,15
2023-12-27,SKU-017,Grocery,13
2023-12-28,SKU-017,Grocery,10
2023-12-29,SKU-017,Grocery,17
2023-12-30,SKU-017,Grocery,8
2023-12-31,SKU-017,Grocery,11
2024-01-01,SKU-017,Grocery,10
2024-01-02,SKU-017,Grocery,11
2024-01-03,SKU-017,Grocery,13
2024-01-04,SKU-017,Grocery,10
2024-01-05,SKU-017,Grocery,12
2024-01-06,SKU-017,Grocery,9
2024-01-07,SKU-017,Grocery,11
2024-01-08,SKU-017,Grocery,15
2024-01-09,SKU-017,Grocery,18
2024-01-10,SKU-017,Grocery,17
2024-01-11,SKU-017,Grocery,16
2024-01-12,SKU-017,Grocery,10
2024-01-13,SKU-017,Grocery,13
2024-01-14,SKU-017,Grocery,9
2024-01-15,SKU-017,Grocery,10
2024-01-16,SKU-017,Grocery,15
2024-01-17,SKU-017,Grocery,11
2024-01-18,SKU-017,Grocery,16
2024-01-19,SKU-017,Grocery,10
2024-01-20,SKU-017,Grocery,11
2024-01-21,SKU-017,Grocery,9
2024-01-22,SKU-017,Grocery,13
2024-01-23,SKU-017,Grocery,17
2024-01-24,SKU-017,Grocery,11
2024-01-25,SKU-017,Grocery,11
2024-01-26,SKU-017,Grocery,14
2024-01-27,SKU-017,Grocery,14
2024-01-28,SKU-017,Grocery,11
2024-01-29,SKU-017,Grocery,11
2024-01-30,SKU-017,Grocery,14
2024-01-31,SKU-017,Grocery,17
2024-02-01,SKU-017,Grocery,12
2024-02-02,SKU-017,Grocery,16
2024-02-03,SKU-017,Grocery,14
2024-02-04,SKU-017,Grocery,10
2024-02-05,SKU-017,Grocery,11
2024-02-06,SKU-017,Grocery,12
2024-02-07,SKU-017,Grocery,17
2024-02-08,SKU-017,Grocery,12
2024-02-09,SKU-017,Grocery,13
2024-02-10,SKU-017,Grocery,10
2024-02-11,SKU-017,Grocery,10
2024-02-12,SKU-017,Grocery,11
2024-02-13,SKU-017,Grocery,12
2024-02-14,SKU-017,Grocery,15
2024-02-15,SKU-017,Grocery,15
2024-02-16,SKU-017,Grocery,11
2024-02-17,SKU-017,Grocery,10
2024-02-18,SKU-017,Grocery,10
2024-02-19,SKU-017,Grocery,13
2024-02-20,SKU-017,Grocery,12
2024-02-21,SKU-017,Grocery,16
2024-02-22,SKU-017,Grocery,12
2024-02-23,SKU-017,Grocery,13
2024-02-24,SKU-017,Grocery,10
2024-02-25,SKU-017,Grocery,10
2024-02-26,SKU-017,Grocery,14
2024-02-27,SKU-017,Grocery,19
2024-02-28,SKU-017,Grocery,16
2024-02-29,SKU-017,Grocery,15
2024-03-01,SKU-017,Grocery,14
2024-03-02,SKU-017,Grocery,12
2024-03-03,SKU-017,Grocery,15
2024-03-04,SKU-017,Grocery,14
2024-03-05,SKU-017,Grocery,13
2024-03-06,SKU-017,Grocery,19
2024-03-07,SKU-017,Grocery,19
2024-03-08,SKU-017,Grocery,16
2024-03-09,SKU-017,Grocery,16
2024-03-10,SKU-017,Grocery,11
2024-03-11,SKU-017,Grocery,11
2024-03-12,SKU-017,Grocery,13
2024-03-13,SKU-017,Grocery,13
2024-03-14,SKU-017,Grocery,16
2024-03-15,SKU-017,Grocery,14
2024-03-16,SKU-017,Grocery,13
2024-03-17,SKU-017,Grocery,11
2024-03-18,SKU-017,Grocery,11
2024-03-19,SKU-017,Grocery,13
2024-03-20,SKU-017,Grocery,13
2024-03-21,SKU-017,Grocery,15
2024-03-22,SKU-017,Grocery,14
2024-03-23,SKU-017,Grocery,11
2024-03-24,SKU-017,Grocery,11
2024-03-25,SKU-017,Grocery,12
2024-03-26,SKU-017,Grocery,16
2024-03-27,SKU-017,Grocery,20
2024-03-28,SKU-017,Grocery,19
2024-03-29,SKU-017,Grocery,11
2024-03-30,SKU-017,Grocery,10
2024-03-31,SKU-017,Grocery,11
2024-04-01,SKU-017,Grocery,13
2024-04-02,SKU-017,Grocery,13
2024-04-03,SKU-017,Grocery,13
2024-04-04,SKU-017,Grocery,13
2024-04-05,SKU-017,Grocery,18
2024-04-06,SKU-017,Grocery,13
2024-04-07,SKU-017,Grocery,14
2024-04-08,SKU-017,Grocery,15
2024-04-09,SKU-017,Grocery,17
2024-04-10,SKU-017,Grocery,17
2024-04-11,SKU-017,Grocery,19
2024-04-12,SKU-017,Grocery,12
2024-04-13,SKU-017,Grocery,16
2024-04-14,SKU-017,Grocery,11
2024-04-15,SKU-017,Grocery,16
2024-04-16,SKU-017,Grocery,17
2024-04-17,SKU-017,Grocery,14
2024-04-18,SKU-017,Grocery,17
2024-04-19,SKU-017,Grocery,15
2024-04-20,SKU-017,Grocery,11
2024-04-21,SKU-017,Grocery,19
2024-04-22,SKU-017,Grocery,13
2024-04-23,SKU-017,Grocery,17
2024-04-24,SKU-017,Grocery,14
2024-04-25,SKU-017,Grocery,14
2024-04-26,SKU-017,Grocery,21
2024-04-27,SKU-017,Grocery,14
2024-04-28,SKU-017,Grocery,12
2024-04-29,SKU-017,Grocery,13
2024-04-30,SKU-017,Grocery,14
2024-05-01,SKU-017,Grocery,14
2024-05-02,SKU-017,Grocery,13
2024-05-03,SKU-017,Grocery,15
2024-05-04,SKU-017,Grocery,14
2024-05-05,SKU-017,Grocery,14
2024-05-06,SKU-017,Grocery,15
2024-05-07,SKU-017,Grocery,14
2024-05-08,SKU-017,Grocery,14
2024-05-09,SKU-017,Grocery,13
2024-05-10,SKU-017,Grocery,12
2024-05-11,SKU-017,Grocery,15
2024-05-12,SKU-017,Grocery,17
2024-05-13,SKU-017,Grocery,13
2024-05-14,SKU-017,Grocery,18
2024-05-15,SKU-017,Grocery,15
2024-05-16,SKU-017,Grocery,17
2024-05-17,SKU-017,Grocery,12
2024-05-18,SKU-017,Grocery,13
2024-05-19,SKU-017,Grocery,12
2024-05-20,SKU-017,Grocery,20
2024-05-21,SKU-017,Grocery,20
2024-05-22,SKU-017,Grocery,18
2024-05-23,SKU-017,Grocery,16
2024-05-24,SKU-017,Grocery,15
2024-05-25,SKU-017,Grocery,12
2024-05-26,SKU-017,Grocery,23
2024-05-27,SKU-017,Grocery,16
2024-05-28,SKU-017,Grocery,14
2024-05-29,SKU-017,Grocery,15
2024-05-30,SKU-017,Grocery,20
2024-05-31,SKU-017,Grocery,12
2024-06-01,SKU-017,Grocery,18
2024-06-02,SKU-017,Grocery,15
2024-06-03,SKU-017,Grocery,13
2024-06-04,SKU-017,Grocery,21
2024-06-05,SKU-017,Grocery,15
2024-06-06,SKU-017,Grocery,17
2024-06-07,SKU-017,Grocery,19
2024-06-08,SKU-017,Grocery,15
2024-06-09,SKU-017,Grocery,14
2024-06-10,SKU-017,Grocery,16
2024-06-11,SKU-017,Grocery,17
2024-06-12,SKU-017,Grocery,18
2024-06-13,SKU-017,Grocery,19
2024-06-14,SKU-017,Grocery,15
2024-06-15,SKU-017,Grocery,14
2024-06-16,SKU-017,Grocery,12
2024-06-17,SKU-017,Grocery,16
2024-06-18,SKU-017,Grocery,25
2024-06-19,SKU-017,Grocery,22
2024-06-20,SKU-017,Grocery,20
2024-06-21,SKU-017,Grocery,16
2024-06-22,SKU-017,Grocery,21
2024-06-23,SKU-017,Grocery,12
2024-06-24,SKU-017,Grocery,13
2024-06-25,SKU-017,Grocery,14
2024-06-26,SKU-017,Grocery,15
2024-06-27,SKU-017,Grocery,14
2024-06-28,SKU-017,Grocery,13
2024-06-29,SKU-017,Grocery,15
2024-06-30,SKU-017,Grocery,12
2024-07-01,SKU-017,Grocery,14
2024-07-02,SKU-017,Grocery,15
2024-07-03,SKU-017,Grocery,18
2024-07-04,SKU-017,Grocery,21
2024-07-05,SKU-017,Grocery,15
2024-07-06,SKU-017,Grocery,20
2024-07-07,SKU-017,Grocery,15
2024-07-08,SKU-017,Grocery,17
2024-07-09,SKU-017,Grocery,17
2024-07-10,SKU-017,Grocery,19
2024-07-11,SKU-017,Grocery,18
2024-07-12,SKU-017,Grocery,16
2024-07-13,SKU-017,Grocery,12
2024-07-14,SKU-017,Grocery,15
2024-07-15,SKU-017,Grocery,14
2024-07-16,SKU-017,Grocery,14
2024-07-17,SKU-017,Grocery,14
2024-07-18,SKU-017,Grocery,17
2024-07-19,SKU-017,Grocery,12
2024-07-20,SKU-017,Grocery,12
2024-07-21,SKU-017,Grocery,15
2024-07-22,SKU-017,Grocery,13
2024-07-23,SKU-017,Grocery,18
2024-07-24,SKU-017,Grocery,19
2024-07-25,SKU-017,Grocery,21
2024-07-26,SKU-017,Grocery,13
2024-07-27,SKU-017,Grocery,12
2024-07-28,SKU-017,Grocery,15
2024-07-29,SKU-017,Grocery,14
2024-07-30,SKU-017,Grocery,15
2024-07-31,SKU-017,Grocery,18
2024-08-01,SKU-017,Grocery,18
2024-08-02,SKU-017,Grocery,15
2024-08-03,SKU-017,Grocery,17
2024-08-04,SKU-017,Grocery,16
2024-08-05,SKU-017,Grocery,13
2024-08-06,SKU-017,Grocery,22
2024-08-07,SKU-017,Grocery,15
2024-08-08,SKU-017,Grocery,20
2024-08-09,SKU-017,Grocery,13
2024-08-10,SKU-017,Grocery,20
2024-08-11,SKU-017,Grocery,21
2024-08-12,SKU-017,Grocery,15
2024-08-13,SKU-017,Grocery,15
2024-08-14,SKU-017,Grocery,16
2024-08-15,SKU-017,Grocery,14
2024-08-16,SKU-017,Grocery,13
2024-08-17,SKU-017,Grocery,12
2024-08-18,SKU-017,Grocery,13
2024-08-19,SKU-017,Grocery,20
2024-08-20,SKU-017,Grocery,27
2024-08-21,SKU-017,Grocery,20
2024-08-22,SKU-017,Grocery,21
2024-08-23,SKU-017,Grocery,16
2024-08-24,SKU-017,Grocery,12
2024-08-25,SKU-017,Grocery,15
2024-08-26,SKU-017,Grocery,14
2024-08-27,SKU-017,Grocery,18
2024-08-28,SKU-017,Grocery,20
2024-08-29,SKU-017,Grocery,25
2024-08-30,SKU-017,Grocery,13
2024-08-31,SKU-017,Grocery,15
2024-09-01,SKU-017,Grocery,16
2024-09-02,SKU-017,Grocery,18
2024-09-03,SKU-017,Grocery,15
2024-09-04,SKU-017,Grocery,23
2024-09-05,SKU-017,Grocery,14
2024-09-06,SKU-017,Grocery,19
2024-09-07,SKU-017,Grocery,13
2024-09-08,SKU-017,Grocery,15
2024-09-09,SKU-017,Grocery,13
2024-09-10,SKU-017,Grocery,19
2024-09-11,SKU-017,Grocery,19
2024-09-12,SKU-017,Grocery,18
2024-09-13,SKU-017,Grocery,13
2024-09-14,SKU-017,Grocery,18
2024-09-15,SKU-017,Grocery,18
2024-09-16,SKU-017,Grocery,18
2024-09-17,SKU-017,Grocery,19
2024-09-18,SKU-017,Grocery,19
2024-09-19,SKU-017,Grocery,15
2024-09-20,SKU-017,Grocery,14
2024-09-21,SKU-017,Grocery,18
2024-09-22,SKU-017,Grocery,13
2024-09-23,SKU-017,Grocery,18
2024-09-24,SKU-017,Grocery,19
2024-09-25,SKU-017,Grocery,20
2024-09-26,SKU-017,Grocery,22
2024-09-27,SKU-017,Grocery,14
2024-09-28,SKU-017,Grocery,16
2024-09-29,SKU-017,Grocery,16
2024-09-30,SKU-017,Grocery,14
2024-10-01,SKU-017,Grocery,16
2024-10-02,SKU-017,Grocery,15
2024-10-03,SKU-017,Grocery,15
2024-10-04,SKU-017,Grocery,20
2024-10-05,SKU-017,Grocery,21
2024-10-06,SKU-017,Grocery,13
2024-10-07,SKU-017,Grocery,15
2024-10-08,SKU-017,Grocery,16
2024-10-09,SKU-017,Grocery,20
2024-10-10,SKU-017,Grocery,19
2024-10-11,SKU-017,Grocery,14
2024-10-12,SKU-017,Grocery,18
2024-10-13,SKU-017,Grocery,13
2024-10-14,SKU-017,Grocery,15
2024-10-15,SKU-017,Grocery,16
2024-10-16,SKU-017,Grocery,24
2024-10-17,SKU-017,Grocery,20
2024-10-18,SKU-017,Grocery,17
2024-10-19,SKU-017,Grocery,13
2024-10-20,SKU-017,Grocery,19
2024-10-21,SKU-017,Grocery,18
2024-10-22,SKU-017,Grocery,24
2024-10-23,SKU-017,Grocery,17
2024-10-24,SKU-017,Grocery,16
2024-10-25,SKU-017,Grocery,18
2024-10-26,SKU-017,Grocery,22
2024-10-27,SKU-017,Grocery,13
2024-10-28,SKU-017,Grocery,14
2024-10-29,SKU-017,Grocery,16
2024-10-30,SKU-017,Grocery,17
2024-10-31,SKU-017,Grocery,20
2024-11-01,SKU-017,Grocery,18
2024-11-02,SKU-017,Grocery,14
2024-11-03,SKU-017,Grocery,17
2024-11-04,SKU-017,Grocery,19
2024-11-05,SKU-017,Grocery,25
2024-11-06,SKU-017,Grocery,24
2024-11-07,SKU-017,Grocery,23
2024-11-08,SKU-017,Grocery,18
2024-11-09,SKU-017,Grocery,17
2024-11-10,SKU-017,Grocery,20
2024-11-11,SKU-017,Grocery,14
2024-11-12,SKU-017,Grocery,17
2024-11-13,SKU-017,Grocery,21
2024-11-14,SKU-017,Grocery,16
2024-11-15,SKU-017,Grocery,15
2024-11-16,SKU-017,Grocery,17
2024-11-17,SKU-017,Grocery,14
2024-11-18,SKU-017,Grocery,18
2024-11-19,SKU-017,Grocery,16
2024-11-20,SKU-017,Grocery,21
2024-11-21,SKU-017,Grocery,17
2024-11-22,SKU-017,Grocery,19
2024-11-23,SKU-017,Grocery,14
2024-11-24,SKU-017,Grocery,21
2024-11-25,SKU-017,Grocery,19
2024-11-26,SKU-017,Grocery,17
2024-11-27,SKU-017,Grocery,22
2024-11-28,SKU-017,Grocery,24
2024-11-29,SKU-017,Grocery,19
2024-11-30,SKU-017,Grocery,24
2024-12-01,SKU-017,Grocery,18
2024-12-02,SKU-017,Grocery,16
2024-12-03,SKU-017,Grocery,17
2024-12-04,SKU-017,Grocery,18
2024-12-05,SKU-017,Grocery,28
2024-12-06,SKU-017,Grocery,14
2024-12-07,SKU-017,Grocery,14
2024-12-08,SKU-017,Grocery,19
2024-12-09,SKU-017,Grocery,17
2024-12-10,SKU-017,Grocery,26
2024-12-11,SKU-017,Grocery,27
2024-12-12,SKU-017,Grocery,17
2024-12-13,SKU-017,Grocery,19
2024-12-14,SKU-017,Grocery,15
2024-12-15,SKU-017,Grocery,19
2024-12-16,SKU-017,Grocery,17
2024-12-17,SKU-017,Grocery,22
2024-12-18,SKU-017,Grocery,19
2024-12-19,SKU-017,Grocery,21
2024-12-20,SKU-017,Grocery,19
2024-12-21,SKU-017,Grocery,19
2024-12-22,SKU-017,Grocery,15
2024-12-23,SKU-017,Grocery,21
2024-12-24,SKU-017,Grocery,27
2024-12-25,SKU-017,Grocery,23
2024-12-26,SKU-017,Grocery,18
2024-12-27,SKU-017,Grocery,23
2024-12-28,SKU-017,Grocery,18
2024-12-29,SKU-017,Grocery,22
2023-01-02,SKU-018,Beauty,3
2023-01-03,SKU-018,Beauty,3
2023-01-04,SKU-018,Beauty,4
2023-01-05,SKU-018,Beauty,4
2023-01-06,SKU-018,Beauty,4
2023-01-07,SKU-018,Beauty,3
2023-01-08,SKU-018,Beauty,3
2023-01-09,SKU-018,Beauty,4
2023-01-10,SKU-018,Beauty,3
2023-01-11,SKU-018,Beauty,4
2023-01-12,SKU-018,Beauty,3
2023-01-13,SKU-018,Beauty,3
2023-01-14,SKU-018,Beauty,3
2023-01-15,SKU-018,Beauty,3
2023-01-16,SKU-018,Beauty,5
2023-01-17,SKU-018,Beauty,5
2023-01-18,SKU-018,Beauty,5
2023-01-19,SKU-018,Beauty,5
2023-01-20,SKU-018,Beauty,3
2023-01-21,SKU-018,Beauty,3
2023-01-22,SKU-018,Beauty,5
2023-01-23,SKU-018,Beauty,5
2023-01-24,SKU-018,Beauty,4
2023-01-25,SKU-018,Beauty,4
2023-01-26,SKU-018,Beauty,5
2023-01-27,SKU-018,Beauty,3
2023-01-28,SKU-018,Beauty,5
2023-01-29,SKU-018,Beauty,3
2023-01-30,SKU-018,Beauty,3
2023-01-31,SKU-018,Beauty,5
2023-02-01,SKU-018,Beauty,4
2023-02-02,SKU-018,Beauty,5
2023-02-03,SKU-018,Beauty,6
2023-02-04,SKU-018,Beauty,4
2023-02-05,SKU-018,Beauty,5
2023-02-06,SKU-018,Beauty,4
2023-02-07,SKU-018,Beauty,4
2023-02-08,SKU-018,Beauty,6
2023-02-09,SKU-018,Beauty,4
2023-02-10,SKU-018,Beauty,4
2023-02-11,SKU-018,Beauty,3
2023-02-12,SKU-018,Beauty,4
2023-02-13,SKU-018,Beauty,4
2023-02-14,SKU-018,Beauty,4
2023-02-15,SKU-018,Beauty,4
2023-02-16,SKU-018,Beauty,4
2023-02-17,SKU-018,Beauty,4
2023-02-18,SKU-018,Beauty,5
2023-02-19,SKU-018,Beauty,4
2023-02-20,SKU-018,Beauty,4
2023-02-21,SKU-018,Beauty,5
2023-02-22,SKU-018,Beauty,5
2023-02-23,SKU-018,Beauty,4
2023-02-24,SKU-018,Beauty,4
2023-02-25,SKU-018,Beauty,5
2023-02-26,SKU-018,Beauty,5
2023-02-27,SKU-018,Beauty,5
2023-02-28,SKU-018,Beauty,5
2023-03-01,SKU-018,Beauty,6
2023-03-02,SKU-018,Beauty,5
2023-03-03,SKU-018,Beauty,4
2023-03-04,SKU-018,Beauty,4
2023-03-05,SKU-018,Beauty,4
2023-03-06,SKU-018,Beauty,6
2023-03-07,SKU-018,Beauty,6
2023-03-08,SKU-018,Beauty,6
2023-03-09,SKU-018,Beauty,5
2023-03-10,SKU-018,Beauty,4
2023-03-11,SKU-018,Beauty,4
2023-03-12,SKU-018,Beauty,5
2023-03-13,SKU-018,Beauty,8
2023-03-14,SKU-018,Beauty,5
2023-03-15,SKU-018,Beauty,7
2023-03-16,SKU-018,Beauty,5
2023-03-17,SKU-018,Beauty,6
2023-03-18,SKU-018,Beauty,4
2023-03-19,SKU-018,Beauty,5
2023-03-20,SKU-018,Beauty,6
2023-03-21,SKU-018,Beauty,5
2023-03-22,SKU-018,Beauty,7
2023-03-23,SKU-018,Beauty,5
2023-03-24,SKU-018,Beauty,6
2023-03-25,SKU-018,Beauty,4
2023-03-26,SKU-018,Beauty,5
2023-03-27,SKU-018,Beauty,6
2023-03-28,SKU-018,Beauty,6
2023-03-29,SKU-018,Beauty,7
2023-03-30,SKU-018,Beauty,10
2023-03-31,SKU-018,Beauty,5
2023-04-01,SKU-018,Beauty,5
2023-04-02,SKU-018,Beauty,6
2023-04-03,SKU-018,Beauty,9
2023-04-04,SKU-018,Beauty,6
2023-04-05,SKU-018,Beauty,7
2023-04-06,SKU-018,Beauty,10
2023-04-07,SKU-018,Beauty,6
2023-04-08,SKU-018,Beauty,5
2023-04-09,SKU-018,Beauty,5
2023-04-10,SKU-018,Beauty,6
2023-04-11,SKU-018,Beauty,6
2023-04-12,SKU-018,Beauty,6
2023-04-13,SKU-018,Beauty,6
2023-04-14,SKU-018,Beauty,5
2023-04-15,SKU-018,Beauty,5
2023-04-16,SKU-018,Beauty,6
2023-04-17,SKU-018,Beauty,8
2023-04-18,SKU-018,Beauty,7
2023-04-19,SKU-018,Beauty,7
2023-04-20,SKU-018,Beauty,9
2023-04-21,SKU-018,Beauty,7
2023-04-22,SKU-018,Beauty,6
2023-04-23,SKU-018,Beauty,7
2023-04-24,SKU-018,Beauty,7
2023-04-25,SKU-018,Beauty,8
2023-04-26,SKU-018,Beauty,8
2023-04-27,SKU-018,Beauty,6
2023-04-28,SKU-018,Beauty,7
2023-04-29,SKU-018,Beauty,5
2023-04-30,SKU-018,Beauty,5
2023-05-01,SKU-018,Beauty,6
2023-05-02,SKU-018,Beauty,8
2023-05-03,SKU-018,Beauty,7
2023-05-04,SKU-018,Beauty,8
2023-05-05,SKU-018,Beauty,8
2023-05-06,SKU-018,Beauty,5
2023-05-07,SKU-018,Beauty,5
2023-05-08,SKU-018,Beauty,9
2023-05-09,SKU-018,Beauty,10
2023-05-10,SKU-018,Beauty,7
2023-05-11,SKU-018,Beauty,8
2023-05-12,SKU-018,Beauty,6
2023-05-13,SKU-018,Beauty,5
2023-05-14,SKU-018,Beauty,5
2023-05-15,SKU-018,Beauty,6
2023-05-16,SKU-018,Beauty,7
2023-05-17,SKU-018,Beauty,9
2023-05-18,SKU-018,Beauty,10
2023-05-19,SKU-018,Beauty,10
2023-05-20,SKU-018,Beauty,7
2023-05-21,SKU-018,Beauty,7
2023-05-22,SKU-018,Beauty,7
2023-05-23,SKU-018,Beauty,9
2023-05-24,SKU-018,Beauty,7
2023-05-25,SKU-018,Beauty,12
2023-05-26,SKU-018,Beauty,6
2023-05-27,SKU-018,Beauty,7
2023-05-28,SKU-018,Beauty,7
2023-05-29,SKU-018,Beauty,8
2023-05-30,SKU-018,Beauty,7
2023-05-31,SKU-018,Beauty,8
2023-06-01,SKU-018,Beauty,7
2023-06-02,SKU-018,Beauty,6
2023-06-03,SKU-018,Beauty,12
2023-06-04,SKU-018,Beauty,6
2023-06-05,SKU-018,Beauty,8
2023-06-06,SKU-018,Beauty,7
2023-06-07,SKU-018,Beauty,9
2023-06-08,SKU-018,Beauty,7
2023-06-09,SKU-018,Beauty,8
2023-06-10,SKU-018,Beauty,6
2023-06-11,SKU-018,Beauty,6
2023-06-12,SKU-018,Beauty,7
2023-06-13,SKU-018,Beauty,9
2023-06-14,SKU-018,Beauty,9
2023-06-15,SKU-018,Beauty,7
2023-06-16,SKU-018,Beauty,8
2023-06-17,SKU-018,Beauty,7
2023-06-18,SKU-018,Beauty,9
2023-06-19,SKU-018,Beauty,8
2023-06-20,SKU-018,Beauty,9
2023-06-21,SKU-018,Beauty,11
2023-06-22,SKU-018,Beauty,7
2023-06-23,SKU-018,Beauty,10
2023-06-24,SKU-018,Beauty,6
2023-06-25,SKU-018,Beauty,8
2023-06-26,SKU-018,Beauty,10
2023-06-27,SKU-018,Beauty,11
2023-06-28,SKU-018,Beauty,10
2023-06-29,SKU-018,Beauty,7
2023-06-30,SKU-018,Beauty,7
2023-07-01,SKU-018,Beauty,8
2023-07-02,SKU-018,Beauty,10
2023-07-03,SKU-018,Beauty,7
2023-07-04,SKU-018,Beauty,8
2023-07-05,SKU-018,Beauty,8
2023-07-06,SKU-018,Beauty,8
2023-07-07,SKU-018,Beauty,7
2023-07-08,SKU-018,Beauty,8
2023-07-09,SKU-018,Beauty,9
2023-07-10,SKU-018,Beauty,9
2023-07-11,SKU-018,Beauty,12
2023-07-12,SKU-018,Beauty,14
2023-07-13,SKU-018,Beauty,7
2023-07-14,SKU-018,Beauty,9
2023-07-15,SKU-018,Beauty,6
2023-07-16,SKU-018,Beauty,8
2023-07-17,SKU-018,Beauty,7
2023-07-18,SKU-018,Beauty,10
2023-07-19,SKU-018,Beauty,8
2023-07-20,SKU-018,Beauty,9
2023-07-21,SKU-018,Beauty,9
2023-07-22,SKU-018,Beauty,8
2023-07-23,SKU-018,Beauty,7
2023-07-24,SKU-018,Beauty,11
2023-07-25,SKU-018,Beauty,10
2023-07-26,SKU-018,Beauty,10
2023-07-27,SKU-018,Beauty,10
2023-07-28,SKU-018,Beauty,7
2023-07-29,SKU-018,Beauty,8
2023-07-30,SKU-018,Beauty,9
2023-07-31,SKU-018,Beauty,14
2023-08-01,SKU-018,Beauty,10
2023-08-02,SKU-018,Beauty,8
2023-08-03,SKU-018,Beauty,10
2023-08-04,SKU-018,Beauty,7
2023-08-05,SKU-018,Beauty,7
2023-08-06,SKU-018,Beauty,8
2023-08-07,SKU-018,Beauty,10
2023-08-08,SKU-018,Beauty,9
2023-08-09,SKU-018,Beauty,11
2023-08-10,SKU-018,Beauty,8
2023-08-11,SKU-018,Beauty,8
2023-08-12,SKU-018,Beauty,9
2023-08-13,SKU-018,Beauty,9
2023-08-14,SKU-018,Beauty,8
2023-08-15,SKU-018,Beauty,9
2023-08-16,SKU-018,Beauty,9
2023-08-17,SKU-018,Beauty,8
2023-08-18,SKU-018,Beauty,8
2023-08-19,SKU-018,Beauty,9
2023-08-20,SKU-018,Beauty,12
2023-08-21,SKU-018,Beauty,8
2023-08-22,SKU-018,Beauty,10
2023-08-23,SKU-018,Beauty,9
2023-08-24,SKU-018,Beauty,9
2023-08-25,SKU-018,Beauty,8
2023-08-26,SKU-018,Beauty,8
2023-08-27,SKU-018,Beauty,8
2023-08-28,SKU-018,Beauty,12
2023-08-29,SKU-018,Beauty,11
2023-08-30,SKU-018,Beauty,10
2023-08-31,SKU-018,Beauty,11
2023-09-01,SKU-018,Beauty,8
2023-09-02,SKU-018,Beauty,7
2023-09-03,SKU-018,Beauty,9
2023-09-04,SKU-018,Beauty,8
2023-09-05,SKU-018,Beauty,13
2023-09-06,SKU-018,Beauty,11
2023-09-07,SKU-018,Beauty,8
2023-09-08,SKU-018,Beauty,10
2023-09-09,SKU-018,Beauty,7
2023-09-10,SKU-018,Beauty,8
2023-09-11,SKU-018,Beauty,10
2023-09-12,SKU-018,Beauty,11
2023-09-13,SKU-018,Beauty,10
2023-09-14,SKU-018,Beauty,11
2023-09-15,SKU-018,Beauty,10
2023-09-16,SKU-018,Beauty,7
2023-09-17,SKU-018,Beauty,11
2023-09-18,SKU-018,Beauty,13
2023-09-19,SKU-018,Beauty,10
2023-09-20,SKU-018,Beauty,12
2023-09-21,SKU-018,Beauty,13
2023-09-22,SKU-018,Beauty,10
2023-09-23,SKU-018,Beauty,7
2023-09-24,SKU-018,Beauty,8
2023-09-25,SKU-018,Beauty,13
2023-09-26,SKU-018,Beauty,12
2023-09-27,SKU-018,Beauty,17
2023-09-28,SKU-018,Beauty,14
2023-09-29,SKU-018,Beauty,11
2023-09-30,SKU-018,Beauty,8
2023-10-01,SKU-018,Beauty,8
2023-10-02,SKU-018,Beauty,11
2023-10-03,SKU-018,Beauty,12
2023-10-04,SKU-018,Beauty,10
2023-10-05,SKU-018,Beauty,14
2023-10-06,SKU-018,Beauty,11
2023-10-07,SKU-018,Beauty,8
2023-10-08,SKU-018,Beauty,10
2023-10-09,SKU-018,Beauty,14
2023-10-10,SKU-018,Beauty,10
2023-10-11,SKU-018,Beauty,15
2023-10-12,SKU-018,Beauty,12
2023-10-13,SKU-018,Beauty,9
2023-10-14,SKU-018,Beauty,10
2023-10-15,SKU-018,Beauty,10
2023-10-16,SKU-018,Beauty,9
2023-10-17,SKU-018,Beauty,17
2023-10-18,SKU-018,Beauty,10
2023-10-19,SKU-018,Beauty,12
2023-10-20,SKU-018,Beauty,9
2023-10-21,SKU-018,Beauty,8
2023-10-22,SKU-018,Beauty,8
2023-10-23,SKU-018,Beauty,9
2023-10-24,SKU-018,Beauty,13
2023-10-25,SKU-018,Beauty,13
2023-10-26,SKU-018,Beauty,12
2023-10-27,SKU-018,Beauty,11
2023-10-28,SKU-018,Beauty,8
2023-10-29,SKU-018,Beauty,9
2023-10-30,SKU-018,Beauty,14
2023-10-31,SKU-018,Beauty,11
2023-11-01,SKU-018,Beauty,13
2023-11-02,SKU-018,Beauty,10
2023-11-03,SKU-018,Beauty,9
2023-11-04,SKU-018,Beauty,9
2023-11-05,SKU-018,Beauty,10
2023-11-06,SKU-018,Beauty,12
2023-11-07,SKU-018,Beauty,16
2023-11-08,SKU-018,Beauty,13
2023-11-09,SKU-018,Beauty,13
2023-11-10,SKU-018,Beauty,10
2023-11-11,SKU-018,Beauty,9
2023-11-12,SKU-018,Beauty,11
2023-11-13,SKU-018,Beauty,10
2023-11-14,SKU-018,Beauty,11
2023-11-15,SKU-018,Beauty,14
2023-11-16,SKU-018,Beauty,13
2023-11-17,SKU-018,Beauty,14
2023-11-18,SKU-018,Beauty,16
2023-11-19,SKU-018,Beauty,9
2023-11-20,SKU-018,Beauty,10
2023-11-21,SKU-018,Beauty,19
2023-11-22,SKU-018,Beauty,14
2023-11-23,SKU-018,Beauty,14
2023-11-24,SKU-018,Beauty,12
2023-11-25,SKU-018,Beauty,9
2023-11-26,SKU-018,Beauty,10
2023-11-27,SKU-018,Beauty,11
2023-11-28,SKU-018,Beauty,16
2023-11-29,SKU-018,Beauty,17
2023-11-30,SKU-018,Beauty,12
2023-12-01,SKU-018,Beauty,10
2023-12-02,SKU-018,Beauty,12
2023-12-03,SKU-018,Beauty,17
2023-12-04,SKU-018,Beauty,11
2023-12-05,SKU-018,Beauty,12
2023-12-06,SKU-018,Beauty,20
2023-12-07,SKU-018,Beauty,17
2023-12-08,SKU-018,Beauty,15
2023-12-09,SKU-018,Beauty,16
2023-12-10,SKU-018,Beauty,13
2023-12-11,SKU-018,Beauty,11
2023-12-12,SKU-018,Beauty,17
2023-12-13,SKU-018,Beauty,15
2023-12-14,SKU-018,Beauty,11
2023-12-15,SKU-018,Beauty,10
2023-12-16,SKU-018,Beauty,12
2023-12-17,SKU-018,Beauty,10
2023-12-18,SKU-018,Beauty,19
2023-12-19,SKU-018,Beauty,12
2023-12-20,SKU-018,Beauty,18
2023-12-21,SKU-018,Beauty,12
2023-12-22,SKU-018,Beauty,10
2023-12-23,SKU-018,Beauty,10
2023-12-24,SKU-018,Beauty,12
2023-12-25,SKU-018,Beauty,15
2023-12-26,SKU-018,Beauty,18
2023-12-27,SKU-018,Beauty,16
2023-12-28,SKU-018,Beauty,12
2023-12-29,SKU-018,Beauty,21
2023-12-30,SKU-018,Beauty,11
2023-12-31,SKU-018,Beauty,13
2024-01-01,SKU-018,Beauty,11
2024-01-02,SKU-018,Beauty,13
2024-01-03,SKU-018,Beauty,17
2024-01-04,SKU-018,Beauty,12
2024-01-05,SKU-018,Beauty,14
2024-01-06,SKU-018,Beauty,10
2024-01-07,SKU-018,Beauty,14
2024-01-08,SKU-018,Beauty,17
2024-01-09,SKU-018,Beauty,22
2024-01-10,SKU-018,Beauty,19
2024-01-11,SKU-018,Beauty,18
2024-01-12,SKU-018,Beauty,12
2024-01-13,SKU-018,Beauty,15
2024-01-14,SKU-018,Beauty,11
2024-01-15,SKU-018,Beauty,12
2024-01-16,SKU-018,Beauty,16
2024-01-17,SKU-018,Beauty,14
2024-01-18,SKU-018,Beauty,18
2024-01-19,SKU-018,Beauty,12
2024-01-20,SKU-018,Beauty,14
2024-01-21,SKU-018,Beauty,12
2024-01-22,SKU-018,Beauty,16
2024-01-23,SKU-018,Beauty,20
2024-01-24,SKU-018,Beauty,14
2024-01-25,SKU-018,Beauty,13
2024-01-26,SKU-018,Beauty,18
2024-01-27,SKU-018,Beauty,16
2024-01-28,SKU-018,Beauty,14
2024-01-29,SKU-018,Beauty,13
2024-01-30,SKU-018,Beauty,17
2024-01-31,SKU-018,Beauty,21
2024-02-01,SKU-018,Beauty,14
2024-02-02,SKU-018,Beauty,18
2024-02-03,SKU-018,Beauty,17
2024-02-04,SKU-018,Beauty,12
2024-02-05,SKU-018,Beauty,13
2024-02-06,SKU-018,Beauty,14
2024-02-07,SKU-018,Beauty,22
2024-02-08,SKU-018,Beauty,13
2024-02-09,SKU-018,Beauty,15
2024-02-10,SKU-018,Beauty,12
2024-02-11,SKU-018,Beauty,12
2024-02-12,SKU-018,Beauty,13
2024-02-13,SKU-018,Beauty,14
2024-02-14,SKU-018,Beauty,18
2024-02-15,SKU-018,Beauty,18
2024-02-16,SKU-018,Beauty,13
2024-02-17,SKU-018,Beauty,11
2024-02-18,SKU-018,Beauty,12
2024-02-19,SKU-018,Beauty,17
2024-02-20,SKU-018,Beauty,15
2024-02-21,SKU-018,Beauty,19
2024-02-22,SKU-018,Beauty,15
2024-02-23,SKU-018,Beauty,16
2024-02-24,SKU-018,Beauty,13
2024-02-25,SKU-018,Beauty,12
2024-02-26,SKU-018,Beauty,17
2024-02-27,SKU-018,Beauty,22
2024-02-28,SKU-018,Beauty,18
2024-02-29,SKU-018,Beauty,19
2024-03-01,SKU-018,Beauty,17
2024-03-02,SKU-018,Beauty,15
2024-03-03,SKU-018,Beauty,18
2024-03-04,SKU-018,Beauty,17
2024-03-05,SKU-018,Beauty,15
2024-03-06,SKU-018,Beauty,22
2024-03-07,SKU-018,Beauty,21
2024-03-08,SKU-018,Beauty,19
2024-03-09,SKU-018,Beauty,18
2024-03-10,SKU-018,Beauty,13
2024-03-11,SKU-018,Beauty,15
2024-03-12,SKU-018,Beauty,15
2024-03-13,SKU-018,Beauty,16
2024-03-14,SKU-018,Beauty,19
2024-03-15,SKU-018,Beauty,17
2024-03-16,SKU-018,Beauty,15
2024-03-17,SKU-018,Beauty,13
2024-03-18,SKU-018,Beauty,15
2024-03-19,SKU-018,Beauty,15
2024-03-20,SKU-018,Beauty,17
2024-03-21,SKU-018,Beauty,19
2024-03-22,SKU-018,Beauty,17
2024-03-23,SKU-018,Beauty,13
2024-03-24,SKU-018,Beauty,14
2024-03-25,SKU-018,Beauty,14
2024-03-26,SKU-018,Beauty,20
2024-03-27,SKU-018,Beauty,24
2024-03-28,SKU-018,Beauty,22
2024-03-29,SKU-018,Beauty,14
2024-03-30,SKU-018,Beauty,13
2024-03-31,SKU-018,Beauty,14
2024-04-01,SKU-018,Beauty,15
2024-04-02,SKU-018,Beauty,16
2024-04-03,SKU-018,Beauty,17
2024-04-04,SKU-018,Beauty,16
2024-04-05,SKU-018,Beauty,20
2024-04-06,SKU-018,Beauty,16
2024-04-07,SKU-018,Beauty,17
2024-04-08,SKU-018,Beauty,19
2024-04-09,SKU-018,Beauty,20
2024-04-10,SKU-018,Beauty,20
2024-04-11,SKU-018,Beauty,22
2024-04-12,SKU-018,Beauty,14
2024-04-13,SKU-018,Beauty,19
2024-04-14,SKU-018,Beauty,15
2024-04-15,SKU-018,Beauty,19
2024-04-16,SKU-018,Beauty,21
2024-04-17,SKU-018,Beauty,16
2024-04-18,SKU-018,Beauty,19
2024-04-19,SKU-018,Beauty,17
2024-04-20,SKU-018,Beauty,14
2024-04-21,SKU-018,Beauty,24
2024-04-22,SKU-018,Beauty,15
2024-04-23,SKU-018,Beauty,20
2024-04-24,SKU-018,Beauty,17
2024-04-25,SKU-018,Beauty,15
2024-04-26,SKU-018,Beauty,25
2024-04-27,SKU-018,Beauty,17
2024-04-28,SKU-018,Beauty,14
2024-04-29,SKU-018,Beauty,15
2024-04-30,SKU-018,Beauty,17
2024-05-01,SKU-018,Beauty,17
2024-05-02,SKU-018,Beauty,17
2024-05-03,SKU-018,Beauty,17
2024-05-04,SKU-018,Beauty,17
2024-05-05,SKU-018,Beauty,17
2024-05-06,SKU-018,Beauty,19
2024-05-07,SKU-018,Beauty,17
2024-05-08,SKU-018,Beauty,18
2024-05-09,SKU-018,Beauty,16
2024-05-10,SKU-018,Beauty,15
2024-05-11,SKU-018,Beauty,17
2024-05-12,SKU-018,Beauty,21
2024-05-13,SKU-018,Beauty,16
2024-05-14,SKU-018,Beauty,20
2024-05-15,SKU-018,Beauty,17
2024-05-16,SKU-018,Beauty,19
2024-05-17,SKU-018,Beauty,15
2024-05-18,SKU-018,Beauty,17
2024-05-19,SKU-018,Beauty,14
2024-05-20,SKU-018,Beauty,23
2024-05-21,SKU-018,Beauty,24
2024-05-22,SKU-018,Beauty,21
2024-05-23,SKU-018,Beauty,20
2024-05-24,SKU-018,Beauty,19
2024-05-25,SKU-018,Beauty,14
2024-05-26,SKU-018,Beauty,28
2024-05-27,SKU-018,Beauty,20
2024-05-28,SKU-018,Beauty,17
2024-05-29,SKU-018,Beauty,17
2024-05-30,SKU-018,Beauty,25
2024-05-31,SKU-018,Beauty,15
2024-06-01,SKU-018,Beauty,20
2024-06-02,SKU-018,Beauty,18
2024-06-03,SKU-018,Beauty,16
2024-06-04,SKU-018,Beauty,26
2024-06-05,SKU-018,Beauty,18
2024-06-06,SKU-018,Beauty,21
2024-06-07,SKU-018,Beauty,21
2024-06-08,SKU-018,Beauty,18
2024-06-09,SKU-018,Beauty,18
2024-06-10,SKU-018,Beauty,20
2024-06-11,SKU-018,Beauty,22
2024-06-12,SKU-018,Beauty,23
2024-06-13,SKU-018,Beauty,24
2024-06-14,SKU-018,Beauty,18
2024-06-15,SKU-018,Beauty,17
2024-06-16,SKU-018,Beauty,14
2024-06-17,SKU-018,Beauty,20
2024-06-18,SKU-018,Beauty,30
2024-06-19,SKU-018,Beauty,26
2024-06-20,SKU-018,Beauty,24
2024-06-21,SKU-018,Beauty,20
2024-06-22,SKU-018,Beauty,26
2024-06-23,SKU-018,Beauty,15
2024-06-24,SKU-018,Beauty,16
2024-06-25,SKU-018,Beauty,18
2024-06-26,SKU-018,Beauty,18
2024-06-27,SKU-018,Beauty,17
2024-06-28,SKU-018,Beauty,15
2024-06-29,SKU-018,Beauty,17
2024-06-30,SKU-018,Beauty,15
2024-07-01,SKU-018,Beauty,16
2024-07-02,SKU-018,Beauty,17
2024-07-03,SKU-018,Beauty,23
2024-07-04,SKU-018,Beauty,25
2024-07-05,SKU-018,Beauty,20
2024-07-06,SKU-018,Beauty,25
2024-07-07,SKU-018,Beauty,17
2024-07-08,SKU-018,Beauty,19
2024-07-09,SKU-018,Beauty,21
2024-07-10,SKU-018,Beauty,22
2024-07-11,SKU-018,Beauty,21
2024-07-12,SKU-018,Beauty,19
2024-07-13,SKU-018,Beauty,15
2024-07-14,SKU-018,Beauty,18
2024-07-15,SKU-018,Beauty,17
2024-07-16,SKU-018,Beauty,18
2024-07-17,SKU-018,Beauty,17
2024-07-18,SKU-018,Beauty,22
2024-07-19,SKU-018,Beauty,16
2024-07-20,SKU-018,Beauty,15
2024-07-21,SKU-018,Beauty,18
2024-07-22,SKU-018,Beauty,17
2024-07-23,SKU-018,Beauty,21
2024-07-24,SKU-018,Beauty,23
2024-07-25,SKU-018,Beauty,26
2024-07-26,SKU-018,Beauty,15
2024-07-27,SKU-018,Beauty,15
2024-07-28,SKU-018,Beauty,18
2024-07-29,SKU-018,Beauty,17
2024-07-30,SKU-018,Beauty,17
2024-07-31,SKU-018,Beauty,24
2024-08-01,SKU-018,Beauty,21
2024-08-02,SKU-018,Beauty,20
2024-08-03,SKU-018,Beauty,21
2024-08-04,SKU-018,Beauty,18
2024-08-05,SKU-018,Beauty,17
2024-08-06,SKU-018,Beauty,27
2024-08-07,SKU-018,Beauty,18
2024-08-08,SKU-018,Beauty,26
2024-08-09,SKU-018,Beauty,16
2024-08-10,SKU-018,Beauty,24
2024-08-11,SKU-018,Beauty,26
2024-08-12,SKU-018,Beauty,16
2024-08-13,SKU-018,Beauty,18
2024-08-14,SKU-018,Beauty,19
2024-08-15,SKU-018,Beauty,17
2024-08-16,SKU-018,Beauty,16
2024-08-17,SKU-018,Beauty,15
2024-08-18,SKU-018,Beauty,15
2024-08-19,SKU-018,Beauty,25
2024-08-20,SKU-018,Beauty,31
2024-08-21,SKU-018,Beauty,23
2024-08-22,SKU-018,Beauty,26
2024-08-23,SKU-018,Beauty,20
2024-08-24,SKU-018,Beauty,15
2024-08-25,SKU-018,Beauty,18
2024-08-26,SKU-018,Beauty,17
2024-08-27,SKU-018,Beauty,22
2024-08-28,SKU-018,Beauty,22
2024-08-29,SKU-018,Beauty,30
2024-08-30,SKU-018,Beauty,15
2024-08-31,SKU-018,Beauty,19
2024-09-01,SKU-018,Beauty,19
2024-09-02,SKU-018,Beauty,20
2024-09-03,SKU-018,Beauty,18
2024-09-04,SKU-018,Beauty,27
2024-09-05,SKU-018,Beauty,18
2024-09-06,SKU-018,Beauty,24
2024-09-07,SKU-018,Beauty,15
2024-09-08,SKU-018,Beauty,18
2024-09-09,SKU-018,Beauty,17
2024-09-10,SKU-018,Beauty,22
2024-09-11,SKU-018,Beauty,24
2024-09-12,SKU-018,Beauty,22
2024-09-13,SKU-018,Beauty,16
2024-09-14,SKU-018,Beauty,22
2024-09-15,SKU-018,Beauty,23
2024-09-16,SKU-018,Beauty,20
2024-09-17,SKU-018,Beauty,23
2024-09-18,SKU-018,Beauty,24
2024-09-19,SKU-018,Beauty,17
2024-09-20,SKU-018,Beauty,16
2024-09-21,SKU-018,Beauty,22
2024-09-22,SKU-018,Beauty,15
2024-09-23,SKU-018,Beauty,21
2024-09-24,SKU-018,Beauty,23
2024-09-25,SKU-018,Beauty,24
2024-09-26,SKU-018,Beauty,26
2024-09-27,SKU-018,Beauty,17
2024-09-28,SKU-018,Beauty,18
2024-09-29,SKU-018,Beauty,19
2024-09-30,SKU-018,Beauty,18
2024-10-01,SKU-018,Beauty,19
2024-10-02,SKU-018,Beauty,19
2024-10-03,SKU-018,Beauty,17
2024-10-04,SKU-018,Beauty,25
2024-10-05,SKU-018,Beauty,26
2024-10-06,SKU-018,Beauty,16
2024-10-07,SKU-018,Beauty,17
2024-10-08,SKU-018,Beauty,20
2024-10-09,SKU-018,Beauty,24
2024-10-10,SKU-018,Beauty,24
2024-10-11,SKU-018,Beauty,17
2024-10-12,SKU-018,Beauty,23
2024-10-13,SKU-018,Beauty,16
2024-10-14,SKU-018,Beauty,18
2024-10-15,SKU-018,Beauty,19
2024-10-16,SKU-018,Beauty,30
2024-10-17,SKU-018,Beauty,23
2024-10-18,SKU-018,Beauty,20
2024-10-19,SKU-018,Beauty,16
2024-10-20,SKU-018,Beauty,24
2024-10-21,SKU-018,Beauty,23
2024-10-22,SKU-018,Beauty,29
2024-10-23,SKU-018,Beauty,21
2024-10-24,SKU-018,Beauty,18
2024-10-25,SKU-018,Beauty,22
2024-10-26,SKU-018,Beauty,28
2024-10-27,SKU-018,Beauty,16
2024-10-28,SKU-018,Beauty,18
2024-10-29,SKU-018,Beauty,21
2024-10-30,SKU-018,Beauty,20
2024-10-31,SKU-018,Beauty,23
2024-11-01,SKU-018,Beauty,22
2024-11-02,SKU-018,Beauty,16
2024-11-03,SKU-018,Beauty,21
2024-11-04,SKU-018,Beauty,22
2024-11-05,SKU-018,Beauty,29
2024-11-06,SKU-018,Beauty,30
2024-11-07,SKU-018,Beauty,29
2024-11-08,SKU-018,Beauty,22
2024-11-09,SKU-018,Beauty,21
2024-11-10,SKU-018,Beauty,24
2024-11-11,SKU-018,Beauty,18
2024-11-12,SKU-018,Beauty,20
2024-11-13,SKU-018,Beauty,25
2024-11-14,SKU-018,Beauty,19
2024-11-15,SKU-018,Beauty,18
2024-11-16,SKU-018,Beauty,21
2024-11-17,SKU-018,Beauty,18
2024-11-18,SKU-018,Beauty,23
2024-11-19,SKU-018,Beauty,21
2024-11-20,SKU-018,Beauty,26
2024-11-21,SKU-018,Beauty,21
2024-11-22,SKU-018,Beauty,23
2024-11-23,SKU-018,Beauty,17
2024-11-24,SKU-018,Beauty,25
2024-11-25,SKU-018,Beauty,23
2024-11-26,SKU-018,Beauty,21
2024-11-27,SKU-018,Beauty,27
2024-11-28,SKU-018,Beauty,30
2024-11-29,SKU-018,Beauty,23
2024-11-30,SKU-018,Beauty,29
2024-12-01,SKU-018,Beauty,21
2024-12-02,SKU-018,Beauty,19
2024-12-03,SKU-018,Beauty,22
2024-12-04,SKU-018,Beauty,22
2024-12-05,SKU-018,Beauty,35
2024-12-06,SKU-018,Beauty,19
2024-12-07,SKU-018,Beauty,17
2024-12-08,SKU-018,Beauty,22
2024-12-09,SKU-018,Beauty,19
2024-12-10,SKU-018,Beauty,31
2024-12-11,SKU-018,Beauty,32
2024-12-12,SKU-018,Beauty,21
2024-12-13,SKU-018,Beauty,23
2024-12-14,SKU-018,Beauty,17
2024-12-15,SKU-018,Beauty,23
2024-12-16,SKU-018,Beauty,20
2024-12-17,SKU-018,Beauty,27
2024-12-18,SKU-018,Beauty,23
2024-12-19,SKU-018,Beauty,25
2024-12-20,SKU-018,Beauty,24
2024-12-21,SKU-018,Beauty,22
2024-12-22,SKU-018,Beauty,19
2024-12-23,SKU-018,Beauty,24
2024-12-24,SKU-018,Beauty,32
2024-12-25,SKU-018,Beauty,28
2024-12-26,SKU-018,Beauty,22
2024-12-27,SKU-018,Beauty,27
2024-12-28,SKU-018,Beauty,22
2024-12-29,SKU-018,Beauty,26
2023-01-02,SKU-019,Fashion,4
2023-01-03,SKU-019,Fashion,3
2023-01-04,SKU-019,Fashion,4
2023-01-05,SKU-019,Fashion,4
2023-01-06,SKU-019,Fashion,4
2023-01-07,SKU-019,Fashion,3
2023-01-08,SKU-019,Fashion,4
2023-01-09,SKU-019,Fashion,4
2023-01-10,SKU-019,Fashion,4
2023-01-11,SKU-019,Fashion,5
2023-01-12,SKU-019,Fashion,4
2023-01-13,SKU-019,Fashion,4
2023-01-14,SKU-019,Fashion,4
2023-01-15,SKU-019,Fashion,3
2023-01-16,SKU-019,Fashion,5
2023-01-17,SKU-019,Fashion,5
2023-01-18,SKU-019,Fashion,6
2023-01-19,SKU-019,Fashion,5
2023-01-20,SKU-019,Fashion,3
2023-01-21,SKU-019,Fashion,3
2023-01-22,SKU-019,Fashion,5
2023-01-23,SKU-019,Fashion,5
2023-01-24,SKU-019,Fashion,5
2023-01-25,SKU-019,Fashion,4
2023-01-26,SKU-019,Fashion,6
2023-01-27,SKU-019,Fashion,4
2023-01-28,SKU-019,Fashion,6
2023-01-29,SKU-019,Fashion,4
2023-01-30,SKU-019,Fashion,4
2023-01-31,SKU-019,Fashion,5
2023-02-01,SKU-019,Fashion,5
2023-02-02,SKU-019,Fashion,6
2023-02-03,SKU-019,Fashion,8
2023-02-04,SKU-019,Fashion,5
2023-02-05,SKU-019,Fashion,6
2023-02-06,SKU-019,Fashion,4
2023-02-07,SKU-019,Fashion,5
2023-02-08,SKU-019,Fashion,7
2023-02-09,SKU-019,Fashion,5
2023-02-10,SKU-019,Fashion,4
2023-02-11,SKU-019,Fashion,4
2023-02-12,SKU-019,Fashion,4
2023-02-13,SKU-019,Fashion,5
2023-02-14,SKU-019,Fashion,5
2023-02-15,SKU-019,Fashion,5
2023-02-16,SKU-019,Fashion,5
2023-02-17,SKU-019,Fashion,4
2023-02-18,SKU-019,Fashion,5
2023-02-19,SKU-019,Fashion,4
2023-02-20,SKU-019,Fashion,5
2023-02-21,SKU-019,Fashion,6
2023-02-22,SKU-019,Fashion,5
2023-02-23,SKU-019,Fashion,5
2023-02-24,SKU-019,Fashion,5
2023-02-25,SKU-019,Fashion,5
2023-02-26,SKU-019,Fashion,6
2023-02-27,SKU-019,Fashion,6
2023-02-28,SKU-019,Fashion,5
2023-03-01,SKU-019,Fashion,7
2023-03-02,SKU-019,Fashion,5
2023-03-03,SKU-019,Fashion,5
2023-03-04,SKU-019,Fashion,4
2023-03-05,SKU-019,Fashion,5
2023-03-06,SKU-019,Fashion,6
2023-03-07,SKU-019,Fashion,7
2023-03-08,SKU-019,Fashion,8
2023-03-09,SKU-019,Fashion,5
2023-03-10,SKU-019,Fashion,5
2023-03-11,SKU-019,Fashion,5
2023-03-12,SKU-019,Fashion,5
2023-03-13,SKU-019,Fashion,9
2023-03-14,SKU-019,Fashion,6
2023-03-15,SKU-019,Fashion,8
2023-03-16,SKU-019,Fashion,6
2023-03-17,SKU-019,Fashion,6
2023-03-18,SKU-019,Fashion,5
2023-03-19,SKU-019,Fashion,5
2023-03-20,SKU-019,Fashion,7
2023-03-21,SKU-019,Fashion,6
2023-03-22,SKU-019,Fashion,8
2023-03-23,SKU-019,Fashion,6
2023-03-24,SKU-019,Fashion,7
2023-03-25,SKU-019,Fashion,5
2023-03-26,SKU-019,Fashion,6
2023-03-27,SKU-019,Fashion,7
2023-03-28,SKU-019,Fashion,6
2023-03-29,SKU-019,Fashion,8
2023-03-30,SKU-019,Fashion,12
2023-03-31,SKU-019,Fashion,6
2023-04-01,SKU-019,Fashion,5
2023-04-02,SKU-019,Fashion,7
2023-04-03,SKU-019,Fashion,10
2023-04-04,SKU-019,Fashion,7
2023-04-05,SKU-019,Fashion,9
2023-04-06,SKU-019,Fashion,11
2023-04-07,SKU-019,Fashion,7
2023-04-08,SKU-019,Fashion,6
2023-04-09,SKU-019,Fashion,6
2023-04-10,SKU-019,Fashion,6
2023-04-11,SKU-019,Fashion,7
2023-04-12,SKU-019,Fashion,7
2023-04-13,SKU-019,Fashion,7
2023-04-14,SKU-019,Fashion,7
2023-04-15,SKU-019,Fashion,6
2023-04-16,SKU-019,Fashion,7
2023-04-17,SKU-019,Fashion,10
2023-04-18,SKU-019,Fashion,9
2023-04-19,SKU-019,Fashion,7
2023-04-20,SKU-019,Fashion,10
2023-04-21,SKU-019,Fashion,7
2023-04-22,SKU-019,Fashion,7
2023-04-23,SKU-019,Fashion,8
2023-04-24,SKU-019,Fashion,8
2023-04-25,SKU-019,Fashion,9
2023-04-26,SKU-019,Fashion,9
2023-04-27,SKU-019,Fashion,7
2023-04-28,SKU-019,Fashion,8
2023-04-29,SKU-019,Fashion,6
2023-04-30,SKU-019,Fashion,6
2023-05-01,SKU-019,Fashion,7
2023-05-02,SKU-019,Fashion,10
2023-05-03,SKU-019,Fashion,8
2023-05-04,SKU-019,Fashion,9
2023-05-05,SKU-019,Fashion,9
2023-05-06,SKU-019,Fashion,6
2023-05-07,SKU-019,Fashion,7
2023-05-08,SKU-019,Fashion,10
2023-05-09,SKU-019,Fashion,11
2023-05-10,SKU-019,Fashion,8
2023-05-11,SKU-019,Fashion,10
2023-05-12,SKU-019,Fashion,7
2023-05-13,SKU-019,Fashion,7
2023-05-14,SKU-019,Fashion,6
2023-05-15,SKU-019,Fashion,8
2023-05-16,SKU-019,Fashion,8
2023-05-17,SKU-019,Fashion,10
2023-05-18,SKU-019,Fashion,11
2023-05-19,SKU-019,Fashion,12
2023-05-20,SKU-019,Fashion,8
2023-05-21,SKU-019,Fashion,8
2023-05-22,SKU-019,Fashion,8
2023-05-23,SKU-019,Fashion,10
2023-05-24,SKU-019,Fashion,9
2023-05-25,SKU-019,Fashion,14
2023-05-26,SKU-019,Fashion,7
2023-05-27,SKU-019,Fashion,8
2023-05-28,SKU-019,Fashion,8
2023-05-29,SKU-019,Fashion,9
2023-05-30,SKU-019,Fashion,8
2023-05-31,SKU-019,Fashion,9
2023-06-01,SKU-019,Fashion,8
2023-06-02,SKU-019,Fashion,7
2023-06-03,SKU-019,Fashion,14
2023-06-04,SKU-019,Fashion,7
2023-06-05,SKU-019,Fashion,10
2023-06-06,SKU-019,Fashion,9
2023-06-07,SKU-019,Fashion,11
2023-06-08,SKU-019,Fashion,8
2023-06-09,SKU-019,Fashion,9
2023-06-10,SKU-019,Fashion,7
2023-06-11,SKU-019,Fashion,8
2023-06-12,SKU-019,Fashion,8
2023-06-13,SKU-019,Fashion,11
2023-06-14,SKU-019,Fashion,11
2023-06-15,SKU-019,Fashion,8
2023-06-16,SKU-019,Fashion,9
2023-06-17,SKU-019,Fashion,9
2023-06-18,SKU-019,Fashion,11
2023-06-19,SKU-019,Fashion,10
2023-06-20,SKU-019,Fashion,11
2023-06-21,SKU-019,Fashion,13
2023-06-22,SKU-019,Fashion,8
2023-06-23,SKU-019,Fashion,11
2023-06-24,SKU-019,Fashion,7
2023-06-25,SKU-019,Fashion,9
2023-06-26,SKU-019,Fashion,12
2023-06-27,SKU-019,Fashion,13
2023-06-28,SKU-019,Fashion,12
2023-06-29,SKU-019,Fashion,9
2023-06-30,SKU-019,Fashion,8
2023-07-01,SKU-019,Fashion,9
2023-07-02,SKU-019,Fashion,11
2023-07-03,SKU-019,Fashion,9
2023-07-04,SKU-019,Fashion,9
2023-07-05,SKU-019,Fashion,9
2023-07-06,SKU-019,Fashion,9
2023-07-07,SKU-019,Fashion,9
2023-07-08,SKU-019,Fashion,9
2023-07-09,SKU-019,Fashion,11
2023-07-10,SKU-019,Fashion,11
2023-07-11,SKU-019,Fashion,14
2023-07-12,SKU-019,Fashion,17
2023-07-13,SKU-019,Fashion,9
2023-07-14,SKU-019,Fashion,10
2023-07-15,SKU-019,Fashion,7
2023-07-16,SKU-019,Fashion,9
2023-07-17,SKU-019,Fashion,9
2023-07-18,SKU-019,Fashion,12
2023-07-19,SKU-019,Fashion,10
2023-07-20,SKU-019,Fashion,12
2023-07-21,SKU-019,Fashion,10
2023-07-22,SKU-019,Fashion,10
2023-07-23,SKU-019,Fashion,8
2023-07-24,SKU-019,Fashion,12
2023-07-25,SKU-019,Fashion,12
2023-07-26,SKU-019,Fashion,12
2023-07-27,SKU-019,Fashion,11
2023-07-28,SKU-019,Fashion,9
2023-07-29,SKU-019,Fashion,10
2023-07-30,SKU-019,Fashion,10
2023-07-31,SKU-019,Fashion,16
2023-08-01,SKU-019,Fashion,12
2023-08-02,SKU-019,Fashion,11
2023-08-03,SKU-019,Fashion,12
2023-08-04,SKU-019,Fashion,9
2023-08-05,SKU-019,Fashion,8
2023-08-06,SKU-019,Fashion,10
2023-08-07,SKU-019,Fashion,11
2023-08-08,SKU-019,Fashion,10
2023-08-09,SKU-019,Fashion,13
2023-08-10,SKU-019,Fashion,10
2023-08-11,SKU-019,Fashion,9
2023-08-12,SKU-019,Fashion,9
2023-08-13,SKU-019,Fashion,11
2023-08-14,SKU-019,Fashion,9
2023-08-15,SKU-019,Fashion,10
2023-08-16,SKU-019,Fashion,10
2023-08-17,SKU-019,Fashion,10
2023-08-18,SKU-019,Fashion,9
2023-08-19,SKU-019,Fashion,11
2023-08-20,SKU-019,Fashion,15
2023-08-21,SKU-019,Fashion,10
2023-08-22,SKU-019,Fashion,13
2023-08-23,SKU-019,Fashion,10
2023-08-24,SKU-019,Fashion,10
2023-08-25,SKU-019,Fashion,9
2023-08-26,SKU-019,Fashion,10
2023-08-27,SKU-019,Fashion,8
2023-08-28,SKU-019,Fashion,14
2023-08-29,SKU-019,Fashion,13
2023-08-30,SKU-019,Fashion,11
2023-08-31,SKU-019,Fashion,13
2023-09-01,SKU-019,Fashion,9
2023-09-02,SKU-019,Fashion,8
2023-09-03,SKU-019,Fashion,10
2023-09-04,SKU-019,Fashion,10
2023-09-05,SKU-019,Fashion,15
2023-09-06,SKU-019,Fashion,14
2023-09-07,SKU-019,Fashion,11
2023-09-08,SKU-019,Fashion,12
2023-09-09,SKU-019,Fashion,9
2023-09-10,SKU-019,Fashion,9
2023-09-11,SKU-019,Fashion,12
2023-09-12,SKU-019,Fashion,13
2023-09-13,SKU-019,Fashion,11
2023-09-14,SKU-019,Fashion,13
2023-09-15,SKU-019,Fashion,12
2023-09-16,SKU-019,Fashion,9
2023-09-17,SKU-019,Fashion,13
2023-09-18,SKU-019,Fashion,14
2023-09-19,SKU-019,Fashion,11
2023-09-20,SKU-019,Fashion,14
2023-09-21,SKU-019,Fashion,15
2023-09-22,SKU-019,Fashion,11
2023-09-23,SKU-019,Fashion,9
2023-09-24,SKU-019,Fashion,9
2023-09-25,SKU-019,Fashion,15
2023-09-26,SKU-019,Fashion,14
2023-09-27,SKU-019,Fashion,20
2023-09-28,SKU-019,Fashion,16
2023-09-29,SKU-019,Fashion,12
2023-09-30,SKU-019,Fashion,9
2023-10-01,SKU-019,Fashion,9
2023-10-02,SKU-019,Fashion,13
2023-10-03,SKU-019,Fashion,15
2023-10-04,SKU-019,Fashion,12
2023-10-05,SKU-019,Fashion,17
2023-10-06,SKU-019,Fashion,13
2023-10-07,SKU-019,Fashion,9
2023-10-08,SKU-019,Fashion,12
2023-10-09,SKU-019,Fashion,15
2023-10-10,SKU-019,Fashion,12
2023-10-11,SKU-019,Fashion,17
2023-10-12,SKU-019,Fashion,15
2023-10-13,SKU-019,Fashion,10
2023-10-14,SKU-019,Fashion,12
2023-10-15,SKU-019,Fashion,12
2023-10-16,SKU-019,Fashion,11
2023-10-17,SKU-019,Fashion,20
2023-10-18,SKU-019,Fashion,12
2023-10-19,SKU-019,Fashion,14
2023-10-20,SKU-019,Fashion,10
2023-10-21,SKU-019,Fashion,10
2023-10-22,SKU-019,Fashion,10
2023-10-23,SKU-019,Fashion,11
2023-10-24,SKU-019,Fashion,15
2023-10-25,SKU-019,Fashion,15
2023-10-26,SKU-019,Fashion,14
2023-10-27,SKU-019,Fashion,13
2023-10-28,SKU-019,Fashion,10
2023-10-29,SKU-019,Fashion,10
2023-10-30,SKU-019,Fashion,17
2023-10-31,SKU-019,Fashion,12
2023-11-01,SKU-019,Fashion,15
2023-11-02,SKU-019,Fashion,13
2023-11-03,SKU-019,Fashion,11
2023-11-04,SKU-019,Fashion,10
2023-11-05,SKU-019,Fashion,13
2023-11-06,SKU-019,Fashion,14
2023-11-07,SKU-019,Fashion,19
2023-11-08,SKU-019,Fashion,16
2023-11-09,SKU-019,Fashion,15
2023-11-10,SKU-019,Fashion,11
2023-11-11,SKU-019,Fashion,10
2023-11-12,SKU-019,Fashion,13
2023-11-13,SKU-019,Fashion,12
2023-11-14,SKU-019,Fashion,13
2023-11-15,SKU-019,Fashion,16
2023-11-16,SKU-019,Fashion,15
2023-11-17,SKU-019,Fashion,16
2023-11-18,SKU-019,Fashion,18
2023-11-19,SKU-019,Fashion,11
2023-11-20,SKU-019,Fashion,12
2023-11-21,SKU-019,Fashion,22
2023-11-22,SKU-019,Fashion,17
2023-11-23,SKU-019,Fashion,16
2023-11-24,SKU-019,Fashion,14
2023-11-25,SKU-019,Fashion,11
2023-11-26,SKU-019,Fashion,11
2023-11-27,SKU-019,Fashion,12
2023-11-28,SKU-019,Fashion,19
2023-11-29,SKU-019,Fashion,21
2023-11-30,SKU-019,Fashion,12
2023-12-01,SKU-019,Fashion,12
2023-12-02,SKU-019,Fashion,14
2023-12-03,SKU-019,Fashion,19
2023-12-04,SKU-019,Fashion,13
2023-12-05,SKU-019,Fashion,14
2023-12-06,SKU-019,Fashion,24
2023-12-07,SKU-019,Fashion,20
2023-12-08,SKU-019,Fashion,19
2023-12-09,SKU-019,Fashion,20
2023-12-10,SKU-019,Fashion,15
2023-12-11,SKU-019,Fashion,13
2023-12-12,SKU-019,Fashion,21
2023-12-13,SKU-019,Fashion,17
2023-12-14,SKU-019,Fashion,14
2023-12-15,SKU-019,Fashion,12
2023-12-16,SKU-019,Fashion,14
2023-12-17,SKU-019,Fashion,12
2023-12-18,SKU-019,Fashion,22
2023-12-19,SKU-019,Fashion,15
2023-12-20,SKU-019,Fashion,21
2023-12-21,SKU-019,Fashion,14
2023-12-22,SKU-019,Fashion,13
2023-12-23,SKU-019,Fashion,12
2023-12-24,SKU-019,Fashion,15
2023-12-25,SKU-019,Fashion,17
2023-12-26,SKU-019,Fashion,22
2023-12-27,SKU-019,Fashion,18
2023-12-28,SKU-019,Fashion,14
2023-12-29,SKU-019,Fashion,26
2023-12-30,SKU-019,Fashion,12
2023-12-31,SKU-019,Fashion,15
2024-01-01,SKU-019,Fashion,14
2024-01-02,SKU-019,Fashion,15
2024-01-03,SKU-019,Fashion,19
2024-01-04,SKU-019,Fashion,14
2024-01-05,SKU-019,Fashion,16
2024-01-06,SKU-019,Fashion,13
2024-01-07,SKU-019,Fashion,15
2024-01-08,SKU-019,Fashion,21
2024-01-09,SKU-019,Fashion,26
2024-01-10,SKU-019,Fashion,23
2024-01-11,SKU-019,Fashion,22
2024-01-12,SKU-019,Fashion,14
2024-01-13,SKU-019,Fashion,19
2024-01-14,SKU-019,Fashion,13
2024-01-15,SKU-019,Fashion,15
2024-01-16,SKU-019,Fashion,20
2024-01-17,SKU-019,Fashion,16
2024-01-18,SKU-019,Fashion,23
2024-01-19,SKU-019,Fashion,14
2024-01-20,SKU-019,Fashion,16
2024-01-21,SKU-019,Fashion,13
2024-01-22,SKU-019,Fashion,18
2024-01-23,SKU-019,Fashion,23
2024-01-24,SKU-019,Fashion,17
2024-01-25,SKU-019,Fashion,16
2024-01-26,SKU-019,Fashion,21
2024-01-27,SKU-019,Fashion,19
2024-01-28,SKU-019,Fashion,17
2024-01-29,SKU-019,Fashion,15
2024-01-30,SKU-019,Fashion,21
2024-01-31,SKU-019,Fashion,25
2024-02-01,SKU-019,Fashion,16
2024-02-02,SKU-019,Fashion,21
2024-02-03,SKU-019,Fashion,20
2024-02-04,SKU-019,Fashion,14
2024-02-05,SKU-019,Fashion,16
2024-02-06,SKU-019,Fashion,17
2024-02-07,SKU-019,Fashion,26
2024-02-08,SKU-019,Fashion,17
2024-02-09,SKU-019,Fashion,18
2024-02-10,SKU-019,Fashion,13
2024-02-11,SKU-019,Fashion,15
2024-02-12,SKU-019,Fashion,16
2024-02-13,SKU-019,Fashion,17
2024-02-14,SKU-019,Fashion,21
2024-02-15,SKU-019,Fashion,21
2024-02-16,SKU-019,Fashion,15
2024-02-17,SKU-019,Fashion,13
2024-02-18,SKU-019,Fashion,14
2024-02-19,SKU-019,Fashion,19
2024-02-20,SKU-019,Fashion,19
2024-02-21,SKU-019,Fashion,22
2024-02-22,SKU-019,Fashion,17
2024-02-23,SKU-019,Fashion,18
2024-02-24,SKU-019,Fashion,15
2024-02-25,SKU-019,Fashion,15
2024-02-26,SKU-019,Fashion,20
2024-02-27,SKU-019,Fashion,26
2024-02-28,SKU-019,Fashion,22
2024-02-29,SKU-019,Fashion,22
2024-03-01,SKU-019,Fashion,20
2024-03-02,SKU-019,Fashion,18
2024-03-03,SKU-019,Fashion,22
2024-03-04,SKU-019,Fashion,21
2024-03-05,SKU-019,Fashion,19
2024-03-06,SKU-019,Fashion,28
2024-03-07,SKU-019,Fashion,26
2024-03-08,SKU-019,Fashion,23
2024-03-09,SKU-019,Fashion,21
2024-03-10,SKU-019,Fashion,15
2024-03-11,SKU-019,Fashion,16
2024-03-12,SKU-019,Fashion,18
2024-03-13,SKU-019,Fashion,17
2024-03-14,SKU-019,Fashion,22
2024-03-15,SKU-019,Fashion,19
2024-03-16,SKU-019,Fashion,19
2024-03-17,SKU-019,Fashion,16
2024-03-18,SKU-019,Fashion,18
2024-03-19,SKU-019,Fashion,18
2024-03-20,SKU-019,Fashion,20
2024-03-21,SKU-019,Fashion,23
2024-03-22,SKU-019,Fashion,20
2024-03-23,SKU-019,Fashion,15
2024-03-24,SKU-019,Fashion,16
2024-03-25,SKU-019,Fashion,17
2024-03-26,SKU-019,Fashion,24
2024-03-27,SKU-019,Fashion,27
2024-03-28,SKU-019,Fashion,26
2024-03-29,SKU-019,Fashion,16
2024-03-30,SKU-019,Fashion,15
2024-03-31,SKU-019,Fashion,16
2024-04-01,SKU-019,Fashion,18
2024-04-02,SKU-019,Fashion,19
2024-04-03,SKU-019,Fashion,20
2024-04-04,SKU-019,Fashion,18
2024-04-05,SKU-019,Fashion,24
2024-04-06,SKU-019,Fashion,19
2024-04-07,SKU-019,Fashion,20
2024-04-08,SKU-019,Fashion,22
2024-04-09,SKU-019,Fashion,23
2024-04-10,SKU-019,Fashion,24
2024-04-11,SKU-019,Fashion,26
2024-04-12,SKU-019,Fashion,17
2024-04-13,SKU-019,Fashion,22
2024-04-14,SKU-019,Fashion,16
2024-04-15,SKU-019,Fashion,21
2024-04-16,SKU-019,Fashion,24
2024-04-17,SKU-019,Fashion,20
2024-04-18,SKU-019,Fashion,24
2024-04-19,SKU-019,Fashion,21
2024-04-20,SKU-019,Fashion,15
2024-04-21,SKU-019,Fashion,27
2024-04-22,SKU-019,Fashion,18
2024-04-23,SKU-019,Fashion,24
2024-04-24,SKU-019,Fashion,19
2024-04-25,SKU-019,Fashion,20
2024-04-26,SKU-019,Fashion,30
2024-04-27,SKU-019,Fashion,20
2024-04-28,SKU-019,Fashion,16
2024-04-29,SKU-019,Fashion,18
2024-04-30,SKU-019,Fashion,20
2024-05-01,SKU-019,Fashion,21
2024-05-02,SKU-019,Fashion,19
2024-05-03,SKU-019,Fashion,22
2024-05-04,SKU-019,Fashion,19
2024-05-05,SKU-019,Fashion,21
2024-05-06,SKU-019,Fashion,23
2024-05-07,SKU-019,Fashion,20
2024-05-08,SKU-019,Fashion,21
2024-05-09,SKU-019,Fashion,20
2024-05-10,SKU-019,Fashion,18
2024-05-11,SKU-019,Fashion,20
2024-05-12,SKU-019,Fashion,24
2024-05-13,SKU-019,Fashion,18
2024-05-14,SKU-019,Fashion,26
2024-05-15,SKU-019,Fashion,21
2024-05-16,SKU-019,Fashion,25
2024-05-17,SKU-019,Fashion,18
2024-05-18,SKU-019,Fashion,21
2024-05-19,SKU-019,Fashion,17
2024-05-20,SKU-019,Fashion,27
2024-05-21,SKU-019,Fashion,29
2024-05-22,SKU-019,Fashion,26
2024-05-23,SKU-019,Fashion,24
2024-05-24,SKU-019,Fashion,21
2024-05-25,SKU-019,Fashion,16
2024-05-26,SKU-019,Fashion,35
2024-05-27,SKU-019,Fashion,23
2024-05-28,SKU-019,Fashion,21
2024-05-29,SKU-019,Fashion,20
2024-05-30,SKU-019,Fashion,28
2024-05-31,SKU-019,Fashion,17
2024-06-01,SKU-019,Fashion,25
2024-06-02,SKU-019,Fashion,21
2024-06-03,SKU-019,Fashion,19
2024-06-04,SKU-019,Fashion,31
2024-06-05,SKU-019,Fashion,21
2024-06-06,SKU-019,Fashion,25
2024-06-07,SKU-019,Fashion,26
2024-06-08,SKU-019,Fashion,21
2024-06-09,SKU-019,Fashion,21
2024-06-10,SKU-019,Fashion,22
2024-06-11,SKU-019,Fashion,25
2024-06-12,SKU-019,Fashion,25
2024-06-13,SKU-019,Fashion,30
2024-06-14,SKU-019,Fashion,22
2024-06-15,SKU-019,Fashion,19
2024-06-16,SKU-019,Fashion,18
2024-06-17,SKU-019,Fashion,23
2024-06-18,SKU-019,Fashion,34
2024-06-19,SKU-019,Fashion,32
2024-06-20,SKU-019,Fashion,29
2024-06-21,SKU-019,Fashion,22
2024-06-22,SKU-019,Fashion,29
2024-06-23,SKU-019,Fashion,17
2024-06-24,SKU-019,Fashion,19
2024-06-25,SKU-019,Fashion,21
2024-06-26,SKU-019,Fashion,21
2024-06-27,SKU-019,Fashion,20
2024-06-28,SKU-019,Fashion,17
2024-06-29,SKU-019,Fashion,20
2024-06-30,SKU-019,Fashion,18
2024-07-01,SKU-019,Fashion,19
2024-07-02,SKU-019,Fashion,22
2024-07-03,SKU-019,Fashion,27
2024-07-04,SKU-019,Fashion,29
2024-07-05,SKU-019,Fashion,23
2024-07-06,SKU-019,Fashion,29
2024-07-07,SKU-019,Fashion,23
2024-07-08,SKU-019,Fashion,24
2024-07-09,SKU-019,Fashion,26
2024-07-10,SKU-019,Fashion,27
2024-07-11,SKU-019,Fashion,26
2024-07-12,SKU-019,Fashion,23
2024-07-13,SKU-019,Fashion,18
2024-07-14,SKU-019,Fashion,20
2024-07-15,SKU-019,Fashion,20
2024-07-16,SKU-019,Fashion,21
2024-07-17,SKU-019,Fashion,22
2024-07-18,SKU-019,Fashion,26
2024-07-19,SKU-019,Fashion,18
2024-07-20,SKU-019,Fashion,18
2024-07-21,SKU-019,Fashion,22
2024-07-22,SKU-019,Fashion,19
2024-07-23,SKU-019,Fashion,28
2024-07-24,SKU-019,Fashion,27
2024-07-25,SKU-019,Fashion,30
2024-07-26,SKU-019,Fashion,19
2024-07-27,SKU-019,Fashion,17
2024-07-28,SKU-019,Fashion,22
2024-07-29,SKU-019,Fashion,20
2024-07-30,SKU-019,Fashion,21
2024-07-31,SKU-019,Fashion,26
2024-08-01,SKU-019,Fashion,25
2024-08-02,SKU-019,Fashion,23
2024-08-03,SKU-019,Fashion,26
2024-08-04,SKU-019,Fashion,22
2024-08-05,SKU-019,Fashion,20
2024-08-06,SKU-019,Fashion,32
2024-08-07,SKU-019,Fashion,22
2024-08-08,SKU-019,Fashion,29
2024-08-09,SKU-019,Fashion,19
2024-08-10,SKU-019,Fashion,31
2024-08-11,SKU-019,Fashion,30
2024-08-12,SKU-019,Fashion,21
2024-08-13,SKU-019,Fashion,21
2024-08-14,SKU-019,Fashion,21
2024-08-15,SKU-019,Fashion,21
2024-08-16,SKU-019,Fashion,19
2024-08-17,SKU-019,Fashion,18
2024-08-18,SKU-019,Fashion,18
2024-08-19,SKU-019,Fashion,29
2024-08-20,SKU-019,Fashion,36
2024-08-21,SKU-019,Fashion,26
2024-08-22,SKU-019,Fashion,30
2024-08-23,SKU-019,Fashion,23
2024-08-24,SKU-019,Fashion,18
2024-08-25,SKU-019,Fashion,23
2024-08-26,SKU-019,Fashion,19
2024-08-27,SKU-019,Fashion,27
2024-08-28,SKU-019,Fashion,26
2024-08-29,SKU-019,Fashion,36
2024-08-30,SKU-019,Fashion,18
2024-08-31,SKU-019,Fashion,21
2024-09-01,SKU-019,Fashion,23
2024-09-02,SKU-019,Fashion,24
2024-09-03,SKU-019,Fashion,22
2024-09-04,SKU-019,Fashion,31
2024-09-05,SKU-019,Fashion,22
2024-09-06,SKU-019,Fashion,28
2024-09-07,SKU-019,Fashion,18
2024-09-08,SKU-019,Fashion,21
2024-09-09,SKU-019,Fashion,21
2024-09-10,SKU-019,Fashion,27
2024-09-11,SKU-019,Fashion,27
2024-09-12,SKU-019,Fashion,27
2024-09-13,SKU-019,Fashion,19
2024-09-14,SKU-019,Fashion,26
2024-09-15,SKU-019,Fashion,27
2024-09-16,SKU-019,Fashion,25
2024-09-17,SKU-019,Fashion,27
2024-09-18,SKU-019,Fashion,28
2024-09-19,SKU-019,Fashion,21
2024-09-20,SKU-019,Fashion,19
2024-09-21,SKU-019,Fashion,27
2024-09-22,SKU-019,Fashion,18
2024-09-23,SKU-019,Fashion,26
2024-09-24,SKU-019,Fashion,28
2024-09-25,SKU-019,Fashion,28
2024-09-26,SKU-019,Fashion,32
2024-09-27,SKU-019,Fashion,19
2024-09-28,SKU-019,Fashion,21
2024-09-29,SKU-019,Fashion,23
2024-09-30,SKU-019,Fashion,20
2024-10-01,SKU-019,Fashion,22
2024-10-02,SKU-019,Fashion,22
2024-10-03,SKU-019,Fashion,21
2024-10-04,SKU-019,Fashion,28
2024-10-05,SKU-019,Fashion,29
2024-10-06,SKU-019,Fashion,19
2024-10-07,SKU-019,Fashion,22
2024-10-08,SKU-019,Fashion,23
2024-10-09,SKU-019,Fashion,28
2024-10-10,SKU-019,Fashion,27
2024-10-11,SKU-019,Fashion,20
2024-10-12,SKU-019,Fashion,27
2024-10-13,SKU-019,Fashion,19
2024-10-14,SKU-019,Fashion,21
2024-10-15,SKU-019,Fashion,24
2024-10-16,SKU-019,Fashion,33
2024-10-17,SKU-019,Fashion,28
2024-10-18,SKU-019,Fashion,25
2024-10-19,SKU-019,Fashion,20
2024-10-20,SKU-019,Fashion,28
2024-10-21,SKU-019,Fashion,26
2024-10-22,SKU-019,Fashion,34
2024-10-23,SKU-019,Fashion,24
2024-10-24,SKU-019,Fashion,22
2024-10-25,SKU-019,Fashion,25
2024-10-26,SKU-019,Fashion,30
2024-10-27,SKU-019,Fashion,19
2024-10-28,SKU-019,Fashion,21
2024-10-29,SKU-019,Fashion,24
2024-10-30,SKU-019,Fashion,23
2024-10-31,SKU-019,Fashion,28
2024-11-01,SKU-019,Fashion,25
2024-11-02,SKU-019,Fashion,19
2024-11-03,SKU-019,Fashion,24
2024-11-04,SKU-019,Fashion,26
2024-11-05,SKU-019,Fashion,34
2024-11-06,SKU-019,Fashion,35
2024-11-07,SKU-019,Fashion,34
2024-11-08,SKU-019,Fashion,27
2024-11-09,SKU-019,Fashion,23
2024-11-10,SKU-019,Fashion,29
2024-11-11,SKU-019,Fashion,22
2024-11-12,SKU-019,Fashion,24
2024-11-13,SKU-019,Fashion,31
2024-11-14,SKU-019,Fashion,22
2024-11-15,SKU-019,Fashion,21
2024-11-16,SKU-019,Fashion,25
2024-11-17,SKU-019,Fashion,20
2024-11-18,SKU-019,Fashion,27
2024-11-19,SKU-019,Fashion,25
2024-11-20,SKU-019,Fashion,31
2024-11-21,SKU-019,Fashion,24
2024-11-22,SKU-019,Fashion,26
2024-11-23,SKU-019,Fashion,20
2024-11-24,SKU-019,Fashion,30
2024-11-25,SKU-019,Fashion,28
2024-11-26,SKU-019,Fashion,26
2024-11-27,SKU-019,Fashion,29
2024-11-28,SKU-019,Fashion,35
2024-11-29,SKU-019,Fashion,25
2024-11-30,SKU-019,Fashion,36
2024-12-01,SKU-019,Fashion,25
2024-12-02,SKU-019,Fashion,23
2024-12-03,SKU-019,Fashion,25
2024-12-04,SKU-019,Fashion,25
2024-12-05,SKU-019,Fashion,40
2024-12-06,SKU-019,Fashion,23
2024-12-07,SKU-019,Fashion,21
2024-12-08,SKU-019,Fashion,27
2024-12-09,SKU-019,Fashion,23
2024-12-10,SKU-019,Fashion,38
2024-12-11,SKU-019,Fashion,38
2024-12-12,SKU-019,Fashion,25
2024-12-13,SKU-019,Fashion,27
2024-12-14,SKU-019,Fashion,21
2024-12-15,SKU-019,Fashion,26
2024-12-16,SKU-019,Fashion,24
2024-12-17,SKU-019,Fashion,32
2024-12-18,SKU-019,Fashion,27
2024-12-19,SKU-019,Fashion,32
2024-12-20,SKU-019,Fashion,28
2024-12-21,SKU-019,Fashion,27
2024-12-22,SKU-019,Fashion,23
2024-12-23,SKU-019,Fashion,30
2024-12-24,SKU-019,Fashion,40
2024-12-25,SKU-019,Fashion,33
2024-12-26,SKU-019,Fashion,26
2024-12-27,SKU-019,Fashion,32
2024-12-28,SKU-019,Fashion,27
2024-12-29,SKU-019,Fashion,32
2023-01-02,SKU-020,Home,4
2023-01-03,SKU-020,Home,4
2023-01-04,SKU-020,Home,5
2023-01-05,SKU-020,Home,5
2023-01-06,SKU-020,Home,5
2023-01-07,SKU-020,Home,3
2023-01-08,SKU-020,Home,4
2023-01-09,SKU-020,Home,5
2023-01-10,SKU-020,Home,4
2023-01-11,SKU-020,Home,5
2023-01-12,SKU-020,Home,4
2023-01-13,SKU-020,Home,5
2023-01-14,SKU-020,Home,5
2023-01-15,SKU-020,Home,4
2023-01-16,SKU-020,Home,6
2023-01-17,SKU-020,Home,6
2023-01-18,SKU-020,Home,7
2023-01-19,SKU-020,Home,6
2023-01-20,SKU-020,Home,4
2023-01-21,SKU-020,Home,4
2023-01-22,SKU-020,Home,6
2023-01-23,SKU-020,Home,6
2023-01-24,SKU-020,Home,6
2023-01-25,SKU-020,Home,5
2023-01-26,SKU-020,Home,7
2023-01-27,SKU-020,Home,4
2023-01-28,SKU-020,Home,7
2023-01-29,SKU-020,Home,4
2023-01-30,SKU-020,Home,5
2023-01-31,SKU-020,Home,6
2023-02-01,SKU-020,Home,5
2023-02-02,SKU-020,Home,7
2023-02-03,SKU-020,Home,9
2023-02-04,SKU-020,Home,6
2023-02-05,SKU-020,Home,7
2023-02-06,SKU-020,Home,5
2023-02-07,SKU-020,Home,5
2023-02-08,SKU-020,Home,8
2023-02-09,SKU-020,Home,5
2023-02-10,SKU-020,Home,5
2023-02-11,SKU-020,Home,5
2023-02-12,SKU-020,Home,5
2023-02-13,SKU-020,Home,5
2023-02-14,SKU-020,Home,6
2023-02-15,SKU-020,Home,5
2023-02-16,SKU-020,Home,5
2023-02-17,SKU-020,Home,5
2023-02-18,SKU-020,Home,6
2023-02-19,SKU-020,Home,5
2023-02-20,SKU-020,Home,5
2023-02-21,SKU-020,Home,7
2023-02-22,SKU-020,Home,6
2023-02-23,SKU-020,Home,6
2023-02-24,SKU-020,Home,5
2023-02-25,SKU-020,Home,6
2023-02-26,SKU-020,Home,6
2023-02-27,SKU-020,Home,7
2023-02-28,SKU-020,Home,6
2023-03-01,SKU-020,Home,8
2023-03-02,SKU-020,Home,6
2023-03-03,SKU-020,Home,6
2023-03-04,SKU-020,Home,5
2023-03-05,SKU-020,Home,5
2023-03-06,SKU-020,Home,7
2023-03-07,SKU-020,Home,8
2023-03-08,SKU-020,Home,8
2023-03-09,SKU-020,Home,6
2023-03-10,SKU-020,Home,6
2023-03-11,SKU-020,Home,5
2023-03-12,SKU-020,Home,6
2023-03-13,SKU-020,Home,10
2023-03-14,SKU-020,Home,7
2023-03-15,SKU-020,Home,8
2023-03-16,SKU-020,Home,6
2023-03-17,SKU-020,Home,7
2023-03-18,SKU-020,Home,6
2023-03-19,SKU-020,Home,6
2023-03-20,SKU-020,Home,8
2023-03-21,SKU-020,Home,7
2023-03-22,SKU-020,Home,9
2023-03-23,SKU-020,Home,7
2023-03-24,SKU-020,Home,7
2023-03-25,SKU-020,Home,6
2023-03-26,SKU-020,Home,6
2023-03-27,SKU-020,Home,8
2023-03-28,SKU-020,Home,7
2023-03-29,SKU-020,Home,10
2023-03-30,SKU-020,Home,15
2023-03-31,SKU-020,Home,7
2023-04-01,SKU-020,Home,6
2023-04-02,SKU-020,Home,8
2023-04-03,SKU-020,Home,12
2023-04-04,SKU-020,Home,8
2023-04-05,SKU-020,Home,10
2023-04-06,SKU-020,Home,12
2023-04-07,SKU-020,Home,8
2023-04-08,SKU-020,Home,7
2023-04-09,SKU-020,Home,7
2023-04-10,SKU-020,Home,7
2023-04-11,SKU-020,Home,8
2023-04-12,SKU-020,Home,8
2023-04-13,SKU-020,Home,8
2023-04-14,SKU-020,Home,7
2023-04-15,SKU-020,Home,6
2023-04-16,SKU-020,Home,8
2023-04-17,SKU-020,Home,11
2023-04-18,SKU-020,Home,10
2023-04-19,SKU-020,Home,9
2023-04-20,SKU-020,Home,12
2023-04-21,SKU-020,Home,9
2023-04-22,SKU-020,Home,8
2023-04-23,SKU-020,Home,8
2023-04-24,SKU-020,Home,9
2023-04-25,SKU-020,Home,11
2023-04-26,SKU-020,Home,12
2023-04-27,SKU-020,Home,8
2023-04-28,SKU-020,Home,10
2023-04-29,SKU-020,Home,7
2023-04-30,SKU-020,Home,7
2023-05-01,SKU-020,Home,8
2023-05-02,SKU-020,Home,11
2023-05-03,SKU-020,Home,9
2023-05-04,SKU-020,Home,10
2023-05-05,SKU-020,Home,11
2023-05-06,SKU-020,Home,7
2023-05-07,SKU-020,Home,8
2023-05-08,SKU-020,Home,12
2023-05-09,SKU-020,Home,13
2023-05-10,SKU-020,Home,9
2023-05-11,SKU-020,Home,11
2023-05-12,SKU-020,Home,8
2023-05-13,SKU-020,Home,7
2023-05-14,SKU-020,Home,8
2023-05-15,SKU-020,Home,8
2023-05-16,SKU-020,Home,9
2023-05-17,SKU-020,Home,12
2023-05-18,SKU-020,Home,13
2023-05-19,SKU-020,Home,13
2023-05-20,SKU-020,Home,9
2023-05-21,SKU-020,Home,10
2023-05-22,SKU-020,Home,9
2023-05-23,SKU-020,Home,11
2023-05-24,SKU-020,Home,10
2023-05-25,SKU-020,Home,16
2023-05-26,SKU-020,Home,8
2023-05-27,SKU-020,Home,10
2023-05-28,SKU-020,Home,10
2023-05-29,SKU-020,Home,11
2023-05-30,SKU-020,Home,10
2023-05-31,SKU-020,Home,10
2023-06-01,SKU-020,Home,9
2023-06-02,SKU-020,Home,8
2023-06-03,SKU-020,Home,15
2023-06-04,SKU-020,Home,8
2023-06-05,SKU-020,Home,11
2023-06-06,SKU-020,Home,10
2023-06-07,SKU-020,Home,12
2023-06-08,SKU-020,Home,9
2023-06-09,SKU-020,Home,10
2023-06-10,SKU-020,Home,8
2023-06-11,SKU-020,Home,9
2023-06-12,SKU-020,Home,9
2023-06-13,SKU-020,Home,12
2023-06-14,SKU-020,Home,13
2023-06-15,SKU-020,Home,10
2023-06-16,SKU-020,Home,11
2023-06-17,SKU-020,Home,10
2023-06-18,SKU-020,Home,12
2023-06-19,SKU-020,Home,11
2023-06-20,SKU-020,Home,13
2023-06-21,SKU-020,Home,16
2023-06-22,SKU-020,Home,10
2023-06-23,SKU-020,Home,14
2023-06-24,SKU-020,Home,8
2023-06-25,SKU-020,Home,11
2023-06-26,SKU-020,Home,14
2023-06-27,SKU-020,Home,15
2023-06-28,SKU-020,Home,14
2023-06-29,SKU-020,Home,10
2023-06-30,SKU-020,Home,10
2023-07-01,SKU-020,Home,10
2023-07-02,SKU-020,Home,13
2023-07-03,SKU-020,Home,10
2023-07-04,SKU-020,Home,11
2023-07-05,SKU-020,Home,11
2023-07-06,SKU-020,Home,10
2023-07-07,SKU-020,Home,9
2023-07-08,SKU-020,Home,11
2023-07-09,SKU-020,Home,13
2023-07-10,SKU-020,Home,12
2023-07-11,SKU-020,Home,16
2023-07-12,SKU-020,Home,19
2023-07-13,SKU-020,Home,10
2023-07-14,SKU-020,Home,12
2023-07-15,SKU-020,Home,9
2023-07-16,SKU-020,Home,11
2023-07-17,SKU-020,Home,10
2023-07-18,SKU-020,Home,14
2023-07-19,SKU-020,Home,12
2023-07-20,SKU-020,Home,13
2023-07-21,SKU-020,Home,12
2023-07-22,SKU-020,Home,11
2023-07-23,SKU-020,Home,9
2023-07-24,SKU-020,Home,15
2023-07-25,SKU-020,Home,14
2023-07-26,SKU-020,Home,14
2023-07-27,SKU-020,Home,14
2023-07-28,SKU-020,Home,10
2023-07-29,SKU-020,Home,11
2023-07-30,SKU-020,Home,11
2023-07-31,SKU-020,Home,18
2023-08-01,SKU-020,Home,14
2023-08-02,SKU-020,Home,12
2023-08-03,SKU-020,Home,13
2023-08-04,SKU-020,Home,10
2023-08-05,SKU-020,Home,9
2023-08-06,SKU-020,Home,12
2023-08-07,SKU-020,Home,13
2023-08-08,SKU-020,Home,12
2023-08-09,SKU-020,Home,14
2023-08-10,SKU-020,Home,11
2023-08-11,SKU-020,Home,10
2023-08-12,SKU-020,Home,12
2023-08-13,SKU-020,Home,12
2023-08-14,SKU-020,Home,11
2023-08-15,SKU-020,Home,12
2023-08-16,SKU-020,Home,13
2023-08-17,SKU-020,Home,11
2023-08-18,SKU-020,Home,11
2023-08-19,SKU-020,Home,12
2023-08-20,SKU-020,Home,16
2023-08-21,SKU-020,Home,11
2023-08-22,SKU-020,Home,15
2023-08-23,SKU-020,Home,12
2023-08-24,SKU-020,Home,12
2023-08-25,SKU-020,Home,10
2023-08-26,SKU-020,Home,12
2023-08-27,SKU-020,Home,10
2023-08-28,SKU-020,Home,16
2023-08-29,SKU-020,Home,15
2023-08-30,SKU-020,Home,12
2023-08-31,SKU-020,Home,15
2023-09-01,SKU-020,Home,11
2023-09-02,SKU-020,Home,10
2023-09-03,SKU-020,Home,12
2023-09-04,SKU-020,Home,11
2023-09-05,SKU-020,Home,18
2023-09-06,SKU-020,Home,16
2023-09-07,SKU-020,Home,12
2023-09-08,SKU-020,Home,14
2023-09-09,SKU-020,Home,10
2023-09-10,SKU-020,Home,10
2023-09-11,SKU-020,Home,14
2023-09-12,SKU-020,Home,15
2023-09-13,SKU-020,Home,13
2023-09-14,SKU-020,Home,14
2023-09-15,SKU-020,Home,13
2023-09-16,SKU-020,Home,10
2023-09-17,SKU-020,Home,15
2023-09-18,SKU-020,Home,17
2023-09-19,SKU-020,Home,12
2023-09-20,SKU-020,Home,16
2023-09-21,SKU-020,Home,18
2023-09-22,SKU-020,Home,14
2023-09-23,SKU-020,Home,11
2023-09-24,SKU-020,Home,11
2023-09-25,SKU-020,Home,17
2023-09-26,SKU-020,Home,16
2023-09-27,SKU-020,Home,21
2023-09-28,SKU-020,Home,18
2023-09-29,SKU-020,Home,14
2023-09-30,SKU-020,Home,10
2023-10-01,SKU-020,Home,11
2023-10-02,SKU-020,Home,16
2023-10-03,SKU-020,Home,17
2023-10-04,SKU-020,Home,14
2023-10-05,SKU-020,Home,19
2023-10-06,SKU-020,Home,13
2023-10-07,SKU-020,Home,11
2023-10-08,SKU-020,Home,14
2023-10-09,SKU-020,Home,18
2023-10-10,SKU-020,Home,14
2023-10-11,SKU-020,Home,19
2023-10-12,SKU-020,Home,17
2023-10-13,SKU-020,Home,12
2023-10-14,SKU-020,Home,14
2023-10-15,SKU-020,Home,14
2023-10-16,SKU-020,Home,12
2023-10-17,SKU-020,Home,22
2023-10-18,SKU-020,Home,14
2023-10-19,SKU-020,Home,17
2023-10-20,SKU-020,Home,12
2023-10-21,SKU-020,Home,12
2023-10-22,SKU-020,Home,12
2023-10-23,SKU-020,Home,13
2023-10-24,SKU-020,Home,17
2023-10-25,SKU-020,Home,18
2023-10-26,SKU-020,Home,16
2023-10-27,SKU-020,Home,15
2023-10-28,SKU-020,Home,12
2023-10-29,SKU-020,Home,12
2023-10-30,SKU-020,Home,19
2023-10-31,SKU-020,Home,14
2023-11-01,SKU-020,Home,18
2023-11-02,SKU-020,Home,14
2023-11-03,SKU-020,Home,12
2023-11-04,SKU-020,Home,11
2023-11-05,SKU-020,Home,15
2023-11-06,SKU-020,Home,16
2023-11-07,SKU-020,Home,21
2023-11-08,SKU-020,Home,19
2023-11-09,SKU-020,Home,17
2023-11-10,SKU-020,Home,12
2023-11-11,SKU-020,Home,11
2023-11-12,SKU-020,Home,15
2023-11-13,SKU-020,Home,14
2023-11-14,SKU-020,Home,15
2023-11-15,SKU-020,Home,19
2023-11-16,SKU-020,Home,18
2023-11-17,SKU-020,Home,19
2023-11-18,SKU-020,Home,21
2023-11-19,SKU-020,Home,12
2023-11-20,SKU-020,Home,14
2023-11-21,SKU-020,Home,26
2023-11-22,SKU-020,Home,20
2023-11-23,SKU-020,Home,19
2023-11-24,SKU-020,Home,17
2023-11-25,SKU-020,Home,12
2023-11-26,SKU-020,Home,13
2023-11-27,SKU-020,Home,14
2023-11-28,SKU-020,Home,23
2023-11-29,SKU-020,Home,25
2023-11-30,SKU-020,Home,15
2023-12-01,SKU-020,Home,14
2023-12-02,SKU-020,Home,16
2023-12-03,SKU-020,Home,23
2023-12-04,SKU-020,Home,15
2023-12-05,SKU-020,Home,17
2023-12-06,SKU-020,Home,27
2023-12-07,SKU-020,Home,24
2023-12-08,SKU-020,Home,21
2023-12-09,SKU-020,Home,23
2023-12-10,SKU-020,Home,16
2023-12-11,SKU-020,Home,15
2023-12-12,SKU-020,Home,25
2023-12-13,SKU-020,Home,20
2023-12-14,SKU-020,Home,15
2023-12-15,SKU-020,Home,14
2023-12-16,SKU-020,Home,17
2023-12-17,SKU-020,Home,14
2023-12-18,SKU-020,Home,26
2023-12-19,SKU-020,Home,17
2023-12-20,SKU-020,Home,25
2023-12-21,SKU-020,Home,17
2023-12-22,SKU-020,Home,15
2023-12-23,SKU-020,Home,14
2023-12-24,SKU-020,Home,17
2023-12-25,SKU-020,Home,19
2023-12-26,SKU-020,Home,26
2023-12-27,SKU-020,Home,22
2023-12-28,SKU-020,Home,16
2023-12-29,SKU-020,Home,30
2023-12-30,SKU-020,Home,14
2023-12-31,SKU-020,Home,18
2024-01-01,SKU-020,Home,16
2024-01-02,SKU-020,Home,17
2024-01-03,SKU-020,Home,22
2024-01-04,SKU-020,Home,17
2024-01-05,SKU-020,Home,18
2024-01-06,SKU-020,Home,14
2024-01-07,SKU-020,Home,18
2024-01-08,SKU-020,Home,24
2024-01-09,SKU-020,Home,32
2024-01-10,SKU-020,Home,27
2024-01-11,SKU-020,Home,25
2024-01-12,SKU-020,Home,16
2024-01-13,SKU-020,Home,21
2024-01-14,SKU-020,Home,15
2024-01-15,SKU-020,Home,17
2024-01-16,SKU-020,Home,24
2024-01-17,SKU-020,Home,19
2024-01-18,SKU-020,Home,26
2024-01-19,SKU-020,Home,16
2024-01-20,SKU-020,Home,19
2024-01-21,SKU-020,Home,16
2024-01-22,SKU-020,Home,21
2024-01-23,SKU-020,Home,28
2024-01-24,SKU-020,Home,20
2024-01-25,SKU-020,Home,19
2024-01-26,SKU-020,Home,24
2024-01-27,SKU-020,Home,23
2024-01-28,SKU-020,Home,20
2024-01-29,SKU-020,Home,17
2024-01-30,SKU-020,Home,24
2024-01-31,SKU-020,Home,30
2024-02-01,SKU-020,Home,19
2024-02-02,SKU-020,Home,24
2024-02-03,SKU-020,Home,23
2024-02-04,SKU-020,Home,16
2024-02-05,SKU-020,Home,18
2024-02-06,SKU-020,Home,19
2024-02-07,SKU-020,Home,30
2024-02-08,SKU-020,Home,19
2024-02-09,SKU-020,Home,21
2024-02-10,SKU-020,Home,16
2024-02-11,SKU-020,Home,16
2024-02-12,SKU-020,Home,19
2024-02-13,SKU-020,Home,20
2024-02-14,SKU-020,Home,25
2024-02-15,SKU-020,Home,24
2024-02-16,SKU-020,Home,17
2024-02-17,SKU-020,Home,16
2024-02-18,SKU-020,Home,17
2024-02-19,SKU-020,Home,23
2024-02-20,SKU-020,Home,21
2024-02-21,SKU-020,Home,25
2024-02-22,SKU-020,Home,20
2024-02-23,SKU-020,Home,22
2024-02-24,SKU-020,Home,18
2024-02-25,SKU-020,Home,17
2024-02-26,SKU-020,Home,23
2024-02-27,SKU-020,Home,31
2024-02-28,SKU-020,Home,27
2024-02-29,SKU-020,Home,24
2024-03-01,SKU-020,Home,23
2024-03-02,SKU-020,Home,21
2024-03-03,SKU-020,Home,26
2024-03-04,SKU-020,Home,24
2024-03-05,SKU-020,Home,21
2024-03-06,SKU-020,Home,31
2024-03-07,SKU-020,Home,30
2024-03-08,SKU-020,Home,27
2024-03-09,SKU-020,Home,25
2024-03-10,SKU-020,Home,17
2024-03-11,SKU-020,Home,20
2024-03-12,SKU-020,Home,22
2024-03-13,SKU-020,Home,22
2024-03-14,SKU-020,Home,25
2024-03-15,SKU-020,Home,23
2024-03-16,SKU-020,Home,22
2024-03-17,SKU-020,Home,17
2024-03-18,SKU-020,Home,19
2024-03-19,SKU-020,Home,22
2024-03-20,SKU-020,Home,23
2024-03-21,SKU-020,Home,26
2024-03-22,SKU-020,Home,23
2024-03-23,SKU-020,Home,18
2024-03-24,SKU-020,Home,18
2024-03-25,SKU-020,Home,19
2024-03-26,SKU-020,Home,28
2024-03-27,SKU-020,Home,33
2024-03-28,SKU-020,Home,31
2024-03-29,SKU-020,Home,19
2024-03-30,SKU-020,Home,17
2024-03-31,SKU-020,Home,19
2024-04-01,SKU-020,Home,21
2024-04-02,SKU-020,Home,22
2024-04-03,SKU-020,Home,23
2024-04-04,SKU-020,Home,21
2024-04-05,SKU-020,Home,28
2024-04-06,SKU-020,Home,22
2024-04-07,SKU-020,Home,23
2024-04-08,SKU-020,Home,25
2024-04-09,SKU-020,Home,28
2024-04-10,SKU-020,Home,28
2024-04-11,SKU-020,Home,31
2024-04-12,SKU-020,Home,20
2024-04-13,SKU-020,Home,28
2024-04-14,SKU-020,Home,19
2024-04-15,SKU-020,Home,25
2024-04-16,SKU-020,Home,29
2024-04-17,SKU-020,Home,22
2024-04-18,SKU-020,Home,27
2024-04-19,SKU-020,Home,24
2024-04-20,SKU-020,Home,18
2024-04-21,SKU-020,Home,32
2024-04-22,SKU-020,Home,21
2024-04-23,SKU-020,Home,28
2024-04-24,SKU-020,Home,24
2024-04-25,SKU-020,Home,22
2024-04-26,SKU-020,Home,34
2024-04-27,SKU-020,Home,23
2024-04-28,SKU-020,Home,20
2024-04-29,SKU-020,Home,21
2024-04-30,SKU-020,Home,24
2024-05-01,SKU-020,Home,24
2024-05-02,SKU-020,Home,23
2024-05-03,SKU-020,Home,26
2024-05-04,SKU-020,Home,23
2024-05-05,SKU-020,Home,24
2024-05-06,SKU-020,Home,27
2024-05-07,SKU-020,Home,23
2024-05-08,SKU-020,Home,22
2024-05-09,SKU-020,Home,22
2024-05-10,SKU-020,Home,20
2024-05-11,SKU-020,Home,22
2024-05-12,SKU-020,Home,30
2024-05-13,SKU-020,Home,21
2024-05-14,SKU-020,Home,29
2024-05-15,SKU-020,Home,24
2024-05-16,SKU-020,Home,27
2024-05-17,SKU-020,Home,20
2024-05-18,SKU-020,Home,23
2024-05-19,SKU-020,Home,20
2024-05-20,SKU-020,Home,32
2024-05-21,SKU-020,Home,34
2024-05-22,SKU-020,Home,29
2024-05-23,SKU-020,Home,29
2024-05-24,SKU-020,Home,26
2024-05-25,SKU-020,Home,20
2024-05-26,SKU-020,Home,39
2024-05-27,SKU-020,Home,27
2024-05-28,SKU-020,Home,23
2024-05-29,SKU-020,Home,24
2024-05-30,SKU-020,Home,33
2024-05-31,SKU-020,Home,20
2024-06-01,SKU-020,Home,29
2024-06-02,SKU-020,Home,24
2024-06-03,SKU-020,Home,23
2024-06-04,SKU-020,Home,36
2024-06-05,SKU-020,Home,25
2024-06-06,SKU-020,Home,29
2024-06-07,SKU-020,Home,30
2024-06-08,SKU-020,Home,25
2024-06-09,SKU-020,Home,25
2024-06-10,SKU-020,Home,27
2024-06-11,SKU-020,Home,29
2024-06-12,SKU-020,Home,30
2024-06-13,SKU-020,Home,34
2024-06-14,SKU-020,Home,26
2024-06-15,SKU-020,Home,24
2024-06-16,SKU-020,Home,20
2024-06-17,SKU-020,Home,26
2024-06-18,SKU-020,Home,42
2024-06-19,SKU-020,Home,36
2024-06-20,SKU-020,Home,34
2024-06-21,SKU-020,Home,27
2024-06-22,SKU-020,Home,33
2024-06-23,SKU-020,Home,20
2024-06-24,SKU-020,Home,22
2024-06-25,SKU-020,Home,25
2024-06-26,SKU-020,Home,26
2024-06-27,SKU-020,Home,24
2024-06-28,SKU-020,Home,22
2024-06-29,SKU-020,Home,24
2024-06-30,SKU-020,Home,21
2024-07-01,SKU-020,Home,23
2024-07-02,SKU-020,Home,25
2024-07-03,SKU-020,Home,31
2024-07-04,SKU-020,Home,34
2024-07-05,SKU-020,Home,27
2024-07-06,SKU-020,Home,34
2024-07-07,SKU-020,Home,26
2024-07-08,SKU-020,Home,28
2024-07-09,SKU-020,Home,29
2024-07-10,SKU-020,Home,30
2024-07-11,SKU-020,Home,29
2024-07-12,SKU-020,Home,26
2024-07-13,SKU-020,Home,19
2024-07-14,SKU-020,Home,26
2024-07-15,SKU-020,Home,22
2024-07-16,SKU-020,Home,25
2024-07-17,SKU-020,Home,25
2024-07-18,SKU-020,Home,29
2024-07-19,SKU-020,Home,22
2024-07-20,SKU-020,Home,19
2024-07-21,SKU-020,Home,25
2024-07-22,SKU-020,Home,23
2024-07-23,SKU-020,Home,30
2024-07-24,SKU-020,Home,30
2024-07-25,SKU-020,Home,35
2024-07-26,SKU-020,Home,22
2024-07-27,SKU-020,Home,20
2024-07-28,SKU-020,Home,26
2024-07-29,SKU-020,Home,23
2024-07-30,SKU-020,Home,24
2024-07-31,SKU-020,Home,30
2024-08-01,SKU-020,Home,30
2024-08-02,SKU-020,Home,27
2024-08-03,SKU-020,Home,29
2024-08-04,SKU-020,Home,25
2024-08-05,SKU-020,Home,22
2024-08-06,SKU-020,Home,36
2024-08-07,SKU-020,Home,25
2024-08-08,SKU-020,Home,33
2024-08-09,SKU-020,Home,22
2024-08-10,SKU-020,Home,35
2024-08-11,SKU-020,Home,34
2024-08-12,SKU-020,Home,23
2024-08-13,SKU-020,Home,24
2024-08-14,SKU-020,Home,25
2024-08-15,SKU-020,Home,24
2024-08-16,SKU-020,Home,21
2024-08-17,SKU-020,Home,21
2024-08-18,SKU-020,Home,21
2024-08-19,SKU-020,Home,33
2024-08-20,SKU-020,Home,42
2024-08-21,SKU-020,Home,32
2024-08-22,SKU-020,Home,34
2024-08-23,SKU-020,Home,26
2024-08-24,SKU-020,Home,21
2024-08-25,SKU-020,Home,26
2024-08-26,SKU-020,Home,23
2024-08-27,SKU-020,Home,33
2024-08-28,SKU-020,Home,32
2024-08-29,SKU-020,Home,41
2024-08-30,SKU-020,Home,22
2024-08-31,SKU-020,Home,25
2024-09-01,SKU-020,Home,27
2024-09-02,SKU-020,Home,29
2024-09-03,SKU-020,Home,26
2024-09-04,SKU-020,Home,39
2024-09-05,SKU-020,Home,24
2024-09-06,SKU-020,Home,32
2024-09-07,SKU-020,Home,20
2024-09-08,SKU-020,Home,25
2024-09-09,SKU-020,Home,23
2024-09-10,SKU-020,Home,32
2024-09-11,SKU-020,Home,32
2024-09-12,SKU-020,Home,30
2024-09-13,SKU-020,Home,22
2024-09-14,SKU-020,Home,31
2024-09-15,SKU-020,Home,31
2024-09-16,SKU-020,Home,28
2024-09-17,SKU-020,Home,32
2024-09-18,SKU-020,Home,33
2024-09-19,SKU-020,Home,25
2024-09-20,SKU-020,Home,22
2024-09-21,SKU-020,Home,30
2024-09-22,SKU-020,Home,22
2024-09-23,SKU-020,Home,29
2024-09-24,SKU-020,Home,32
2024-09-25,SKU-020,Home,34
2024-09-26,SKU-020,Home,36
2024-09-27,SKU-020,Home,24
2024-09-28,SKU-020,Home,26
2024-09-29,SKU-020,Home,26
2024-09-30,SKU-020,Home,24
2024-10-01,SKU-020,Home,27
2024-10-02,SKU-020,Home,27
2024-10-03,SKU-020,Home,24
2024-10-04,SKU-020,Home,33
2024-10-05,SKU-020,Home,35
2024-10-06,SKU-020,Home,22
2024-10-07,SKU-020,Home,25
2024-10-08,SKU-020,Home,26
2024-10-09,SKU-020,Home,33
2024-10-10,SKU-020,Home,32
2024-10-11,SKU-020,Home,23
2024-10-12,SKU-020,Home,31
2024-10-13,SKU-020,Home,21
2024-10-14,SKU-020,Home,25
2024-10-15,SKU-020,Home,27
2024-10-16,SKU-020,Home,40
2024-10-17,SKU-020,Home,32
2024-10-18,SKU-020,Home,30
2024-10-19,SKU-020,Home,21
2024-10-20,SKU-020,Home,31
2024-10-21,SKU-020,Home,31
2024-10-22,SKU-020,Home,40
2024-10-23,SKU-020,Home,27
2024-10-24,SKU-020,Home,26
2024-10-25,SKU-020,Home,30
2024-10-26,SKU-020,Home,35
2024-10-27,SKU-020,Home,22
2024-10-28,SKU-020,Home,26
2024-10-29,SKU-020,Home,28
2024-10-30,SKU-020,Home,28
2024-10-31,SKU-020,Home,33
2024-11-01,SKU-020,Home,29
2024-11-02,SKU-020,Home,23
2024-11-03,SKU-020,Home,29
2024-11-04,SKU-020,Home,31
2024-11-05,SKU-020,Home,40
2024-11-06,SKU-020,Home,42
2024-11-07,SKU-020,Home,39
2024-11-08,SKU-020,Home,30
2024-11-09,SKU-020,Home,27
2024-11-10,SKU-020,Home,33
2024-11-11,SKU-020,Home,25
2024-11-12,SKU-020,Home,27
2024-11-13,SKU-020,Home,35
2024-11-14,SKU-020,Home,27
2024-11-15,SKU-020,Home,25
2024-11-16,SKU-020,Home,29
2024-11-17,SKU-020,Home,23
2024-11-18,SKU-020,Home,33
2024-11-19,SKU-020,Home,29
2024-11-20,SKU-020,Home,36
2024-11-21,SKU-020,Home,28
2024-11-22,SKU-020,Home,31
2024-11-23,SKU-020,Home,24
2024-11-24,SKU-020,Home,36
2024-11-25,SKU-020,Home,33
2024-11-26,SKU-020,Home,29
2024-11-27,SKU-020,Home,37
2024-11-28,SKU-020,Home,42
2024-11-29,SKU-020,Home,31
2024-11-30,SKU-020,Home,40
2024-12-01,SKU-020,Home,30
2024-12-02,SKU-020,Home,27
2024-12-03,SKU-020,Home,30
2024-12-04,SKU-020,Home,30
2024-12-05,SKU-020,Home,46
2024-12-06,SKU-020,Home,26
2024-12-07,SKU-020,Home,23
2024-12-08,SKU-020,Home,29
2024-12-09,SKU-020,Home,26
2024-12-10,SKU-020,Home,44
2024-12-11,SKU-020,Home,46
2024-12-12,SKU-020,Home,29
2024-12-13,SKU-020,Home,32
2024-12-14,SKU-020,Home,25
2024-12-15,SKU-020,Home,30
2024-12-16,SKU-020,Home,28
2024-12-17,SKU-020,Home,37
2024-12-18,SKU-020,Home,32
2024-12-19,SKU-020,Home,36
2024-12-20,SKU-020,Home,32
2024-12-21,SKU-020,Home,31
2024-12-22,SKU-020,Home,26
2024-12-23,SKU-020,Home,35
2024-12-24,SKU-020,Home,44
2024-12-25,SKU-020,Home,37
2024-12-26,SKU-020,Home,29
2024-12-27,SKU-020,Home,40
2024-12-28,SKU-020,Home,30
2024-12-29,SKU-020,Home,37
